UDI,Type,Air_temperature[K],Process_temperature[K],Rotational_speed[rpm],Torque[Nm],Tool_wear[min],Machine_failure,Power[W],strain,Temperature_difference
1,L,297.9,307.1,1525.0,20.3,238,0,3241.86,4831.400000000001,9.200000000000045
2,H,298.6,307.8,1384.0,32.3,249,0,4681.31,8042.699999999999,9.199999999999989
3,M,305.0,314.1,1958.0,36.3,67,0,7443.0,2432.1,9.100000000000023
4,L,300.3,309.7,1046.5,46.8,248,1,5128.78,11606.4,9.399999999999977
5,L,300.7,311.6,1863.0,38.6,133,0,7530.59,5133.8,10.900000000000034
6,L,297.6,309.4,1705.0,50.5,121,0,9016.63,6110.5,11.799999999999955
7,L,296.3,305.0,1404.0,45.9,210,0,6748.52,9639.0,8.699999999999989
8,M,298.4,309.6,1873.0,45.0,59,0,8826.3,2655.0,11.200000000000045
9,M,302.9,312.4,1292.0,49.7,218,0,6724.31,10834.6,9.5
10,M,300.7,311.0,1718.0,26.1,243,0,4695.61,6342.3,10.300000000000011
11,L,301.2,309.5,1165.0,34.6,92,1,4221.15,3183.2000000000003,8.300000000000011
12,H,301.5,312.0,1332.0,63.8,117,0,8899.25,7464.599999999999,10.5
13,M,298.8,306.8,1332.0,20.9,139,1,2915.27,2905.1,8.0
14,L,302.8,313.1,1403.0,36.9,165,0,5421.42,6088.5,10.300000000000011
15,L,298.7,309.0,1540.0,44.6,140,0,7192.57,6244.0,10.300000000000011
16,L,302.8,313.0,1390.0,21.2,27,0,3085.88,572.4,10.199999999999989
17,L,300.9,310.1,1173.0,32.4,4,0,3979.9,129.6,9.200000000000045
18,L,296.4,307.0,1620.0,59.8,173,0,10144.83,10345.4,10.600000000000023
19,L,298.5,308.9,1546.0,41.6,45,0,6734.9,1872.0,10.399999999999977
20,L,296.4,306.2,1611.0,34.2,80,0,5769.66,2736.0,9.800000000000011
21,M,302.3,313.0,1568.0,42.0,154,0,6896.42,6468.0,10.699999999999989
22,L,300.0,309.9,1708.0,34.2,153,0,6117.06,5232.6,9.899999999999977
23,L,295.5,306.1,1524.0,57.0,245,1,9096.8,13965.0,10.600000000000023
24,L,300.8,310.6,1719.0,30.0,61,0,5400.4,1830.0,9.800000000000011
25,L,298.9,309.1,1399.0,34.7,195,0,5083.65,6766.500000000001,10.200000000000045
26,M,297.0,307.6,1409.0,25.0,71,0,3688.75,1775.0,10.600000000000023
27,L,303.4,313.0,1784.0,37.0,89,0,6912.34,3293.0,9.600000000000023
28,L,300.2,309.0,1780.0,38.2,96,0,7120.52,3667.2000000000003,8.800000000000011
29,L,299.4,309.7,1640.0,51.8,127,0,8896.15,6578.599999999999,10.300000000000011
30,L,299.2,310.4,1378.0,29.8,139,0,4300.25,4142.2,11.199999999999989
31,M,297.0,307.3,1364.0,44.7,204,0,6384.85,9118.800000000001,10.300000000000011
32,L,297.4,307.7,1775.0,40.8,212,0,7583.8,8649.599999999999,10.300000000000011
33,L,302.6,312.5,1765.0,21.1,179,0,3899.92,3776.9,9.899999999999977
34,H,299.1,309.8,1526.0,32.7,164,0,5225.54,5362.8,10.699999999999989
35,H,300.0,309.9,1957.0,32.3,152,0,6619.45,4909.599999999999,9.899999999999977
36,M,295.9,305.5,1620.0,56.7,38,0,9618.93,2154.6,9.600000000000023
37,L,297.4,308.5,1339.0,45.3,194,0,6351.95,8788.199999999999,11.100000000000023
38,L,301.2,310.7,1488.0,41.3,146,0,6435.49,6029.799999999999,9.5
39,M,300.8,311.6,1538.0,13.34999999999999,70,0,2150.14,934.4999999999993,10.800000000000011
40,L,303.5,314.6,1553.0,20.9,208,0,3398.96,4347.2,11.100000000000023
41,L,302.7,313.3,1761.0,47.1,76,0,8685.78,3579.6,10.600000000000023
42,L,299.5,308.3,1366.0,47.7,23,0,6823.35,1097.1000000000001,8.800000000000011
43,L,300.9,311.0,1299.0,32.5,178,0,4421.01,5785.0,10.100000000000023
44,H,299.4,309.2,1645.0,40.2,44,0,6925.01,1768.8000000000002,9.800000000000011
45,L,304.1,313.6,1447.0,39.5,7,0,5985.41,276.5,9.5
46,M,302.3,312.4,1971.0,41.6,199,0,8586.35,8278.4,10.099999999999966
47,L,300.3,311.1,1706.0,36.2,172,0,6467.2,6226.400000000001,10.800000000000011
48,L,300.4,309.9,1443.0,48.0,129,0,7253.31,6192.0,9.5
49,L,302.9,312.7,1755.0,50.9,157,0,9354.56,7991.3,9.800000000000011
50,L,301.2,310.9,1668.0,30.3,66,0,5292.58,1999.8,9.699999999999989
51,H,303.1,314.3,1651.0,28.0,172,0,4840.98,4816.0,11.199999999999989
52,M,295.6,305.4,1516.0,32.0,153,0,5080.16,4896.0,9.799999999999955
53,H,300.9,309.7,1613.0,40.4,16,0,6824.08,646.4,8.800000000000011
54,M,299.0,307.4,1161.0,43.4,37,1,5276.56,1605.8,8.399999999999977
55,L,303.5,313.9,1773.0,47.8,66,0,8874.94,3154.7999999999997,10.399999999999977
56,H,303.1,312.3,1046.5,49.6,56,0,5435.63,2777.6,9.199999999999989
57,L,300.1,310.7,1458.0,43.5,160,0,6641.64,6960.0,10.599999999999966
58,L,303.1,311.7,1252.0,42.2,93,0,5532.81,3924.6000000000004,8.599999999999966
59,L,303.6,313.0,1448.0,56.3,206,1,8537.01,11597.8,9.399999999999977
60,L,300.1,308.8,1524.0,39.9,71,0,6367.76,2832.9,8.699999999999989
61,L,304.9,315.4,1323.0,45.8,93,0,6345.33,4259.4,10.5
62,L,299.9,310.6,1046.5,43.1,63,0,4723.3,2715.3,10.700000000000045
63,M,299.6,309.9,1575.0,38.2,22,0,6300.46,840.4000000000001,10.299999999999955
64,L,301.7,310.6,1911.0,38.2,11,0,7644.56,420.20000000000005,8.900000000000034
65,L,299.3,308.5,1475.0,53.1,102,0,8201.91,5416.2,9.199999999999989
66,L,300.2,310.4,1709.0,39.0,239,0,6979.68,9321.0,10.199999999999989
67,L,302.8,311.1,1807.0,36.4,7,0,6887.92,254.79999999999998,8.300000000000011
68,M,300.0,309.8,1197.0,32.6,200,0,4086.4,6520.0,9.800000000000011
69,L,296.6,308.1,1456.0,44.1,199,0,6724.01,8775.9,11.5
70,H,300.7,310.6,1309.0,34.8,37,0,4770.32,1287.6,9.900000000000034
71,M,298.6,307.1,1393.0,43.2,32,0,6301.78,1382.4,8.5
72,L,301.7,311.1,1842.0,41.7,175,0,8043.67,7297.500000000001,9.400000000000034
73,L,301.4,310.8,1578.0,35.6,96,0,5882.82,3417.6000000000004,9.400000000000034
74,M,302.9,315.1,1679.0,26.0,44,0,4571.44,1144.0,12.200000000000045
75,M,301.8,313.5,1530.0,29.6,74,0,4742.55,2190.4,11.699999999999989
76,M,302.2,312.9,1321.0,31.2,150,0,4316.05,4680.0,10.699999999999989
77,M,298.7,308.3,1659.0,29.9,106,0,5194.53,3169.3999999999996,9.600000000000023
78,L,301.6,312.8,1762.0,44.4,242,0,8192.52,10744.8,11.199999999999989
79,L,303.9,312.8,1594.0,61.1,114,0,10199.01,6965.400000000001,8.900000000000034
80,L,298.6,309.7,1625.0,34.8,42,0,5921.9,1461.6,11.099999999999966
81,M,303.6,314.5,1316.0,36.1,24,0,4974.98,866.4000000000001,10.899999999999977
82,M,298.9,308.7,1664.0,34.1,14,0,5942.05,477.40000000000003,9.800000000000011
83,L,298.3,309.4,1778.0,48.4,9,0,9011.68,435.59999999999997,11.099999999999966
84,L,300.6,310.1,1610.0,44.1,147,0,7435.21,6482.7,9.5
85,L,301.4,310.2,1216.0,39.7,15,0,5055.37,595.5,8.800000000000011
86,L,301.8,312.8,1830.0,27.8,98,0,5327.51,2724.4,11.0
87,M,298.1,308.0,1368.0,30.3,124,0,4340.68,3757.2000000000003,9.899999999999977
88,M,300.9,311.5,1607.0,41.6,97,0,7000.64,4035.2000000000003,10.600000000000023
89,M,298.6,310.4,1708.0,42.1,212,0,7530.06,8925.2,11.799999999999955
90,L,297.0,306.3,1731.0,39.7,56,0,7196.41,2223.2000000000003,9.300000000000011
91,L,298.1,308.0,1215.0,46.5,45,0,5916.4,2092.5,9.899999999999977
92,M,298.5,310.1,1558.0,27.7,110,0,4519.35,3047.0,11.600000000000023
93,M,301.0,311.7,1547.0,42.9,123,0,6949.86,5276.7,10.699999999999989
94,L,302.3,311.6,1795.0,42.4,247,0,7970.01,10472.8,9.300000000000011
95,M,297.1,306.1,1620.0,30.4,231,0,5157.24,7022.4,9.0
96,L,300.7,310.2,1797.0,33.9,128,0,6379.35,4339.2,9.5
97,L,297.6,306.9,1634.0,46.8,24,0,8008.05,1123.1999999999998,9.299999999999955
98,L,301.3,311.5,1524.0,28.6,55,0,4564.36,1573.0,10.199999999999989
99,L,298.8,308.8,1572.0,64.4,45,0,10601.49,2898.0000000000005,10.0
100,L,297.9,308.2,1810.0,45.4,186,0,8605.24,8444.4,10.300000000000011
101,L,301.6,310.8,1305.0,39.3,189,0,5370.71,7427.7,9.199999999999989
102,M,298.8,308.8,1700.0,37.4,205,0,6658.08,7667.0,10.0
103,L,299.4,307.3,1425.0,47.8,188,0,7132.99,8986.4,7.900000000000034
104,L,295.6,305.7,1387.0,35.8,210,0,5199.82,7517.999999999999,10.099999999999966
105,H,301.9,313.1,1721.0,36.2,7,0,6524.06,253.40000000000003,11.200000000000045
106,L,301.6,310.2,1379.0,54.4,40,1,7855.82,2176.0,8.599999999999966
107,L,300.0,310.5,1605.0,35.2,142,0,5916.25,4998.400000000001,10.5
108,M,296.9,306.3,1450.0,41.3,43,0,6271.14,1775.8999999999999,9.400000000000034
109,L,302.4,313.2,1116.0,32.3,81,0,3774.81,2616.2999999999997,10.800000000000011
110,L,298.7,308.8,1623.0,42.5,128,0,7223.31,5440.0,10.100000000000023
111,L,299.1,309.5,1560.0,45.7,110,0,7465.68,5027.0,10.399999999999977
112,L,304.6,314.7,1196.0,56.7,224,1,7101.38,12700.800000000001,10.099999999999966
113,H,298.6,309.9,1412.0,30.6,192,0,4524.65,5875.200000000001,11.299999999999955
114,M,301.5,311.8,1214.0,25.5,116,0,3241.81,2958.0,10.300000000000011
115,M,301.1,310.4,1668.0,37.2,161,0,6497.82,5989.200000000001,9.299999999999955
116,M,300.8,310.9,1786.0,33.8,131,0,6321.6,4427.799999999999,10.099999999999966
117,M,300.6,310.2,1690.0,39.7,80,0,7025.96,3176.0,9.599999999999966
118,L,300.8,310.9,1715.0,45.1,129,0,8099.71,5817.900000000001,10.099999999999966
119,M,300.5,310.1,1445.0,62.5,166,0,9457.5,10375.0,9.600000000000023
120,L,299.9,309.2,1635.0,35.4,248,0,6061.07,8779.199999999999,9.300000000000011
121,M,303.0,313.2,1536.0,17.9,181,0,2879.21,3239.8999999999996,10.199999999999989
122,M,297.4,307.4,1571.0,37.5,137,0,6169.3,5137.5,10.0
123,L,302.0,313.1,1709.0,43.4,41,0,7767.13,1779.3999999999999,11.100000000000023
124,L,301.6,311.2,1748.0,30.2,44,0,5528.11,1328.8,9.599999999999966
125,L,301.4,309.4,1468.0,42.2,100,0,6487.35,4220.0,8.0
126,L,302.2,311.9,1286.0,41.3,153,0,5561.85,6318.9,9.699999999999989
127,M,299.8,308.2,1504.0,42.5,26,0,6693.69,1105.0,8.399999999999977
128,M,296.3,306.7,1498.0,47.8,166,0,7498.4,7934.799999999999,10.399999999999977
129,L,299.9,308.2,1588.0,39.1,152,0,6502.13,5943.2,8.300000000000011
130,L,298.0,307.0,1687.0,45.4,28,0,8020.47,1271.2,9.0
131,L,298.5,308.2,1195.0,22.0,109,0,2753.08,2398.0,9.699999999999989
132,L,297.5,309.1,1417.0,30.3,209,0,4496.15,6332.7,11.600000000000023
133,L,299.0,308.0,1365.0,36.5,21,0,5217.4,766.5,9.0
134,L,298.8,308.8,1761.0,29.9,114,0,5513.9,3408.6,10.0
135,H,295.2,305.8,1500.0,40.0,89,0,6283.19,3560.0,10.600000000000023
136,L,301.4,312.9,1446.0,36.5,187,0,5527.0,6825.5,11.5
137,L,304.4,315.2,1634.0,35.4,89,0,6057.37,3150.6,10.800000000000011
138,M,301.2,312.3,1431.0,48.7,179,0,7297.89,8717.300000000001,11.100000000000023
139,L,299.6,310.5,1535.0,40.7,84,0,6542.31,3418.8,10.899999999999977
140,H,299.9,308.7,1862.0,29.1,148,0,5674.16,4306.8,8.800000000000011
141,H,299.2,309.5,1857.0,33.9,105,0,6592.35,3559.5,10.300000000000011
142,L,300.2,311.0,1465.0,47.4,135,0,7271.84,6399.0,10.800000000000011
143,L,299.9,309.0,1505.0,41.9,116,0,6603.58,4860.4,9.100000000000023
144,L,298.3,307.7,1427.0,51.8,65,0,7740.74,3367.0,9.399999999999977
145,L,303.4,312.6,1193.0,48.3,237,1,6034.15,11447.099999999999,9.200000000000045
146,L,297.0,307.8,1723.0,36.0,225,0,6495.56,8100.0,10.800000000000011
147,M,301.4,311.4,1971.0,54.2,203,0,11187.02,11002.6,10.0
148,L,299.8,309.5,1458.0,55.0,112,0,8397.48,6160.0,9.699999999999989
149,L,303.8,312.5,1391.0,22.1,17,0,3219.2,375.70000000000005,8.699999999999989
150,L,300.7,310.6,1489.0,40.2,80,0,6268.29,3216.0,9.900000000000034
151,H,299.3,308.7,1553.0,34.4,142,0,5594.46,4884.8,9.399999999999977
152,L,299.5,309.7,1334.0,37.3,2,0,5210.67,74.6,10.199999999999989
153,L,300.1,308.9,1455.0,31.8,84,0,4845.28,2671.2000000000003,8.799999999999955
154,L,297.7,307.9,1719.0,30.5,82,0,5490.4,2501.0,10.199999999999989
155,H,298.5,308.0,1560.0,48.9,58,0,7988.44,2836.2,9.5
156,L,296.4,305.2,1765.0,28.3,182,0,5230.7,5150.6,8.800000000000011
157,M,298.2,306.8,1603.0,40.8,121,0,6848.92,4936.799999999999,8.600000000000023
158,M,300.2,309.0,1343.0,26.5,159,0,3726.92,4213.5,8.800000000000011
159,L,300.6,310.4,1434.0,52.5,10,0,7883.83,525.0,9.799999999999955
160,M,296.0,306.2,1582.0,40.2,209,0,6659.8,8401.800000000001,10.199999999999989
161,L,299.7,310.0,1337.0,47.3,180,0,6622.49,8514.0,10.300000000000011
162,M,301.1,311.4,1313.0,41.8,156,0,5747.38,6520.799999999999,10.299999999999955
163,M,299.7,308.9,1324.0,37.4,66,0,5185.47,2468.4,9.199999999999989
164,L,298.7,309.8,1630.0,40.6,241,0,6930.14,9784.6,11.100000000000023
165,L,299.2,308.7,1472.0,54.9,131,0,8462.7,7191.9,9.5
166,M,298.9,309.4,1749.0,31.0,219,0,5677.8,6789.0,10.5
167,L,298.7,308.6,1377.0,14.5,136,0,2090.89,1972.0,9.900000000000034
168,L,300.3,310.7,1098.0,32.1,56,0,3690.93,1797.6000000000001,10.399999999999977
169,L,304.6,314.4,1514.0,27.9,165,0,4423.43,4603.5,9.799999999999955
170,L,298.5,308.9,1832.0,49.5,6,0,9496.41,297.0,10.399999999999977
171,M,299.4,309.4,1544.0,38.1,192,0,6160.29,7315.200000000001,10.0
172,L,299.9,310.7,1292.0,48.1,162,0,6507.83,7792.2,10.800000000000011
173,L,298.6,307.8,1247.0,40.2,174,0,5249.54,6994.8,9.199999999999989
174,L,302.2,310.4,1752.0,40.0,33,0,7338.76,1320.0,8.199999999999989
175,M,295.3,304.3,1393.0,41.5,62,0,6053.8,2573.0,9.0
176,L,298.9,310.0,1813.0,54.6,8,0,10366.19,436.8,11.100000000000023
177,M,301.6,311.5,1655.0,41.8,89,0,7244.41,3720.2,9.899999999999977
178,L,299.4,309.5,1400.0,50.9,199,0,7462.33,10129.1,10.100000000000023
179,H,298.4,307.3,1746.0,50.3,18,0,9196.89,905.4,8.900000000000034
180,L,300.9,310.9,1372.0,38.3,153,0,5502.77,5859.9,10.0
181,L,301.8,310.8,1278.0,39.2,173,0,5246.21,6781.6,9.0
182,L,300.4,309.5,1382.0,36.1,55,0,5224.49,1985.5,9.100000000000023
183,H,298.4,308.0,1675.0,52.7,9,0,9243.87,474.3,9.600000000000023
184,M,300.9,311.4,1741.0,30.5,119,0,5560.67,3629.5,10.5
185,L,299.2,309.7,1467.0,32.7,170,0,5023.5,5559.000000000001,10.5
186,M,301.5,312.1,1203.0,37.1,157,0,4673.78,5824.7,10.600000000000023
187,M,303.0,311.4,1259.0,28.5,39,1,3757.5,1111.5,8.399999999999977
188,L,294.8,304.8,1346.0,34.0,227,0,4792.39,7718.0,10.0
189,L,300.2,310.0,1306.0,51.2,182,0,7002.32,9318.4,9.800000000000011
190,L,296.5,305.0,1585.0,46.4,185,0,7701.51,8584.0,8.5
191,L,304.9,314.9,1884.0,35.7,30,0,7043.33,1071.0,10.0
192,M,299.1,308.8,1680.0,47.9,199,0,8427.01,9532.1,9.699999999999989
193,H,301.5,312.0,1336.0,60.6,233,1,8478.28,14119.800000000001,10.5
194,M,299.9,310.0,1413.0,43.0,46,0,6362.67,1978.0,10.100000000000023
195,L,298.4,307.8,1448.0,54.0,204,1,8188.25,11016.0,9.400000000000034
196,L,298.2,309.1,1607.0,48.4,36,0,8144.98,1742.3999999999999,10.900000000000034
197,M,303.2,311.0,1819.0,37.0,221,0,7047.95,8177.0,7.800000000000011
198,M,301.9,311.8,1454.0,41.9,184,0,6379.8,7709.599999999999,9.900000000000034
199,M,303.9,312.1,1813.0,45.1,78,0,8562.55,3517.8,8.200000000000045
200,M,300.1,309.2,1914.0,32.5,184,0,6514.09,5980.0,9.099999999999966
201,M,300.6,311.1,1475.0,13.9,98,0,2147.02,1362.2,10.5
202,L,299.5,308.2,1470.0,31.6,130,0,4864.44,4108.0,8.699999999999989
203,L,299.4,308.0,1473.0,18.4,156,0,2838.24,2870.3999999999996,8.600000000000023
204,M,297.9,310.3,1549.0,32.4,215,0,5255.63,6966.0,12.400000000000034
205,M,300.2,308.8,1473.0,22.9,44,0,3532.38,1007.5999999999999,8.600000000000023
206,L,298.4,310.1,1696.0,48.7,86,0,8649.35,4188.2,11.700000000000045
207,L,300.9,310.7,1260.0,28.1,72,0,3707.71,2023.2,9.800000000000011
208,M,300.3,309.8,1442.0,45.3,1,0,6840.57,45.3,9.5
209,L,300.6,311.1,1596.0,47.5,142,0,7938.8,6745.0,10.5
210,L,303.4,314.7,1693.0,46.9,223,0,8314.93,10458.699999999999,11.300000000000011
211,L,299.9,308.8,1930.0,21.3,145,0,4304.92,3088.5,8.900000000000034
212,M,301.5,311.0,1307.0,51.1,246,1,6993.99,12570.6,9.5
213,M,304.1,314.9,1421.0,44.1,156,0,6562.38,6879.6,10.799999999999955
214,L,302.6,312.9,1132.0,47.9,39,0,5678.2,1868.1,10.299999999999955
215,M,302.3,313.4,1339.0,58.1,2,0,8146.77,116.2,11.099999999999966
216,L,299.4,309.9,1221.0,47.8,224,0,6111.84,10707.199999999999,10.5
217,L,300.5,312.3,1444.0,28.1,57,0,4249.15,1601.7,11.800000000000011
218,M,297.4,307.5,1497.0,46.4,70,0,7273.92,3248.0,10.100000000000023
219,M,301.0,311.2,1622.0,24.9,93,0,4229.4,2315.7,10.199999999999989
220,M,300.5,310.9,1484.0,39.3,218,0,6107.38,8567.4,10.399999999999977
221,M,300.0,309.9,1622.0,34.9,165,0,5927.95,5758.5,9.899999999999977
222,L,302.1,312.9,1558.0,40.0,156,0,6526.14,6240.0,10.799999999999955
223,L,297.6,307.8,1353.0,24.9,158,0,3527.98,3934.2,10.199999999999989
224,L,303.3,314.1,1236.0,26.0,125,0,3365.27,3250.0,10.800000000000011
225,L,301.8,312.7,1642.0,35.4,192,0,6087.02,6796.799999999999,10.899999999999977
226,L,299.9,310.3,1832.0,37.7,104,0,7232.62,3920.8,10.400000000000034
227,H,299.7,310.2,1991.0,35.7,42,0,7443.34,1499.4,10.5
228,L,301.0,310.0,1705.0,54.3,154,0,9695.11,8362.199999999999,9.0
229,M,303.0,312.5,1798.0,44.1,154,0,8303.42,6791.400000000001,9.5
230,M,300.2,311.0,1620.0,43.8,117,0,7430.49,5124.599999999999,10.800000000000011
231,M,300.3,311.7,1592.0,36.1,220,0,6018.37,7942.0,11.399999999999977
232,L,300.0,308.1,1557.0,26.0,68,0,4239.27,1768.0,8.100000000000023
233,L,303.6,313.0,1519.0,39.9,2,0,6346.87,79.8,9.399999999999977
234,L,299.3,309.3,1646.0,57.9,156,0,9980.15,9032.4,10.0
235,L,299.9,309.1,1444.0,42.1,232,1,6366.17,9767.2,9.200000000000045
236,M,302.9,312.1,1511.0,51.0,102,0,8069.81,5202.0,9.200000000000045
237,L,300.3,310.8,1327.0,52.2,243,1,7253.87,12684.6,10.5
238,L,302.3,313.9,1623.0,45.5,140,0,7733.19,6370.0,11.599999999999966
239,M,298.2,306.1,1366.0,42.1,96,1,6022.29,4041.6000000000004,7.900000000000034
240,L,299.6,309.4,1544.0,30.1,59,0,4866.79,1775.9,9.799999999999955
241,H,303.0,313.4,1627.0,37.8,83,0,6440.33,3137.3999999999996,10.399999999999977
242,H,298.6,309.4,1642.0,36.3,66,0,6241.78,2395.7999999999997,10.799999999999955
243,H,299.7,310.0,1676.0,43.2,197,0,7582.05,8510.400000000001,10.300000000000011
244,L,300.5,312.3,1499.0,25.8,106,0,4049.95,2734.8,11.800000000000011
245,L,298.0,308.1,1625.0,34.5,80,0,5870.85,2760.0,10.100000000000023
246,H,299.2,310.5,1450.0,43.9,122,0,6665.94,5355.8,11.300000000000011
247,L,300.2,309.6,1185.0,32.9,46,0,4082.66,1513.3999999999999,9.400000000000034
248,H,300.1,310.2,1632.0,30.8,195,0,5263.8,6006.0,10.099999999999966
249,H,302.6,311.3,1591.0,32.0,96,0,5331.49,3072.0,8.699999999999989
250,M,303.1,314.0,1719.0,37.2,160,0,6696.49,5952.0,10.899999999999977
251,L,298.3,308.2,1533.0,16.2,5,0,2600.67,81.0,9.899999999999977
252,L,300.2,310.6,1251.0,32.5,117,0,4257.64,3802.5,10.400000000000034
253,M,301.3,311.0,1521.0,49.4,191,0,7868.37,9435.4,9.699999999999989
254,L,303.0,313.6,1696.0,43.1,232,0,7654.76,9999.2,10.600000000000023
255,L,301.4,311.8,1623.0,44.1,77,0,7495.24,3395.7000000000003,10.400000000000034
256,L,300.6,309.6,1511.0,21.7,237,0,3433.62,5142.9,9.0
257,H,301.3,310.4,1240.0,35.8,198,0,4648.72,7088.4,9.099999999999966
258,M,301.3,311.3,1354.0,38.7,69,0,5487.29,2670.3,10.0
259,L,298.1,308.8,1623.0,44.5,178,0,7563.23,7921.0,10.699999999999989
260,L,300.4,312.2,1239.0,51.0,66,0,6617.14,3366.0,11.800000000000011
261,M,302.9,313.2,1481.0,49.4,100,0,7661.44,4940.0,10.300000000000011
262,H,299.6,310.6,1544.0,34.1,149,0,5513.54,5080.900000000001,11.0
263,L,300.3,308.6,1743.0,34.3,229,0,6260.66,7854.699999999999,8.300000000000011
264,L,299.5,311.5,1647.0,54.0,199,0,9313.57,10746.0,12.0
265,M,295.4,306.0,1710.0,36.3,23,0,6500.27,834.9,10.600000000000023
266,M,300.0,310.0,1592.0,29.1,204,0,4851.37,5936.400000000001,10.0
267,M,300.6,310.4,1386.0,37.8,204,0,5486.35,7711.2,9.799999999999955
268,M,299.0,307.9,1428.0,53.3,64,0,7970.47,3411.2,8.899999999999977
269,L,297.7,306.9,1371.0,30.9,242,0,4436.34,7477.799999999999,9.199999999999989
270,L,298.2,310.1,1643.0,35.6,180,0,6125.14,6408.0,11.900000000000034
271,M,301.5,310.5,1413.0,31.3,127,0,4631.43,3975.1,9.0
272,M,303.9,312.9,1467.0,49.4,168,0,7589.02,8299.199999999999,9.0
273,M,302.8,312.1,1542.0,42.8,99,0,6911.25,4237.2,9.300000000000011
274,H,297.3,306.1,1831.0,49.1,31,0,9414.53,1522.1000000000001,8.800000000000011
275,L,301.7,311.7,1655.0,55.5,68,0,9618.77,3774.0,10.0
276,L,298.7,309.8,1399.0,24.8,240,1,3633.27,5952.0,11.100000000000023
277,M,298.8,308.2,1565.0,32.3,70,0,5293.53,2261.0,9.399999999999977
278,M,299.1,307.7,1833.0,35.6,241,0,6833.47,8579.6,8.599999999999966
279,M,301.4,311.7,1648.0,40.6,44,0,7006.67,1786.4,10.300000000000011
280,M,301.9,311.9,1251.0,44.9,31,0,5882.1,1391.8999999999999,10.0
281,M,299.8,310.8,1374.0,35.0,27,0,5035.97,945.0,11.0
282,L,299.8,309.4,1360.0,33.0,96,0,4699.82,3168.0,9.599999999999966
283,L,300.9,310.7,1795.0,49.4,237,1,9285.81,11707.8,9.800000000000011
284,L,301.1,311.0,1762.0,45.3,13,0,8358.58,588.9,9.899999999999977
285,L,302.4,312.4,1426.0,43.0,140,0,6421.21,6020.0,10.0
286,L,297.4,307.0,1422.0,18.5,220,0,2754.86,4070.0,9.600000000000023
287,L,300.0,309.5,1545.0,51.9,177,0,8397.01,9186.3,9.5
288,L,297.9,306.0,1551.0,41.7,167,0,6772.93,6963.900000000001,8.100000000000023
289,L,299.9,309.3,1365.0,38.3,128,0,5474.7,4902.4,9.400000000000034
290,L,299.5,310.3,1493.0,31.7,174,0,4956.19,5515.8,10.800000000000011
291,L,299.9,310.8,1277.0,33.6,112,0,4493.23,3763.2000000000003,10.900000000000034
292,L,298.4,307.9,1765.0,31.0,112,0,5729.74,3472.0,9.5
293,M,297.0,308.3,1222.0,20.0,218,0,2559.35,4360.0,11.300000000000011
294,L,295.8,305.8,1220.0,31.8,29,0,4062.71,922.2,10.0
295,L,299.7,308.4,1615.0,24.0,33,0,4058.94,792.0,8.699999999999989
296,L,299.1,307.5,1316.0,39.3,45,1,5415.98,1768.4999999999998,8.399999999999977
297,M,298.6,309.9,1448.0,28.4,0,0,4306.41,0.0,11.299999999999955
298,L,302.6,312.3,1549.0,47.2,161,0,7656.35,7599.200000000001,9.699999999999989
299,M,298.3,307.1,1658.0,23.3,186,0,4045.47,4333.8,8.800000000000011
300,L,302.8,310.6,1498.0,51.8,134,0,8125.88,6941.2,7.800000000000011
301,L,303.2,312.9,1856.0,48.2,192,0,9368.15,9254.400000000001,9.699999999999989
302,L,296.1,306.5,1537.0,29.3,169,0,4715.96,4951.7,10.399999999999977
303,L,300.2,309.5,1751.0,39.0,209,0,7151.21,8151.0,9.300000000000011
304,M,299.2,308.1,1587.0,31.4,226,0,5218.37,7096.4,8.900000000000034
305,M,294.4000000000001,303.85,1919.0,45.7,241,0,9183.74,11013.7,9.449999999999932
306,H,297.1,308.4,1727.0,57.8,18,0,10453.19,1040.3999999999999,11.299999999999955
307,L,301.5,310.2,1545.0,51.7,140,0,8364.65,7238.0,8.699999999999989
308,L,304.0,313.4,1650.0,33.1,22,0,5719.27,728.2,9.399999999999977
309,M,301.8,313.0,1491.0,41.0,65,0,6401.62,2665.0,11.199999999999989
310,L,300.6,311.1,1489.0,55.1,130,0,8591.62,7163.0,10.5
311,L,300.0,310.1,1304.0,45.1,85,0,6158.61,3833.5,10.100000000000023
312,L,303.4,312.7,1393.0,50.0,163,0,7293.73,8150.0,9.300000000000011
313,L,304.3,314.3,1906.0,46.4,176,0,9261.25,8166.4,10.0
314,H,298.8,308.3,1322.0,40.7,199,0,5634.49,8099.3,9.5
315,M,296.0,305.1,1420.0,39.2,86,0,5829.12,3371.2000000000003,9.100000000000023
316,M,295.8,304.7,1521.0,27.8,71,0,4427.95,1973.8,8.899999999999977
317,L,302.6,313.4,1527.0,32.3,184,0,5165.0,5943.2,10.799999999999955
318,L,299.9,309.8,1606.0,30.9,88,0,5196.76,2719.2,9.900000000000034
319,L,300.4,310.7,1454.0,36.4,226,0,5542.36,8226.4,10.300000000000011
320,L,296.4,306.6,1617.0,40.9,191,0,6925.67,7811.9,10.200000000000045
321,L,298.5,308.9,1742.0,38.8,110,0,7077.97,4268.0,10.399999999999977
322,M,299.4,309.2,1764.0,42.1,138,0,7776.95,5809.8,9.800000000000011
323,M,300.4,309.9,1490.0,46.5,40,0,7255.51,1860.0,9.5
324,L,299.2,308.4,1647.0,35.8,234,0,6174.55,8377.199999999999,9.199999999999989
325,H,297.9,306.5,1332.0,47.3,5,1,6597.72,236.5,8.600000000000023
326,M,298.4,307.3,1408.0,51.2,105,0,7549.21,5376.0,8.900000000000034
327,L,302.4,312.1,1327.0,44.0,233,0,6114.38,10252.0,9.700000000000045
328,M,300.5,308.9,1529.0,34.5,241,0,5524.02,8314.5,8.399999999999977
329,L,301.2,309.8,1384.0,49.3,44,0,7145.15,2169.2,8.600000000000023
330,L,298.2,309.2,1265.0,44.7,208,0,5921.43,9297.6,11.0
331,L,294.4000000000001,304.3,1468.0,46.1,227,0,7086.89,10464.7,9.89999999999992
332,M,299.0,308.5,1228.0,55.2,184,0,7098.49,10156.800000000001,9.5
333,L,298.3,310.5,1775.0,47.0,81,0,8736.25,3807.0,12.199999999999989
334,L,300.7,309.0,1438.0,55.6,160,0,8372.64,8896.0,8.300000000000011
335,L,305.5999999999999,316.25000000000006,1714.0,38.4,188,0,6892.4,7219.2,10.650000000000148
336,L,301.4,311.3,1449.0,35.6,17,0,5401.91,605.2,9.900000000000034
337,M,305.5,316.25000000000006,1324.0,51.3,6,0,7112.69,307.79999999999995,10.750000000000057
338,M,301.1,311.2,1748.0,30.1,28,0,5509.81,842.8000000000001,10.099999999999966
339,L,298.7,306.9,1553.0,58.7,196,1,9546.37,11505.2,8.199999999999989
340,L,300.7,310.8,1875.0,52.9,143,0,10386.89,7564.7,10.100000000000023
341,L,303.6,313.9,1454.0,40.8,222,0,6212.31,9057.599999999999,10.299999999999955
342,L,303.7,311.5,1458.0,51.9,196,0,7924.16,10172.4,7.800000000000011
343,L,298.8,310.8,1717.0,46.5,73,0,8360.88,3394.5,12.0
344,L,300.5,310.8,1719.0,27.1,156,0,4878.36,4227.6,10.300000000000011
345,L,297.1,307.8,1565.0,31.8,156,0,5211.59,4960.8,10.699999999999989
346,M,301.6,310.5,2026.5,42.7,15,0,9061.56,640.5,8.899999999999977
347,M,303.1,313.8,1487.0,41.5,3,0,6462.31,124.5,10.699999999999989
348,L,300.1,311.2,1310.0,52.9,64,0,7256.97,3385.6,11.099999999999966
349,L,298.7,308.9,1358.0,42.9,71,0,6100.78,3045.9,10.199999999999989
350,M,300.7,310.7,1488.0,27.3,219,0,4253.97,5978.7,10.0
351,L,300.8,309.9,1809.0,34.5,128,0,6535.61,4416.0,9.099999999999966
352,M,300.2,309.9,1504.0,47.3,249,0,7449.68,11777.699999999999,9.699999999999989
353,M,300.4,309.8,1818.0,21.7,219,0,4131.26,4752.3,9.400000000000034
354,L,299.7,310.2,1615.0,25.8,130,0,4363.36,3354.0,10.5
355,L,302.0,311.1,1731.0,36.2,63,0,6561.97,2280.6000000000004,9.100000000000023
356,M,301.5,312.0,1607.0,49.1,241,0,8262.78,11833.1,10.5
357,L,298.0,307.2,1605.0,37.7,65,0,6336.44,2450.5,9.199999999999989
358,L,298.0,307.7,1672.0,44.5,88,0,7791.57,3916.0,9.699999999999989
359,H,299.5,310.1,1436.0,39.9,56,0,6000.06,2234.4,10.600000000000023
360,L,301.5,310.8,1438.0,38.5,100,0,5797.6,3850.0,9.300000000000011
361,L,300.3,310.9,1600.0,33.4,202,1,5596.22,6746.799999999999,10.599999999999966
362,M,298.7,309.3,1885.0,48.3,109,0,9534.26,5264.7,10.600000000000023
363,L,300.5,310.3,1262.0,27.4,17,0,3621.08,465.79999999999995,9.800000000000011
364,L,299.3,310.5,1174.0,37.6,105,0,4622.58,3948.0,11.199999999999989
365,H,301.8,311.8,1490.0,51.3,38,0,8004.46,1949.3999999999999,10.0
366,L,300.7,311.8,1722.0,32.3,231,0,5824.58,7461.299999999999,11.100000000000023
367,H,299.4,311.2,1547.0,24.4,123,0,3952.84,3001.2,11.800000000000011
368,H,300.5,310.2,1328.0,18.8,120,0,2614.48,2256.0,9.699999999999989
369,L,302.6,313.3,1552.0,46.5,83,0,7557.42,3859.5,10.699999999999989
370,L,298.9,308.2,1227.0,47.2,208,0,6064.78,9817.6,9.300000000000011
371,L,300.8,309.8,1650.0,36.5,6,0,6306.75,219.0,9.0
372,L,299.9,309.7,1482.0,27.2,182,0,4221.3,4950.4,9.800000000000011
373,L,300.9,309.5,1523.0,38.4,111,0,6124.35,4262.4,8.600000000000023
374,M,298.7,307.8,1614.0,51.6,144,0,8721.31,7430.400000000001,9.100000000000023
375,L,300.2,310.8,1574.0,27.3,67,0,4499.83,1829.1000000000001,10.600000000000023
376,L,302.2,311.7,1441.0,50.4,35,0,7605.42,1764.0,9.5
377,M,298.1,308.8,1723.0,23.0,123,0,4149.94,2829.0,10.699999999999989
378,L,297.3,307.6,1680.0,28.6,221,0,5031.57,6320.6,10.300000000000011
379,M,297.4,309.3,1220.0,41.0,0,0,5238.08,0.0,11.900000000000034
380,L,297.7,308.2,1496.0,49.3,246,1,7723.38,12127.8,10.5
381,L,301.2,312.3,1344.0,54.6,34,0,7684.59,1856.4,11.100000000000023
382,M,297.2,307.6,1311.0,49.8,75,0,6836.92,3735.0,10.400000000000034
383,M,299.4,309.7,1633.0,55.4,144,0,9473.81,7977.599999999999,10.300000000000011
384,M,301.2,312.4,1462.0,41.7,79,0,6384.28,3294.3,11.199999999999989
385,M,300.8,311.5,1512.0,33.7,155,0,5335.93,5223.5,10.699999999999989
386,M,299.2,309.4,1418.0,51.7,31,0,7677.07,1602.7,10.199999999999989
387,L,300.4,310.6,1604.0,53.5,237,1,8986.42,12679.5,10.200000000000045
388,L,300.2,310.8,1659.0,49.2,182,0,8547.52,8954.4,10.600000000000023
389,M,299.6,308.9,1926.0,46.0,34,0,9277.75,1564.0,9.299999999999955
390,M,299.6,308.9,1505.0,53.8,127,0,8479.05,6832.599999999999,9.299999999999955
391,H,304.5,315.9,1278.0,43.3,18,0,5794.92,779.4,11.399999999999977
392,L,301.6,313.5,1447.0,39.7,92,0,6015.72,3652.4,11.899999999999977
393,L,305.0,314.0,1689.0,47.1,92,0,8330.66,4333.2,9.0
394,M,299.0,308.3,1399.0,44.7,242,0,6548.68,10817.400000000001,9.300000000000011
395,L,299.8,311.0,1272.0,48.7,79,0,6487.01,3847.3,11.199999999999989
396,H,297.3,307.9,1403.0,38.6,3,0,5671.18,115.80000000000001,10.599999999999966
397,M,298.4,309.1,1442.0,49.0,148,0,7399.29,7252.0,10.700000000000045
398,L,303.8,314.7,1344.0,48.4,112,0,6811.98,5420.8,10.899999999999977
399,M,299.0,308.7,1576.0,42.0,114,0,6931.61,4788.0,9.699999999999989
400,M,303.8,314.2,1523.0,32.4,171,0,5167.42,5540.4,10.399999999999977
401,L,297.5,307.8,1679.0,52.3,61,0,9195.62,3190.2999999999997,10.300000000000011
402,H,297.9,307.0,1458.0,27.9,128,0,4259.81,3571.2,9.100000000000023
403,L,299.3,309.6,1637.0,30.4,82,0,5211.36,2492.7999999999997,10.300000000000011
404,M,299.9,311.1,1449.0,41.6,50,0,6312.34,2080.0,11.200000000000045
405,L,301.8,311.5,1335.0,14.9,115,0,2083.03,1713.5,9.699999999999989
406,M,300.9,311.1,1440.0,55.3,107,0,8339.04,5917.099999999999,10.200000000000045
407,L,299.2,309.4,1248.0,40.0,217,0,5227.61,8680.0,10.199999999999989
408,L,299.7,309.4,1858.0,55.2,203,1,10740.23,11205.6,9.699999999999989
409,H,299.4,310.0,1563.0,57.9,144,0,9476.9,8337.6,10.600000000000023
410,L,298.2,307.5,1395.0,38.4,36,0,5609.63,1382.3999999999999,9.300000000000011
411,L,298.2,309.6,1470.0,53.3,219,1,8204.9,11672.699999999999,11.400000000000034
412,H,302.1,312.7,1099.0,29.3,35,0,3372.05,1025.5,10.599999999999966
413,H,296.3,305.4,1794.0,44.2,156,0,8303.73,6895.200000000001,9.099999999999966
414,L,303.2,314.9,1777.0,35.2,68,0,6550.26,2393.6000000000004,11.699999999999989
415,M,299.3,309.5,1557.0,46.8,101,0,7630.68,4726.799999999999,10.199999999999989
416,L,298.5,307.7,1595.0,48.7,130,0,8134.26,6331.0,9.199999999999989
417,L,301.5,312.6,1311.0,38.3,142,0,5258.12,5438.599999999999,11.100000000000023
418,L,303.0,313.5,1324.0,45.3,194,0,6280.8,8788.199999999999,10.5
419,M,302.2,310.5,1234.0,49.3,76,1,6370.75,3746.7999999999997,8.300000000000011
420,M,301.0,310.5,1509.0,41.8,196,0,6605.32,8192.8,9.5
421,M,302.2,312.5,1727.0,65.2,148,0,11791.49,9649.6,10.300000000000011
422,M,296.6,304.4,1469.0,38.5,104,0,5922.58,4004.0,7.7999999999999545
423,L,299.0,309.0,1600.0,56.4,22,0,9449.91,1240.8,10.0
424,L,298.2,308.3,1713.0,51.3,46,0,9202.45,2359.7999999999997,10.100000000000023
425,L,302.4,311.3,1247.0,21.4,213,0,2794.53,4558.2,8.900000000000034
426,L,299.2,309.5,1868.0,54.8,33,0,10719.78,1808.3999999999999,10.300000000000011
427,L,301.7,311.7,1745.0,50.6,40,0,9246.44,2024.0,10.0
428,M,301.1,309.9,1629.0,41.0,217,0,6994.13,8897.0,8.799999999999955
429,L,298.3,309.2,1703.0,43.6,46,0,7775.53,2005.6000000000001,10.899999999999977
430,L,298.8,309.7,1711.0,44.8,158,0,8027.06,7078.4,10.899999999999977
431,L,302.6,312.3,1590.0,53.6,34,0,8924.64,1822.4,9.699999999999989
432,M,298.4,308.3,1793.0,35.8,134,0,6721.9,4797.2,9.900000000000034
433,M,300.2,311.0,1456.0,55.7,231,1,8492.69,12866.7,10.800000000000011
434,L,298.4,308.2,1620.0,29.1,44,0,4936.7,1280.4,9.800000000000011
435,L,299.4,307.4,1774.0,22.4,56,0,4161.31,1254.3999999999999,8.0
436,M,299.9,310.4,1056.0,45.8,223,0,5064.75,10213.4,10.5
437,L,298.4,307.6,1616.0,52.4,116,0,8867.5,6078.4,9.200000000000045
438,M,298.1,307.7,1667.0,38.1,149,0,6651.03,5676.900000000001,9.599999999999966
439,M,300.6,312.0,1232.0,17.3,110,0,2231.95,1903.0,11.399999999999977
440,L,298.3,308.2,1588.0,25.1,69,0,4174.0,1731.9,9.899999999999977
441,L,298.4,308.4,1395.0,44.2,148,0,6456.92,6541.6,10.0
442,H,298.1,308.6,1609.0,39.8,236,0,6706.06,9392.8,10.5
443,L,299.8,310.3,1520.0,52.7,102,0,8388.47,5375.400000000001,10.5
444,L,301.9,311.0,1368.0,40.6,48,0,5816.22,1948.8000000000002,9.100000000000023
445,M,303.0,313.0,1736.0,32.5,46,0,5908.29,1495.0,10.0
446,H,298.5,308.6,1463.0,43.0,100,0,6587.82,4300.0,10.100000000000023
447,H,304.3,314.6,1586.0,50.0,154,0,8304.28,7700.0,10.300000000000011
448,M,298.0,308.3,1773.0,53.4,9,0,9914.68,480.59999999999997,10.300000000000011
449,L,302.2,314.8,1373.0,38.8,85,0,5578.67,3297.9999999999995,12.600000000000023
450,L,298.6,307.4,1539.0,40.6,171,0,6543.25,6942.6,8.799999999999955
451,M,298.3,309.2,1449.0,47.7,178,0,7237.95,8490.6,10.899999999999977
452,L,298.5,309.7,1489.0,32.4,145,0,5052.06,4698.0,11.199999999999989
453,L,299.9,310.4,1923.0,47.2,195,0,9504.95,9204.0,10.5
454,H,301.2,310.5,1619.0,37.6,236,0,6374.75,8873.6,9.300000000000011
455,L,301.3,313.0,1594.0,39.1,98,0,6526.7,3831.8,11.699999999999989
456,L,298.1,305.9,1631.0,39.9,229,0,6814.84,9137.1,7.7999999999999545
457,L,298.0,307.3,1615.0,41.2,37,0,6967.84,1524.4,9.300000000000011
458,L,298.2,309.3,1211.0,59.0,35,0,7482.12,2065.0,11.100000000000023
459,L,299.8,309.4,1949.0,35.2,59,0,7184.28,2076.8,9.599999999999966
460,L,299.6,311.2,1275.0,35.7,195,0,4766.58,6961.500000000001,11.599999999999966
461,L,298.1,306.6,1848.0,54.3,236,1,10508.25,12814.8,8.5
462,M,300.5,309.4,1648.0,44.3,73,0,7645.21,3233.8999999999996,8.899999999999977
463,M,304.5,314.0,1570.0,47.5,95,0,7809.48,4512.5,9.5
464,L,299.0,309.4,1483.0,29.6,73,0,4596.86,2160.8,10.399999999999977
465,H,299.1,308.9,2004.0,42.4,234,0,8898.0,9921.6,9.799999999999955
466,L,301.1,310.6,1646.0,48.0,172,0,8273.7,8256.0,9.5
467,L,298.9,310.3,1541.0,33.2,73,0,5357.59,2423.6000000000004,11.400000000000034
468,M,301.3,312.9,1442.0,46.2,202,0,6976.47,9332.400000000001,11.599999999999966
469,L,298.6,308.1,1420.0,37.9,113,0,5635.81,4282.7,9.5
470,H,303.7,312.0,1547.0,33.5,230,0,5427.05,7705.0,8.300000000000011
471,L,300.7,308.5,1371.0,50.0,136,1,7178.54,6800.0,7.800000000000011
472,H,298.8,309.0,1659.0,51.2,12,0,8894.98,614.4000000000001,10.199999999999989
473,L,298.8,309.5,1422.0,41.2,184,0,6135.15,7580.8,10.699999999999989
474,M,299.0,309.0,1717.0,44.4,233,0,7983.29,10345.199999999999,10.0
475,L,302.7,312.7,1713.0,53.1,81,0,9525.34,4301.1,10.0
476,H,297.5,306.7,1528.0,36.0,110,0,5760.42,3960.0,9.199999999999989
477,L,298.7,309.3,1641.0,43.4,56,0,7458.08,2430.4,10.600000000000023
478,L,298.9,310.6,1650.0,36.1,164,0,6237.63,5920.400000000001,11.700000000000045
479,H,300.0,307.8,1276.0,29.8,174,1,3981.95,5185.2,7.800000000000011
480,L,299.5,309.4,1847.0,36.0,10,0,6963.03,360.0,9.899999999999977
481,M,297.0,306.0,1492.0,28.7,155,0,4484.14,4448.5,9.0
482,M,299.2,307.7,1662.0,44.1,5,0,7675.35,220.5,8.5
483,L,299.8,308.7,1667.0,32.2,160,0,5621.08,5152.0,8.899999999999977
484,M,298.7,309.1,1092.0,26.0,141,0,2973.2,3666.0,10.400000000000034
485,L,301.4,311.8,1420.0,47.3,174,0,7033.61,8230.199999999999,10.400000000000034
486,H,301.8,313.3,1688.0,46.6,28,0,8237.34,1304.8,11.5
487,L,299.8,309.9,1549.0,36.6,102,0,5936.92,3733.2000000000003,10.099999999999966
488,L,300.5,308.7,1661.0,46.9,142,0,8157.76,6659.8,8.199999999999989
489,H,295.7,305.4,1554.0,31.9,239,0,5191.23,7624.099999999999,9.699999999999989
490,M,299.2,307.8,1758.0,36.2,183,0,6664.32,6624.6,8.600000000000023
491,L,302.0,310.8,1558.0,44.0,68,0,7178.75,2992.0,8.800000000000011
492,M,299.2,309.7,1792.0,50.2,85,0,9420.42,4267.0,10.5
493,L,298.5,308.7,1362.0,36.1,243,0,5148.88,8772.300000000001,10.199999999999989
494,L,304.6,315.1,1515.0,34.0,158,0,5394.11,5372.0,10.5
495,L,303.6,313.3,1431.0,49.7,18,0,7447.74,894.6,9.699999999999989
496,L,300.9,311.7,1607.0,46.0,242,1,7741.09,11132.0,10.800000000000011
497,L,302.3,311.9,1488.0,41.4,145,0,6451.07,6003.0,9.599999999999966
498,L,295.5,306.7,1496.0,51.7,185,0,8099.36,9564.5,11.199999999999989
499,H,298.4,308.8,1411.0,59.3,197,0,8762.14,11682.099999999999,10.400000000000034
500,H,299.1,308.9,1455.0,43.5,200,0,6627.98,8700.0,9.799999999999955
501,M,299.5,309.7,1536.0,34.0,29,0,5468.88,986.0,10.199999999999989
502,L,299.0,309.0,1176.0,44.9,222,0,5529.45,9967.8,10.0
503,L,294.9,306.5,1125.0,31.7,162,0,3734.57,5135.4,11.600000000000023
504,M,300.8,311.0,1548.0,52.3,16,0,8478.15,836.8,10.199999999999989
505,M,301.1,311.1,1046.5,32.9,233,0,3605.49,7665.7,10.0
506,L,303.2,313.0,1503.0,38.0,143,0,5980.96,5434.0,9.800000000000011
507,H,298.4,309.3,1470.0,31.6,224,0,4864.44,7078.400000000001,10.900000000000034
508,M,298.3,309.0,1635.0,41.7,67,0,7139.74,2793.9,10.699999999999989
509,H,294.6,304.4,1417.0,42.1,222,0,6247.13,9346.2,9.799999999999955
510,M,299.4,308.3,1818.0,47.3,32,0,9005.0,1513.6,8.900000000000034
511,M,301.8,310.9,1689.0,41.1,249,0,7269.43,10233.9,9.099999999999966
512,L,298.8,308.6,1267.0,40.4,241,0,5360.27,9736.4,9.800000000000011
513,H,304.3,315.6,1487.0,34.2,243,0,5325.57,8310.6,11.300000000000011
514,M,299.5,309.2,1811.0,37.0,35,0,7016.96,1295.0,9.699999999999989
515,L,300.3,309.7,1413.0,26.0,10,0,3847.19,260.0,9.399999999999977
516,L,297.3,305.5,1528.0,53.8,187,0,8608.63,10060.6,8.199999999999989
517,L,300.6,312.1,1789.0,39.0,119,0,7306.4,4641.0,11.5
518,M,296.0,306.6,1441.0,56.2,3,0,8480.65,168.60000000000002,10.600000000000023
519,H,301.4,312.2,1739.0,38.7,190,0,7047.57,7353.000000000001,10.800000000000011
520,L,301.4,312.4,1375.0,21.0,242,0,3023.78,5082.0,11.0
521,L,302.7,312.6,1046.5,35.4,99,0,3879.46,3504.6,9.900000000000034
522,L,298.0,308.0,1757.0,39.9,4,0,7341.31,159.6,10.0
523,H,300.3,311.8,1616.0,40.6,191,0,6870.62,7754.6,11.5
524,M,301.1,311.3,1628.0,46.6,84,0,7944.54,3914.4,10.199999999999989
525,M,300.9,311.5,1342.0,41.6,204,1,5846.21,8486.4,10.600000000000023
526,L,298.3,309.1,1356.0,36.5,131,0,5183.0,4781.5,10.800000000000011
527,L,295.2,305.9,1743.0,30.8,233,1,5621.82,7176.400000000001,10.699999999999989
528,L,300.7,310.6,1581.0,35.9,113,0,5943.67,4056.7,9.900000000000034
529,L,299.7,309.7,1516.0,45.9,34,0,7286.86,1560.6,10.0
530,M,298.9,309.6,1577.0,48.4,25,0,7992.92,1210.0,10.700000000000045
531,M,301.5,312.3,1808.0,33.2,153,0,6285.87,5079.6,10.800000000000011
532,H,299.9,311.1,1667.0,49.9,18,0,8710.93,898.1999999999999,11.200000000000045
533,H,297.4,307.9,1453.0,45.6,36,0,6938.4,1641.6000000000001,10.5
534,L,296.1,306.7,1286.0,31.1,138,0,4188.22,4291.8,10.599999999999966
535,M,297.7,307.3,1643.0,42.4,65,0,7295.11,2756.0,9.600000000000023
536,H,304.8,314.2,1372.0,43.6,127,0,6264.25,5537.2,9.399999999999977
537,M,301.4,312.2,1326.0,29.3,30,0,4068.55,879.0,10.800000000000011
538,L,300.4,309.8,1773.0,26.4,145,0,4901.64,3828.0,9.400000000000034
539,L,299.6,309.6,1694.0,44.6,202,0,7911.83,9009.2,10.0
540,L,299.5,310.9,1607.0,35.4,43,0,5957.28,1522.2,11.399999999999977
541,H,302.3,313.6,1316.0,55.0,15,0,7579.62,825.0,11.300000000000011
542,M,299.0,309.3,1858.0,57.0,185,0,11090.45,10545.0,10.300000000000011
543,L,301.2,310.9,1722.0,44.6,1,0,8042.6,44.6,9.699999999999989
544,M,299.3,309.2,1483.0,49.4,58,0,7671.79,2865.2,9.899999999999977
545,M,303.9,314.7,1445.0,29.7,245,0,4494.21,7276.5,10.800000000000011
546,L,301.5,311.4,1552.0,26.6,223,0,4323.17,5931.8,9.899999999999977
547,L,302.5,311.9,1452.0,38.5,119,0,5854.04,4581.5,9.399999999999977
548,M,298.8,310.0,1933.0,27.1,249,0,5485.67,6747.900000000001,11.199999999999989
549,L,302.1,312.3,1468.0,43.0,175,0,6610.33,7525.0,10.199999999999989
550,M,299.4,308.8,1346.0,32.1,239,0,4524.58,7671.900000000001,9.400000000000034
551,L,300.2,310.7,1822.0,41.8,213,0,7975.41,8903.4,10.5
552,M,303.3,314.2,1436.0,38.2,163,0,5744.42,6226.6,10.899999999999977
553,L,297.9,306.9,1678.0,46.2,7,0,8118.25,323.40000000000003,9.0
554,L,300.4,310.2,1658.0,43.2,35,0,7500.62,1512.0,9.800000000000011
555,M,300.9,310.6,1527.0,35.9,106,0,5740.66,3805.3999999999996,9.700000000000045
556,L,301.0,311.5,1363.0,26.3,24,0,3753.88,631.2,10.5
557,L,299.1,309.7,1529.0,41.5,167,0,6644.83,6930.5,10.599999999999966
558,L,304.2,313.6,1328.0,22.5,124,0,3129.03,2790.0,9.400000000000034
559,M,297.4,305.9,1533.0,52.3,235,1,8396.0,12290.5,8.5
560,M,302.9,313.9,1676.0,45.2,222,1,7933.07,10034.400000000001,11.0
561,M,302.4,311.3,1845.0,48.3,3,0,9331.94,144.89999999999998,8.900000000000034
562,L,303.8,314.1,1343.0,30.2,230,0,4247.29,6946.0,10.300000000000011
563,L,296.8,306.7,1493.0,43.4,108,0,6785.44,4687.2,9.899999999999977
564,L,298.3,308.4,1444.0,33.3,170,0,5035.47,5660.999999999999,10.099999999999966
565,L,303.0,314.6,1586.0,41.4,201,1,6875.94,8321.4,11.600000000000023
566,L,296.2,309.3,1265.0,30.0,154,0,3974.11,4620.0,13.100000000000023
567,L,296.8,305.2,1371.0,39.1,232,1,5613.62,9071.2,8.399999999999977
568,L,299.0,310.0,1235.0,26.2,165,0,3388.42,4323.0,11.0
569,H,300.4,310.2,1280.0,38.3,208,0,5133.78,7966.4,9.800000000000011
570,L,303.2,314.2,1419.0,23.5,108,0,3492.04,2538.0,11.0
571,L,299.6,310.6,1837.0,57.3,165,0,11022.81,9454.5,11.0
572,M,298.8,310.2,1600.0,41.5,119,0,6953.39,4938.5,11.399999999999977
573,L,300.6,310.9,1549.0,40.0,191,0,6488.44,7640.0,10.299999999999955
574,M,300.9,310.0,1779.0,46.6,216,0,8681.41,10065.6,9.100000000000023
575,M,300.9,311.8,1606.0,27.0,144,0,4540.86,3888.0,10.900000000000034
576,H,299.6,309.8,1623.0,32.1,140,0,5455.72,4494.0,10.199999999999989
577,L,296.1,305.9,1453.0,45.2,84,0,6877.53,3796.8,9.799999999999955
578,H,298.2,307.7,1423.0,41.5,78,0,6184.17,3237.0,9.5
579,L,302.8,313.8,1303.0,32.7,111,0,4461.91,3629.7000000000003,11.0
580,L,300.4,312.0,1430.0,46.4,116,0,6948.37,5382.4,11.600000000000023
581,L,299.4,308.2,1487.0,42.9,23,0,6680.31,986.6999999999999,8.800000000000011
582,H,302.2,312.9,1599.0,44.9,6,0,7518.37,269.4,10.699999999999989
583,L,297.7,307.4,1531.0,43.8,191,0,7022.28,8365.8,9.699999999999989
584,L,299.5,308.1,1472.0,33.1,116,0,5102.28,3839.6000000000004,8.600000000000023
585,M,300.3,310.4,1374.0,39.1,236,0,5625.9,9227.6,10.099999999999966
586,L,299.1,308.3,1609.0,21.4,62,0,3605.77,1326.8,9.199999999999989
587,L,300.2,308.6,1448.0,34.8,229,0,5276.87,7969.199999999999,8.400000000000034
588,L,299.6,308.8,1601.0,37.5,231,0,6287.11,8662.5,9.199999999999989
589,L,297.2,306.2,1195.0,46.1,149,0,5768.96,6868.900000000001,9.0
590,L,300.4,309.7,1598.0,45.0,105,0,7530.4,4725.0,9.300000000000011
591,L,297.3,306.0,1671.0,32.4,180,0,5669.57,5832.0,8.699999999999989
592,M,300.3,309.9,1648.0,32.2,73,0,5557.02,2350.6000000000004,9.599999999999966
593,L,302.7,312.0,1502.0,52.9,224,1,8320.59,11849.6,9.300000000000011
594,L,299.4,309.8,1701.0,37.0,11,0,6590.75,407.0,10.400000000000034
595,M,297.7,308.3,1310.0,41.0,199,0,5624.5,8159.0,10.600000000000023
596,L,299.7,310.0,1522.0,47.7,103,0,7602.59,4913.1,10.300000000000011
597,M,298.3,308.1,1503.0,39.1,124,0,6154.1,4848.400000000001,9.800000000000011
598,L,301.2,310.9,1723.0,38.4,21,0,6928.59,806.4,9.699999999999989
599,L,299.7,308.9,1176.0,36.8,230,0,4531.94,8464.0,9.199999999999989
600,L,303.4,312.6,1348.0,34.8,166,0,4912.45,5776.799999999999,9.200000000000045
601,L,302.3,313.0,1850.0,41.3,46,0,8001.11,1899.8,10.699999999999989
602,L,299.7,307.9,1102.0,21.7,191,1,2504.21,4144.7,8.199999999999989
603,L,301.4,311.4,1683.0,36.3,43,0,6397.63,1560.8999999999999,10.0
604,L,299.2,308.9,1412.0,45.3,15,0,6698.25,679.5,9.699999999999989
605,L,300.1,310.7,1583.0,44.1,58,0,7310.52,2557.8,10.599999999999966
606,L,299.3,307.9,1791.0,54.0,239,1,10127.87,12906.0,8.599999999999966
607,L,301.5,311.5,1590.0,48.2,33,0,8025.51,1590.6000000000001,10.0
608,L,302.9,313.2,1794.0,44.0,173,0,8266.16,7612.0,10.300000000000011
609,L,301.6,309.7,1449.0,40.2,207,0,6099.9,8321.400000000001,8.099999999999966
610,M,301.8,310.8,1473.0,35.4,205,0,5460.53,7257.0,9.0
611,L,301.8,311.8,1678.0,44.9,197,0,7889.82,8845.3,10.0
612,M,301.1,311.6,1459.0,43.1,54,0,6585.08,2327.4,10.5
613,M,297.7,307.9,1644.0,36.2,119,0,6232.17,4307.8,10.199999999999989
614,L,303.4,314.0,1749.0,31.3,113,0,5732.75,3536.9,10.600000000000023
615,M,303.6,312.5,1693.0,39.4,73,0,6985.25,2876.2,8.899999999999977
616,H,299.5,307.9,1255.0,51.4,23,1,6755.16,1182.2,8.399999999999977
617,L,299.3,309.3,1476.0,41.0,154,0,6337.22,6314.0,10.0
618,L,301.2,310.0,1588.0,40.2,110,0,6685.06,4422.0,8.800000000000011
619,M,301.1,310.2,1494.0,44.1,241,0,6899.5,10628.1,9.099999999999966
620,M,299.6,310.5,1552.0,44.7,200,0,7264.87,8940.0,10.899999999999977
621,L,297.5,307.7,1590.0,42.4,239,0,7059.79,10133.6,10.199999999999989
622,L,300.6,310.0,1443.0,39.5,143,0,5968.87,5648.5,9.399999999999977
623,L,301.1,310.4,1503.0,34.8,129,0,5477.3,4489.2,9.299999999999955
624,L,301.5,312.1,1326.0,49.9,158,0,6929.03,7884.2,10.600000000000023
625,M,300.7,310.9,1452.0,35.6,62,0,5413.09,2207.2000000000003,10.199999999999989
626,L,299.5,308.2,1264.0,55.6,46,0,7359.54,2557.6,8.699999999999989
627,L,302.0,310.0,1558.0,41.4,18,0,6754.55,745.1999999999999,8.0
628,M,300.1,312.0,1503.0,40.4,55,0,6358.71,2222.0,11.899999999999977
629,L,299.1,307.8,1374.0,47.5,10,0,6834.53,475.0,8.699999999999989
630,L,299.6,310.2,1857.0,33.4,85,0,6495.12,2839.0,10.599999999999966
631,M,296.5,308.0,1494.0,45.6,220,0,7134.18,10032.0,11.5
632,M,299.6,309.8,1589.0,41.0,120,0,6822.39,4920.0,10.199999999999989
633,L,301.4,310.8,1423.0,44.0,222,0,6556.71,9768.0,9.400000000000034
634,L,300.7,309.3,1463.0,33.1,135,0,5071.09,4468.5,8.600000000000023
635,L,303.0,311.6,1596.0,33.0,73,0,5515.38,2409.0,8.600000000000023
636,L,299.5,309.9,1478.0,21.6,133,0,3343.16,2872.8,10.399999999999977
637,L,301.0,312.4,1538.0,35.3,158,0,5685.38,5577.4,11.399999999999977
638,L,301.6,311.2,1682.0,34.8,242,0,6129.62,8421.599999999999,9.599999999999966
639,L,304.7,314.1,1445.0,33.3,98,0,5038.96,3263.3999999999996,9.400000000000034
640,L,300.3,311.0,1299.0,38.8,49,0,5278.0,1901.1999999999998,10.699999999999989
641,L,297.9,307.2,1264.0,40.5,103,0,5360.81,4171.5,9.300000000000011
642,L,301.7,312.0,1795.0,44.9,249,1,8439.94,11180.1,10.300000000000011
643,L,303.7,313.8,1704.0,45.5,28,0,8119.13,1274.0,10.100000000000023
644,L,299.4,308.9,1655.0,46.4,20,0,8041.64,928.0,9.5
645,L,301.7,311.7,1459.0,46.8,168,0,7150.39,7862.4,10.0
646,M,302.5,314.2,1299.0,42.6,68,0,5794.92,2896.8,11.699999999999989
647,L,302.0,312.6,1487.0,40.5,196,0,6306.59,7938.0,10.600000000000023
648,M,300.3,311.3,1521.0,49.2,87,0,7836.51,4280.400000000001,11.0
649,M,298.6,307.7,1335.0,46.8,78,0,6542.68,3650.3999999999996,9.099999999999966
650,L,299.8,310.9,1274.0,25.1,183,0,3348.67,4593.3,11.099999999999966
651,L,300.9,311.6,1228.0,38.2,27,0,4912.36,1031.4,10.700000000000045
652,L,301.8,310.3,1655.0,21.9,161,0,3795.52,3525.8999999999996,8.5
653,L,300.7,311.2,1322.0,21.7,55,0,3004.14,1193.5,10.5
654,M,299.2,308.7,1593.0,34.8,204,0,5805.29,7099.2,9.5
655,L,301.1,309.6,1466.0,38.6,182,0,5925.84,7025.2,8.5
656,L,301.7,311.8,1643.0,35.7,171,0,6142.35,6104.700000000001,10.100000000000023
657,L,300.8,311.3,1598.0,22.2,159,0,3715.0,3529.7999999999997,10.5
658,L,298.3,308.5,1496.0,47.6,123,0,7457.05,5854.8,10.199999999999989
659,M,299.6,309.5,1561.0,32.9,213,0,5378.08,7007.7,9.899999999999977
660,L,301.9,311.6,1518.0,44.8,28,0,7121.61,1254.3999999999999,9.700000000000045
661,L,297.2,309.7,1427.0,33.1,2,0,4946.3,66.2,12.5
662,H,295.8,304.6,1713.0,34.9,68,0,6260.53,2373.2,8.800000000000011
663,M,303.0,313.9,1462.0,44.2,241,1,6767.03,10652.2,10.899999999999977
664,L,301.0,311.0,1522.0,36.4,10,0,5801.56,364.0,10.0
665,L,301.2,310.4,1284.0,41.6,175,0,5593.54,7280.0,9.199999999999989
666,L,297.8,307.8,1587.0,42.7,104,0,7096.32,4440.8,10.0
667,L,301.5,310.1,1428.0,25.7,52,0,3843.17,1336.3999999999999,8.600000000000023
668,L,300.6,310.0,1452.0,44.7,55,0,6796.77,2458.5,9.399999999999977
669,L,296.8,306.8,1387.0,30.6,180,0,4444.54,5508.0,10.0
670,L,302.8,311.3,1515.0,28.8,153,0,4569.13,4406.400000000001,8.5
671,L,300.3,310.8,1178.0,32.7,136,0,4033.87,4447.200000000001,10.5
672,M,299.2,308.2,1660.0,48.0,107,0,8344.07,5136.0,9.0
673,L,299.2,307.8,1531.0,24.0,202,0,3847.82,4848.0,8.600000000000023
674,L,296.0,304.9,1454.0,46.4,192,0,7064.98,8908.8,8.899999999999977
675,L,301.2,313.4,1260.0,43.3,101,0,5713.3,4373.299999999999,12.199999999999989
676,H,300.5,308.5,1615.0,40.6,236,0,6866.37,9581.6,8.0
677,L,299.6,310.0,1424.0,42.4,55,0,6322.73,2332.0,10.399999999999977
678,L,302.6,311.8,1771.0,37.0,27,0,6861.97,999.0,9.199999999999989
679,H,297.2,306.9,1625.0,46.7,150,0,7946.92,7005.0,9.699999999999989
680,M,298.8,309.4,1812.0,35.7,158,0,6774.15,5640.6,10.599999999999966
681,M,298.3,308.9,1562.0,23.7,193,0,3876.66,4574.099999999999,10.599999999999966
682,L,299.4,308.8,1730.0,39.1,188,0,7083.56,7350.8,9.400000000000034
683,L,300.1,308.8,1620.0,47.9,81,0,8126.04,3879.9,8.699999999999989
684,M,300.9,311.5,1457.0,44.8,15,0,6835.44,672.0,10.600000000000023
685,H,299.3,309.9,1571.0,58.0,186,0,9541.85,10788.0,10.599999999999966
686,L,298.2,308.0,1388.0,37.4,233,0,5436.13,8714.199999999999,9.800000000000011
687,L,303.4,313.8,1908.0,38.3,208,0,7652.54,7966.4,10.400000000000034
688,L,304.8,314.4,1519.0,37.6,175,0,5981.01,6580.0,9.599999999999966
689,M,300.3,309.5,1542.0,32.2,16,0,5199.59,515.2,9.199999999999989
690,L,298.5,308.5,1607.0,35.2,238,0,5923.62,8377.6,10.0
691,L,303.0,313.5,1343.0,29.6,34,0,4162.9,1006.4000000000001,10.5
692,L,297.1,307.4,1774.0,17.1,94,0,3176.72,1607.4,10.299999999999955
693,L,299.3,309.8,1354.0,34.1,226,0,4835.06,7706.6,10.5
694,L,298.6,307.8,1313.0,40.1,186,0,5513.63,7458.6,9.199999999999989
695,L,297.7,309.3,1508.0,46.2,215,0,7295.78,9933.0,11.600000000000023
696,M,299.4,309.1,1309.0,34.2,168,0,4688.07,5745.6,9.700000000000045
697,L,298.3,308.2,1817.0,34.3,36,0,6526.46,1234.8,9.899999999999977
698,L,300.0,308.7,1496.0,50.2,112,0,7864.37,5622.400000000001,8.699999999999989
699,L,300.1,309.9,1046.5,26.6,29,0,2915.07,771.4000000000001,9.799999999999955
700,L,298.8,309.3,1573.0,38.3,81,0,6308.94,3102.2999999999997,10.5
701,L,299.3,310.0,1637.0,49.4,218,0,8468.46,10769.199999999999,10.699999999999989
702,L,299.5,311.1,1462.0,32.8,143,0,5021.69,4690.4,11.600000000000023
703,L,301.6,312.1,1295.0,24.6,211,0,3336.06,5190.6,10.5
704,L,299.7,310.0,1519.0,56.9,104,0,9051.04,5917.599999999999,10.300000000000011
705,L,301.6,311.2,1451.0,47.9,46,0,7278.33,2203.4,9.599999999999966
706,H,301.2,310.5,1363.0,48.2,27,0,6879.73,1301.4,9.300000000000011
707,L,301.1,312.1,1347.0,39.0,148,0,5501.24,5772.0,11.0
708,M,302.8,313.7,1565.0,46.3,40,0,7587.94,1852.0,10.899999999999977
709,L,297.8,306.7,1699.0,15.1,44,0,2686.57,664.4,8.899999999999977
710,M,299.1,309.8,1620.0,35.5,96,0,6022.43,3408.0,10.699999999999989
711,M,303.5,314.2,1228.0,49.3,111,0,6339.78,5472.299999999999,10.699999999999989
712,L,299.5,308.4,1648.0,26.0,200,0,4487.03,5200.0,8.899999999999977
713,L,294.4000000000001,304.9,1676.0,36.6,191,0,6423.68,6990.6,10.499999999999886
714,L,299.6,308.5,1787.0,43.1,215,0,8065.48,9266.5,8.899999999999977
715,L,300.3,307.8,1367.0,32.1,140,1,4595.18,4494.0,7.5
716,H,294.8,304.6,1527.0,40.0,221,0,6396.28,8840.0,9.800000000000011
717,M,302.7,312.9,1639.0,43.7,237,0,7500.48,10356.900000000001,10.199999999999989
718,H,298.6,308.5,1443.0,42.9,170,0,6482.65,7293.0,9.899999999999977
719,L,300.7,313.5,1636.0,35.9,224,0,6150.44,8041.599999999999,12.800000000000011
720,M,299.5,309.9,1533.0,31.6,118,0,5072.92,3728.8,10.399999999999977
721,H,297.4,307.6,1386.0,43.8,109,0,6357.2,4774.2,10.200000000000045
722,L,297.9,308.3,1401.0,43.3,116,0,6352.65,5022.799999999999,10.400000000000034
723,L,298.1,307.7,1761.0,42.8,57,0,7892.81,2439.6,9.599999999999966
724,M,302.2,313.1,1359.0,41.0,215,0,5834.88,8815.0,10.900000000000034
725,L,299.7,310.1,1328.0,43.3,19,0,6021.64,822.6999999999999,10.400000000000034
726,M,299.0,309.3,1599.0,48.6,113,0,8137.92,5491.8,10.300000000000011
727,L,298.1,307.5,1532.0,43.0,190,0,6898.52,8170.0,9.399999999999977
728,M,302.4,310.8,1303.0,40.9,0,1,5580.8,0.0,8.400000000000034
729,L,302.9,312.4,1445.0,34.7,22,0,5250.81,763.4000000000001,9.5
730,L,302.4,312.7,1391.0,53.7,32,0,7822.22,1718.4,10.300000000000011
731,L,301.0,310.5,1423.0,28.7,184,0,4276.77,5280.8,9.5
732,M,300.6,310.9,1989.0,37.9,208,0,7894.1,7883.2,10.299999999999955
733,M,297.6,307.3,1483.0,34.8,181,0,5404.42,6298.799999999999,9.699999999999989
734,L,299.5,309.9,1380.0,21.7,193,0,3135.94,4188.099999999999,10.399999999999977
735,L,298.6,307.7,1899.0,43.4,94,0,8630.65,4079.6,9.099999999999966
736,M,296.3,306.5,1696.0,37.9,122,0,6731.22,4623.8,10.199999999999989
737,L,302.1,311.5,1667.0,40.2,158,0,7017.63,6351.6,9.399999999999977
738,M,298.6,307.1,1388.0,38.1,181,0,5537.87,6896.1,8.5
739,L,302.4,312.2,1751.0,47.4,245,1,8691.47,11613.0,9.800000000000011
740,L,301.8,313.3,1684.0,48.7,143,0,8588.15,6964.1,11.5
741,L,301.1,309.7,1564.0,28.9,164,0,4733.29,4739.599999999999,8.599999999999966
742,L,301.2,311.3,1230.0,57.5,100,0,7406.3,5750.0,10.100000000000023
743,M,298.8,309.6,1534.0,37.5,247,0,6024.0,9262.5,10.800000000000011
744,L,303.7,316.0,1847.0,45.8,134,0,8858.52,6137.2,12.300000000000011
745,L,300.1,309.6,1577.0,41.7,244,0,6886.47,10174.800000000001,9.5
746,M,300.6,310.0,1470.0,41.0,227,0,6311.46,9307.0,9.399999999999977
747,L,298.7,307.5,1497.0,45.4,0,0,7117.15,0.0,8.800000000000011
748,L,298.1,309.3,1509.0,53.0,221,1,8375.17,11713.0,11.199999999999989
749,H,301.0,310.1,1394.0,47.6,145,0,6948.62,6902.0,9.100000000000023
750,M,300.4,310.1,1530.0,37.5,169,0,6008.3,6337.5,9.700000000000045
751,L,298.4,306.6,1796.0,39.1,38,0,7353.8,1485.8,8.200000000000045
752,H,297.1,308.0,1775.0,34.3,25,0,6375.6,857.4999999999999,10.899999999999977
753,M,297.5,308.6,1402.0,47.0,74,0,6900.4,3478.0,11.100000000000023
754,L,302.4,313.2,1766.0,45.8,192,0,8470.03,8793.599999999999,10.800000000000011
755,L,298.8,307.2,1674.0,36.5,124,0,6398.48,4526.0,8.399999999999977
756,M,299.3,309.9,1651.0,53.1,124,0,9180.58,6584.400000000001,10.599999999999966
757,M,302.9,311.2,1615.0,50.6,56,0,8557.59,2833.6,8.300000000000011
758,L,297.8,307.8,1371.0,58.1,229,1,8341.46,13304.9,10.0
759,M,298.5,308.8,1465.0,32.0,196,0,4909.26,6272.0,10.300000000000011
760,M,298.5,308.8,1687.0,38.9,213,1,6872.16,8285.699999999999,10.300000000000011
761,L,303.2,313.8,1321.0,37.9,204,0,5242.89,7731.599999999999,10.600000000000023
762,L,304.0,314.0,1351.0,65.8,16,0,9309.15,1052.8,10.0
763,L,301.5,309.5,1592.0,40.0,241,0,6668.55,9640.0,8.0
764,M,301.6,312.1,1396.0,52.5,134,0,7674.91,7035.0,10.5
765,L,298.8,308.9,1685.0,50.2,101,0,8857.93,5070.200000000001,10.099999999999966
766,L,303.9,313.0,1402.0,39.1,198,0,5740.55,7741.8,9.100000000000023
767,M,300.5,309.0,1581.0,40.5,11,0,6705.26,445.5,8.5
768,M,301.7,313.2,1596.0,45.1,37,0,7537.69,1668.7,11.5
769,L,299.8,311.0,1451.0,52.4,214,1,7962.09,11213.6,11.199999999999989
770,M,299.5,310.2,1495.0,38.2,175,0,5980.44,6685.000000000001,10.699999999999989
771,L,303.3,312.6,1416.0,34.8,182,0,5160.25,6333.599999999999,9.300000000000011
772,M,301.1,308.6,1534.0,49.2,53,0,7903.49,2607.6000000000004,7.5
773,L,302.9,313.7,1365.0,28.5,71,0,4073.86,2023.5,10.800000000000011
774,L,300.5,310.9,1497.0,42.4,14,0,6646.86,593.6,10.399999999999977
775,M,298.3,307.9,1671.0,50.5,29,0,8836.83,1464.5,9.599999999999966
776,L,298.8,310.0,1334.0,44.2,54,0,6174.57,2386.8,11.199999999999989
777,L,300.2,311.1,1450.0,34.3,72,0,5208.24,2469.6,10.900000000000034
778,M,298.7,308.9,1630.0,29.9,108,0,5103.73,3229.2,10.199999999999989
779,M,297.8,307.8,1166.0,51.7,148,0,6312.74,7651.6,10.0
780,M,302.4,312.5,1870.0,38.2,235,0,7480.55,8977.0,10.100000000000023
781,M,298.9,309.6,1725.0,30.9,59,0,5581.82,1823.1,10.700000000000045
782,L,300.3,309.4,1262.0,51.2,205,0,6766.4,10496.0,9.099999999999966
783,L,300.6,311.0,1161.0,47.9,135,0,5823.66,6466.5,10.399999999999977
784,L,298.8,307.9,1543.0,29.4,174,0,4750.53,5115.599999999999,9.099999999999966
785,L,302.9,314.2,1337.0,64.9,247,1,9086.67,16030.300000000001,11.300000000000011
786,H,297.8,308.3,1710.0,34.5,119,0,6177.94,4105.5,10.5
787,L,300.5,309.8,1608.0,47.7,163,0,8032.17,7775.1,9.300000000000011
788,L,300.5,310.6,1560.0,59.7,72,0,9752.76,4298.400000000001,10.100000000000023
789,L,299.9,309.0,1435.0,48.7,25,0,7318.29,1217.5,9.100000000000023
790,H,297.4,308.9,1824.0,42.5,83,0,8117.88,3527.5,11.5
791,L,301.7,313.4,1672.0,25.6,229,1,4482.34,5862.400000000001,11.699999999999989
792,L,301.5,312.2,1645.0,60.2,122,0,10370.29,7344.400000000001,10.699999999999989
793,L,298.6,310.2,1752.0,48.5,69,0,8898.25,3346.5,11.599999999999966
794,M,301.4,311.6,1355.0,25.8,161,0,3660.9,4153.8,10.200000000000045
795,L,300.7,311.5,1767.0,55.3,59,0,10232.7,3262.7,10.800000000000011
796,M,297.4,308.7,1490.0,40.5,150,0,6319.31,6075.0,11.300000000000011
797,H,298.3,308.3,1597.0,37.1,230,1,6204.51,8533.0,10.0
798,L,302.3,312.3,1509.0,34.2,224,0,5404.36,7660.800000000001,10.0
799,M,300.6,311.6,1201.0,41.6,124,0,5231.97,5158.400000000001,11.0
800,H,298.9,309.5,1709.0,47.9,84,0,8572.47,4023.6,10.600000000000023
801,M,298.3,307.5,1211.0,35.0,168,0,4438.55,5880.0,9.199999999999989
802,L,299.0,306.8,1364.0,41.2,89,1,5884.92,3666.8,7.800000000000011
803,L,299.1,308.9,1456.0,66.55000000000001,68,0,10147.01,4525.400000000001,9.799999999999955
804,M,298.3,306.2,1188.0,44.6,249,1,5548.56,11105.4,7.899999999999977
805,L,296.5,305.5,1340.0,49.5,182,0,6946.06,9009.0,9.0
806,M,302.3,311.4,1581.0,30.4,72,0,5033.08,2188.7999999999997,9.099999999999966
807,H,301.9,311.4,1475.0,26.4,123,0,4077.79,3247.2,9.5
808,H,297.5,308.3,1490.0,54.5,44,0,8503.77,2398.0,10.800000000000011
809,L,300.3,311.3,1374.0,51.6,60,0,7424.46,3096.0,11.0
810,L,298.2,308.7,1546.0,57.0,160,0,9228.11,9120.0,10.5
811,H,299.5,310.1,1479.0,39.1,216,0,6055.83,8445.6,10.600000000000023
812,M,299.3,310.0,1244.0,52.4,179,0,6826.22,9379.6,10.699999999999989
813,L,299.1,306.6,1502.0,14.5,110,0,2280.69,1595.0,7.5
814,H,304.0,314.0,1315.0,45.3,80,0,6238.1,3624.0,10.0
815,M,299.1,307.3,1698.0,50.2,103,0,8926.27,5170.6,8.199999999999989
816,L,298.4,308.9,1467.0,33.0,110,0,5069.59,3630.0,10.5
817,L,298.5,306.4,1989.0,50.4,18,0,10497.69,907.1999999999999,7.899999999999977
818,L,302.1,311.9,1711.0,38.1,202,0,6826.59,7696.200000000001,9.799999999999955
819,L,296.7,307.2,1514.0,39.1,7,0,6199.14,273.7,10.5
820,L,298.5,307.4,1641.0,37.3,197,0,6409.82,7348.099999999999,8.899999999999977
821,M,302.9,313.9,1163.0,55.6,133,1,6771.47,7394.8,11.0
822,L,300.5,311.0,1710.0,35.4,199,0,6339.11,7044.599999999999,10.5
823,L,300.4,310.8,1391.0,34.2,184,0,4981.75,6292.8,10.400000000000034
824,L,304.3,315.0,1554.0,31.4,87,0,5109.86,2731.7999999999997,10.699999999999989
825,L,300.5,310.1,1407.0,36.2,59,0,5333.73,2135.8,9.600000000000023
826,H,298.6,308.7,1426.0,41.8,118,0,6242.01,4932.4,10.099999999999966
827,L,299.4,309.4,1505.0,46.3,146,0,7297.03,6759.799999999999,10.0
828,L,297.7,307.7,1551.0,32.4,124,0,5262.42,4017.6,10.0
829,M,302.5,311.8,1533.0,43.6,179,0,6999.34,7804.400000000001,9.300000000000011
830,L,301.1,309.9,1537.0,46.0,168,0,7403.9,7728.0,8.799999999999955
831,L,302.2,311.9,1247.0,30.6,90,0,3995.92,2754.0,9.699999999999989
832,L,302.4,312.0,1955.0,40.5,211,1,8291.45,8545.5,9.600000000000023
833,L,299.2,308.4,1579.0,39.1,87,0,6465.28,3401.7000000000003,9.199999999999989
834,L,298.1,309.0,1616.0,40.6,165,0,6870.62,6699.0,10.899999999999977
835,L,299.9,308.7,1477.0,34.6,126,0,5351.62,4359.6,8.800000000000011
836,L,298.3,308.1,1381.0,38.6,68,0,5582.25,2624.8,9.800000000000011
837,H,300.3,311.5,1565.0,40.2,143,0,6588.23,5748.6,11.199999999999989
838,L,302.3,313.2,1589.0,58.5,38,0,9734.38,2223.0,10.899999999999977
839,L,299.7,310.9,1771.0,40.3,96,0,7473.99,3868.7999999999997,11.199999999999989
840,M,300.3,309.7,1909.0,53.2,201,0,10635.21,10693.2,9.399999999999977
841,L,299.8,310.6,1802.0,54.0,50,0,10190.07,2700.0,10.800000000000011
842,M,301.6,310.5,1221.0,26.8,132,0,3426.72,3537.6,8.899999999999977
843,L,298.7,308.4,1455.0,37.0,115,0,5637.59,4255.0,9.699999999999989
844,H,295.6,305.4,1598.0,54.0,82,0,9036.48,4428.0,9.799999999999955
845,L,300.9,310.4,1466.0,41.7,189,0,6401.75,7881.3,9.5
846,L,302.0,311.6,1530.0,38.7,114,0,6200.56,4411.8,9.600000000000023
847,L,300.9,310.4,1154.0,47.4,40,0,5728.13,1896.0,9.5
848,H,298.7,307.7,1701.0,50.5,84,0,8995.48,4242.0,9.0
849,L,297.7,308.6,1202.0,39.6,194,0,4984.58,7682.400000000001,10.900000000000034
850,L,301.0,310.8,1256.0,37.1,58,0,4879.69,2151.8,9.800000000000011
851,L,300.3,310.5,1356.0,16.4,244,0,2328.8,4001.5999999999995,10.199999999999989
852,M,299.7,309.9,1520.0,40.4,91,0,6430.63,3676.4,10.199999999999989
853,L,303.6,313.7,1247.0,36.1,232,0,4714.14,8375.2,10.099999999999966
854,M,298.1,308.2,1348.0,29.9,146,0,4220.75,4365.4,10.099999999999966
855,L,303.6,313.2,1743.0,37.9,79,0,6917.76,2994.1,9.599999999999966
856,L,300.1,311.5,1517.0,35.7,61,0,5671.3,2177.7000000000003,11.399999999999977
857,L,296.3,307.1,1615.0,41.6,180,0,7035.49,7488.0,10.800000000000011
858,L,299.6,309.7,1316.0,37.1,193,0,5112.8,7160.3,10.099999999999966
859,L,301.9,311.5,1528.0,44.4,7,0,7104.52,310.8,9.600000000000023
860,L,299.3,309.2,1513.0,41.6,45,0,6591.15,1872.0,9.899999999999977
861,M,297.1,307.5,1395.0,52.6,101,0,7684.02,5312.6,10.399999999999977
862,L,299.7,311.2,1528.0,34.6,139,0,5536.41,4809.400000000001,11.5
863,L,298.3,306.9,1199.0,57.6,87,1,7232.2,5011.2,8.599999999999966
864,L,301.0,311.6,1616.0,50.5,64,0,8545.97,3232.0,10.600000000000023
865,L,301.5,312.7,1466.0,54.7,209,1,8397.5,11432.300000000001,11.199999999999989
866,L,297.9,306.4,1491.0,42.4,22,0,6620.22,932.8,8.5
867,L,298.6,308.4,1690.0,37.1,38,0,6565.82,1409.8,9.799999999999955
868,L,301.5,310.4,1615.0,34.5,59,0,5834.72,2035.5,8.899999999999977
869,M,298.3,308.7,1481.0,57.4,154,0,8902.16,8839.6,10.399999999999977
870,H,297.8,307.5,1338.0,50.8,184,0,7117.84,9347.199999999999,9.699999999999989
871,L,297.6,307.5,1775.0,29.9,43,0,5557.74,1285.7,9.899999999999977
872,L,300.7,310.3,1298.0,49.6,235,1,6741.94,11656.0,9.600000000000023
873,M,300.6,311.3,1650.0,31.7,69,0,5477.37,2187.2999999999997,10.699999999999989
874,L,298.6,308.9,1252.0,43.1,155,0,5650.8,6680.5,10.299999999999955
875,L,300.0,310.2,1702.0,48.1,150,0,8573.01,7215.0,10.199999999999989
876,L,303.1,313.2,1718.0,54.4,115,0,9787.02,6256.0,10.099999999999966
877,M,298.1,308.6,1195.0,42.3,33,0,5293.43,1395.8999999999999,10.5
878,M,296.1,305.8,1618.0,38.6,24,0,6540.25,926.4000000000001,9.699999999999989
879,L,300.9,312.6,1603.0,40.3,138,0,6764.99,5561.4,11.700000000000045
880,L,299.8,308.5,1663.0,50.5,47,0,8794.52,2373.5,8.699999999999989
881,L,298.6,306.9,1603.0,47.8,64,0,8023.98,3059.2,8.299999999999955
882,M,301.3,309.5,1365.0,39.7,101,1,5674.82,4009.7000000000003,8.199999999999989
883,L,301.7,309.6,1499.0,21.3,137,0,3343.57,2918.1,7.900000000000034
884,L,295.6,306.3,1835.0,15.7,200,0,3016.92,3140.0,10.699999999999989
885,M,298.7,309.2,1339.0,42.1,153,0,5903.25,6441.3,10.5
886,L,304.6,315.8,1595.0,28.1,137,0,4693.49,3849.7000000000003,11.199999999999989
887,M,301.2,310.1,1744.0,34.6,17,0,6319.04,588.2,8.900000000000034
888,L,301.4,312.1,1360.0,37.6,241,1,5354.95,9061.6,10.700000000000045
889,L,302.3,312.4,1284.0,60.6,187,1,8148.29,11332.2,10.099999999999966
890,L,300.0,310.2,1311.0,41.1,72,0,5642.52,2959.2000000000003,10.199999999999989
891,M,301.6,312.2,1608.0,47.1,44,0,7931.14,2072.4,10.599999999999966
892,M,301.4,310.7,1309.0,44.9,153,0,6154.81,6869.7,9.300000000000011
893,M,301.1,313.7,1513.0,15.8,105,0,2503.37,1659.0,12.599999999999966
894,L,299.4,310.7,1783.0,35.9,136,0,6703.08,4882.4,11.300000000000011
895,M,300.3,309.8,1528.0,27.7,35,0,4432.33,969.5,9.5
896,L,298.8,307.7,1398.0,57.1,142,0,8359.34,8108.2,8.899999999999977
897,L,300.0,309.9,1560.0,21.8,151,0,3561.31,3291.8,9.899999999999977
898,M,297.7,307.8,1525.0,35.7,167,0,5701.21,5961.900000000001,10.100000000000023
899,L,298.4,309.5,1619.0,37.3,129,0,6323.89,4811.7,11.100000000000023
900,L,299.4,308.3,1827.0,30.1,131,0,5758.82,3943.1000000000004,8.900000000000034
901,L,298.1,308.4,1609.0,40.9,229,0,6891.41,9366.1,10.299999999999955
902,L,299.0,307.5,1902.0,39.5,94,0,7867.49,3713.0,8.5
903,L,299.7,310.1,1619.0,41.5,19,0,7035.96,788.5,10.400000000000034
904,L,300.8,310.7,1400.0,44.9,166,0,6582.68,7453.4,9.899999999999977
905,L,301.9,313.8,1947.0,42.3,44,0,8624.52,1861.1999999999998,11.900000000000034
906,M,299.1,307.5,1515.0,43.7,153,0,6933.02,6686.1,8.399999999999977
907,M,302.7,314.0,1349.0,51.0,187,0,7204.61,9537.0,11.300000000000011
908,L,301.9,310.2,1953.0,23.5,196,0,4806.17,4606.0,8.300000000000011
909,L,301.0,309.7,1406.0,46.9,67,0,6905.37,3142.2999999999997,8.699999999999989
910,L,300.3,308.6,1399.0,29.5,85,0,4321.84,2507.5,8.300000000000011
911,L,300.6,310.9,1439.0,33.5,69,0,5048.17,2311.5,10.299999999999955
912,L,302.4,311.2,1567.0,41.1,228,0,6744.34,9370.800000000001,8.800000000000011
913,M,302.4,311.1,1704.0,44.0,117,0,7851.47,5148.0,8.700000000000045
914,L,302.7,312.9,1063.0,45.2,30,0,5031.53,1356.0,10.199999999999989
915,L,300.1,310.5,1703.0,30.5,126,0,5439.3,3843.0,10.399999999999977
916,L,301.1,311.1,1438.0,56.1,196,1,8447.93,10995.6,10.0
917,L,302.7,312.5,1464.0,35.7,134,0,5473.16,4783.8,9.800000000000011
918,H,298.8,310.6,1845.0,32.7,68,0,6317.9,2223.6000000000004,11.800000000000011
919,M,299.4,309.5,1576.0,27.2,3,0,4489.04,81.6,10.100000000000023
920,L,300.0,310.8,1618.0,26.2,218,0,4439.24,5711.599999999999,10.800000000000011
921,M,301.8,311.9,1529.0,26.0,200,0,4163.03,5200.0,10.099999999999966
922,L,301.8,310.7,1674.0,43.0,36,0,7537.94,1548.0,8.899999999999977
923,M,299.5,310.1,1827.0,45.9,117,0,8781.73,5370.3,10.600000000000023
924,M,297.0,306.3,1094.0,31.3,1,0,3585.83,31.3,9.300000000000011
925,L,300.5,310.4,1732.0,28.5,176,0,5169.18,5016.0,9.899999999999977
926,L,298.2,308.5,1814.0,37.8,210,0,7180.55,7937.999999999999,10.300000000000011
927,L,297.0,305.1,1627.0,40.9,230,0,6968.5,9407.0,8.100000000000023
928,L,297.5,305.9,1416.0,42.5,16,0,6302.03,680.0,8.399999999999977
929,M,300.7,311.6,1331.0,30.3,16,0,4223.27,484.8,10.900000000000034
930,L,302.7,312.1,1960.0,38.2,239,0,7840.58,9129.800000000001,9.400000000000034
931,L,300.1,309.5,1376.0,55.5,167,0,7997.24,9268.5,9.399999999999977
932,M,300.4,310.6,1809.0,28.0,50,0,5304.27,1400.0,10.200000000000045
933,H,302.4,312.0,1607.0,39.6,113,0,6664.07,4474.8,9.600000000000023
934,L,296.9,307.3,1904.0,44.9,215,0,8952.45,9653.5,10.400000000000034
935,L,301.0,311.0,1481.0,30.3,204,0,4699.23,6181.2,10.0
936,L,300.0,310.2,1250.0,46.0,27,0,6021.39,1242.0,10.199999999999989
937,L,301.1,310.4,1538.0,26.6,121,0,4284.17,3218.6000000000004,9.299999999999955
938,H,299.0,309.2,1271.0,46.2,45,0,6149.16,2079.0,10.199999999999989
939,L,298.4,309.5,2017.0,40.3,113,0,8512.16,4553.9,11.100000000000023
940,L,300.3,309.7,1650.0,25.8,108,0,4457.92,2786.4,9.399999999999977
941,L,303.3,314.2,1677.0,46.7,126,0,8201.22,5884.200000000001,10.899999999999977
942,L,301.7,311.7,1677.0,31.0,105,0,5444.07,3255.0,10.0
943,M,299.0,309.7,1413.0,38.4,205,0,5682.01,7872.0,10.699999999999989
944,M,297.3,307.4,1514.0,46.2,214,0,7324.81,9886.800000000001,10.099999999999966
945,L,296.6,306.6,1557.0,30.3,86,0,4940.37,2605.8,10.0
946,L,302.6,313.0,1885.0,34.6,201,0,6829.93,6954.6,10.399999999999977
947,L,298.1,309.3,1330.0,51.1,101,0,7117.07,5161.1,11.199999999999989
948,H,299.3,309.6,1407.0,19.3,48,0,2843.68,926.4000000000001,10.300000000000011
949,M,302.6,313.1,1473.0,54.0,144,0,8329.62,7776.0,10.5
950,L,296.8,306.4,1417.0,25.3,26,0,3754.21,657.8000000000001,9.599999999999966
951,M,303.0,314.6,1276.0,32.9,189,0,4396.18,6218.099999999999,11.600000000000023
952,M,299.5,310.1,1053.0,42.7,10,0,4708.52,427.0,10.600000000000023
953,L,297.7,307.8,1210.0,45.9,210,0,5816.03,9639.0,10.100000000000023
954,H,299.5,309.4,1734.0,42.9,123,0,7789.96,5276.7,9.899999999999977
955,L,298.6,309.5,1536.0,40.4,236,1,6498.32,9534.4,10.899999999999977
956,L,300.9,310.3,1687.0,35.6,171,0,6289.18,6087.6,9.400000000000034
957,L,298.7,306.9,1433.0,55.5,107,0,8328.52,5938.5,8.199999999999989
958,L,296.2,306.2,1520.0,47.6,218,0,7576.68,10376.800000000001,10.0
959,L,299.6,310.7,1826.0,51.6,35,0,9866.86,1806.0,11.099999999999966
960,M,297.3,308.9,1815.0,35.7,120,0,6785.37,4284.0,11.599999999999966
961,L,300.4,310.3,1706.0,16.7,143,0,2983.49,2388.1,9.900000000000034
962,M,297.6,307.7,1574.0,50.1,59,0,8257.93,2955.9,10.099999999999966
963,L,299.0,309.5,1630.0,43.5,214,0,7425.15,9309.0,10.5
964,L,300.4,310.1,1604.0,41.7,96,0,7004.37,4003.2000000000003,9.700000000000045
965,L,299.6,310.1,1508.0,34.2,179,0,5400.77,6121.8,10.5
966,L,300.5,310.4,1465.0,36.4,21,0,5584.29,764.4,9.899999999999977
967,M,301.4,312.4,1738.0,33.9,205,0,6169.9,6949.5,11.0
968,L,297.7,308.4,1306.0,40.3,76,0,5511.59,3062.7999999999997,10.699999999999989
969,L,299.9,310.7,1804.0,28.6,213,0,5402.95,6091.8,10.800000000000011
970,L,294.4000000000001,303.85,1488.0,47.5,198,0,7401.59,9405.0,9.449999999999932
971,M,300.5,312.4,1302.0,60.2,120,0,8207.98,7224.0,11.899999999999977
972,H,299.4,309.9,1440.0,33.9,37,1,5112.0,1254.3,10.5
973,M,298.0,308.3,1381.0,24.0,64,0,3470.83,1536.0,10.300000000000011
974,L,300.6,309.9,1434.0,38.9,178,0,5841.54,6924.2,9.299999999999955
975,L,302.3,312.2,1431.0,43.0,224,0,6443.72,9632.0,9.899999999999977
976,L,299.0,309.2,1424.0,44.4,85,0,6620.97,3774.0,10.199999999999989
977,L,298.1,307.3,1482.0,55.9,126,0,8675.38,7043.4,9.199999999999989
978,L,300.3,310.0,1526.0,48.0,150,0,7670.51,7200.0,9.699999999999989
979,L,297.3,307.2,1674.0,21.9,126,0,3839.09,2759.3999999999996,9.899999999999977
980,L,298.7,308.7,1494.0,27.6,14,0,4318.06,386.40000000000003,10.0
981,L,302.4,310.7,1596.0,43.9,107,0,7337.13,4697.3,8.300000000000011
982,M,300.1,310.0,1539.0,35.4,78,0,5705.2,2761.2,9.899999999999977
983,L,296.2,305.9,1634.0,55.0,30,0,9411.16,1650.0,9.699999999999989
984,L,296.4,306.4,1546.0,30.6,155,0,4954.04,4743.0,10.0
985,M,300.3,311.4,1422.0,49.5,66,0,7371.12,3267.0,11.099999999999966
986,L,301.7,313.8,1373.0,33.4,169,0,4802.26,5644.599999999999,12.100000000000023
987,M,296.8,307.4,1575.0,42.5,152,0,7009.68,6460.0,10.599999999999966
988,L,300.9,309.7,1765.0,31.7,32,0,5859.12,1014.4,8.800000000000011
989,L,302.7,312.3,1496.0,45.5,96,0,7128.06,4368.0,9.600000000000023
990,M,303.8,314.4,1412.0,50.6,150,0,7481.93,7590.0,10.599999999999966
991,M,300.7,311.1,1492.0,42.4,91,0,6624.66,3858.4,10.400000000000034
992,M,301.0,312.0,1437.0,58.9,52,0,8863.41,3062.7999999999997,11.0
993,L,295.7,305.6,1418.0,32.7,143,0,4855.71,4676.1,9.900000000000034
994,L,304.2,313.8,1279.0,40.9,164,0,5478.01,6707.599999999999,9.600000000000023
995,L,298.8,310.6,1494.0,48.3,132,0,7556.6,6375.599999999999,11.800000000000011
996,L,298.1,308.2,1580.0,30.4,234,0,5029.9,7113.599999999999,10.099999999999966
997,H,299.5,308.5,1344.0,40.5,138,0,5700.11,5589.0,9.0
998,L,303.0,314.5,1380.0,46.5,11,0,6719.87,511.5,11.5
999,H,304.4,312.9,1368.0,49.2,20,1,7048.23,984.0,8.5
1000,L,300.3,306.8,1289.0,51.3,145,1,6924.67,7438.5,6.5
1001,L,302.0,312.8,1366.0,31.2,141,0,4463.07,4399.2,10.800000000000011
1002,L,300.1,311.0,1502.0,42.8,32,0,6731.97,1369.6,10.899999999999977
1003,M,297.9,308.3,1297.0,26.8,148,0,3640.02,3966.4,10.400000000000034
1004,M,303.0,311.7,1513.0,32.7,153,0,5181.02,5003.1,8.699999999999989
1005,M,298.8,308.7,1412.0,38.2,216,0,5648.42,8251.2,9.899999999999977
1006,M,303.1,312.8,1371.0,51.3,231,0,7365.18,11850.3,9.699999999999989
1007,M,302.6,312.1,1605.0,45.2,152,0,7597.0,6870.400000000001,9.5
1008,M,301.2,312.6,1423.0,40.3,34,0,6005.35,1370.1999999999998,11.400000000000034
1009,L,303.7,312.6,1453.0,44.4,62,0,6755.81,2752.7999999999997,8.900000000000034
1010,L,304.5,314.8,1770.0,45.1,113,0,8359.46,5096.3,10.300000000000011
1011,L,299.6,310.8,1373.0,43.6,116,0,6268.82,5057.6,11.199999999999989
1012,H,298.4,308.8,1818.0,34.2,118,0,6511.01,4035.6000000000004,10.400000000000034
1013,H,296.3,307.5,1475.0,30.4,124,0,4695.63,3769.6,11.199999999999989
1014,L,304.5,315.1,1334.0,37.7,147,0,5266.54,5541.900000000001,10.600000000000023
1015,M,299.1,309.5,1438.0,32.0,62,0,4818.78,1984.0,10.399999999999977
1016,H,302.3,312.6,1550.0,46.1,193,0,7482.75,8897.300000000001,10.300000000000011
1017,L,298.5,309.1,1762.0,55.1,104,0,10166.84,5730.400000000001,10.600000000000023
1018,L,303.1,312.7,1680.0,45.5,117,0,8004.78,5323.5,9.599999999999966
1019,H,298.6,307.3,1549.0,21.9,242,0,3552.42,5299.799999999999,8.699999999999989
1020,L,297.6,308.6,1763.0,33.6,139,0,6203.26,4670.400000000001,11.0
1021,M,299.6,310.7,1201.0,40.1,31,0,5043.31,1243.1000000000001,11.099999999999966
1022,L,298.9,309.2,1582.0,25.6,106,0,4241.07,2713.6000000000004,10.300000000000011
1023,H,301.2,310.6,1593.0,40.2,96,0,6706.11,3859.2000000000003,9.400000000000034
1024,H,299.9,308.3,1595.0,44.6,47,0,7449.45,2096.2000000000003,8.400000000000034
1025,H,301.3,311.3,1249.0,53.9,222,0,7049.85,11965.8,10.0
1026,L,299.4,308.1,1355.0,58.0,224,1,8229.93,12992.0,8.700000000000045
1027,M,298.7,307.2,1508.0,28.0,119,0,4421.69,3332.0,8.5
1028,M,298.8,308.8,1737.0,38.7,186,0,7039.46,7198.200000000001,10.0
1029,L,304.1,313.3,1880.0,38.9,19,0,7658.37,739.1,9.199999999999989
1030,M,300.5,310.8,1419.0,32.8,104,0,4873.99,3411.2,10.300000000000011
1031,L,296.0,305.9,1303.0,40.9,100,0,5580.8,4090.0,9.899999999999977
1032,L,299.0,308.4,1684.0,39.1,36,0,6895.21,1407.6000000000001,9.399999999999977
1033,L,300.2,308.5,2005.0,46.0,39,0,9658.3,1794.0,8.300000000000011
1034,L,303.7,312.8,1736.0,53.4,118,0,9707.77,6301.2,9.100000000000023
1035,L,302.1,311.2,1403.0,41.2,188,0,6053.18,7745.6,9.099999999999966
1036,M,298.2,306.9,2026.5,35.0,55,0,7427.51,1925.0,8.699999999999989
1037,L,304.8,314.5,1660.0,29.7,13,0,5162.89,386.09999999999997,9.699999999999989
1038,M,299.9,308.8,1396.0,60.2,163,0,8800.56,9812.6,8.900000000000034
1039,L,302.5,312.3,1884.0,48.9,203,0,9647.58,9926.699999999999,9.800000000000011
1040,L,297.7,307.9,1382.0,43.9,89,0,6353.33,3907.1,10.199999999999989
1041,L,295.2,304.4,1426.0,38.2,33,0,5704.42,1260.6000000000001,9.199999999999989
1042,M,297.2,307.6,1668.0,56.0,5,0,9781.66,280.0,10.400000000000034
1043,L,294.4000000000001,303.85,1533.0,38.3,45,0,6148.51,1723.4999999999998,9.449999999999932
1044,M,304.2,313.1,1544.0,22.8,204,0,3686.47,4651.2,8.900000000000034
1045,M,300.4,310.3,1544.0,42.5,118,0,6871.71,5015.0,9.900000000000034
1046,M,298.2,308.8,1737.0,27.7,149,0,5038.58,4127.3,10.600000000000023
1047,L,300.9,311.8,1121.0,42.6,98,0,5000.85,4174.8,10.900000000000034
1048,L,300.4,312.0,1588.0,53.3,82,0,8863.52,4370.599999999999,11.600000000000023
1049,M,301.2,310.9,1486.0,23.2,228,0,3610.23,5289.599999999999,9.699999999999989
1050,L,302.4,312.3,1403.0,30.9,150,0,4539.88,4635.0,9.900000000000034
1051,M,299.4,308.4,1402.0,48.5,113,0,7120.63,5480.5,9.0
1052,L,298.2,307.0,1065.0,34.9,63,0,3892.28,2198.7,8.800000000000011
1053,H,301.7,311.9,1395.0,44.0,95,0,6427.7,4180.0,10.199999999999989
1054,M,301.6,310.8,1768.0,44.1,171,0,8164.87,7541.1,9.199999999999989
1055,H,300.2,311.4,1686.0,48.8,10,0,8616.01,488.0,11.199999999999989
1056,L,304.4,312.9,1503.0,33.5,67,0,5272.69,2244.5,8.5
1057,M,299.1,309.6,1285.0,14.5,60,0,1951.19,870.0,10.5
1058,L,298.2,307.2,1685.0,43.9,75,0,7746.28,3292.5,9.0
1059,L,300.8,310.0,1772.0,24.3,55,0,4509.19,1336.5,9.199999999999989
1060,M,298.7,309.2,1723.0,49.2,178,0,8877.26,8757.6,10.5
1061,M,301.0,310.3,1364.0,39.5,62,0,5642.09,2449.0,9.300000000000011
1062,H,298.3,307.8,1383.0,37.0,230,0,5358.61,8510.0,9.5
1063,M,299.2,308.4,1834.0,46.8,29,0,8988.22,1357.1999999999998,9.199999999999989
1064,L,303.8,315.6,1321.0,22.6,9,0,3126.37,203.4,11.800000000000011
1065,L,299.2,308.6,1623.0,37.9,242,0,6441.49,9171.8,9.400000000000034
1066,M,298.4,308.5,1219.0,44.4,215,0,5667.81,9546.0,10.100000000000023
1067,L,302.3,312.1,1484.0,42.4,150,0,6589.13,6360.0,9.800000000000011
1068,L,297.9,308.1,1642.0,35.0,0,0,6018.24,0.0,10.200000000000045
1069,L,298.6,308.0,1532.0,35.1,47,0,5631.12,1649.7,9.399999999999977
1070,L,301.2,311.0,1631.0,55.3,131,0,9445.13,7244.299999999999,9.800000000000011
1071,L,301.9,312.3,1318.0,49.0,118,0,6763.01,5782.0,10.400000000000034
1072,L,302.4,311.6,1391.0,33.3,155,0,4850.65,5161.5,9.200000000000045
1073,L,298.5,309.6,1624.0,53.3,171,0,9064.46,9114.3,11.100000000000023
1074,L,301.2,312.4,1662.0,47.4,236,1,8249.7,11186.4,11.199999999999989
1075,H,299.1,309.7,1577.0,44.8,116,0,7398.41,5196.799999999999,10.599999999999966
1076,L,298.8,308.9,1707.0,45.1,66,0,8061.92,2976.6,10.099999999999966
1077,L,302.4,309.4,1241.0,28.5,239,1,3703.78,6811.5,7.0
1078,M,298.9,309.3,1454.0,54.9,129,0,8359.21,7082.099999999999,10.400000000000034
1079,L,300.6,310.2,1864.0,49.4,104,0,9642.76,5137.599999999999,9.599999999999966
1080,H,300.3,310.1,1767.0,42.3,57,0,7827.18,2411.1,9.800000000000011
1081,M,297.9,306.0,1651.0,42.3,5,0,7313.34,211.5,8.100000000000023
1082,L,301.9,312.4,1510.0,39.0,169,0,6166.95,6591.0,10.5
1083,L,301.1,309.7,1723.0,34.2,16,0,6170.78,547.2,8.599999999999966
1084,M,296.0,306.1,1614.0,45.2,164,0,7639.6,7412.8,10.100000000000023
1085,H,300.6,311.5,1266.0,32.0,171,0,4242.41,5472.0,10.899999999999977
1086,L,298.5,308.0,1716.0,41.4,22,0,7439.54,910.8,9.5
1087,M,302.2,313.4,1382.0,40.9,39,0,5919.16,1595.1,11.199999999999989
1088,L,297.1,306.4,1673.0,43.7,212,0,7656.07,9264.400000000001,9.299999999999955
1089,H,299.3,309.9,1248.0,49.3,171,0,6443.03,8430.3,10.599999999999966
1090,L,300.7,309.4,1824.0,43.9,158,0,8385.29,6936.2,8.699999999999989
1091,H,300.1,311.1,1488.0,46.8,75,0,7292.52,3510.0,11.0
1092,M,301.5,312.4,1339.0,20.6,220,0,2888.53,4532.0,10.899999999999977
1093,M,297.0,307.4,1414.0,44.5,233,0,6589.28,10368.5,10.399999999999977
1094,L,303.3,312.9,1477.0,40.6,123,0,6279.65,4993.8,9.599999999999966
1095,L,301.1,309.6,1536.0,43.6,140,0,7013.04,6104.0,8.5
1096,L,302.7,312.3,1773.0,34.6,217,1,6424.12,7508.200000000001,9.600000000000023
1097,L,301.7,312.9,1550.0,51.4,224,1,8343.02,11513.6,11.199999999999989
1098,L,300.0,310.1,1149.0,42.4,123,0,5101.7,5215.2,10.100000000000023
1099,M,297.4,305.9,1317.0,32.5,97,1,4482.27,3152.5,8.5
1100,L,298.9,307.7,2026.5,34.2,19,0,7257.74,649.8000000000001,8.800000000000011
1101,L,303.2,314.4,1562.0,48.9,174,0,7998.68,8508.6,11.199999999999989
1102,H,302.8,313.3,1708.0,39.1,9,0,6993.48,351.90000000000003,10.5
1103,M,298.8,307.5,1482.0,39.9,192,0,6192.27,7660.799999999999,8.699999999999989
1104,H,294.4000000000001,303.85,1358.0,37.9,51,1,5389.74,1932.8999999999999,9.449999999999932
1105,H,299.6,308.9,1451.0,50.0,62,0,7597.42,3100.0,9.299999999999955
1106,L,299.4,307.6,1560.0,44.7,156,0,7302.32,6973.200000000001,8.200000000000045
1107,L,299.5,309.3,1455.0,28.1,181,0,4281.52,5086.1,9.800000000000011
1108,M,301.1,313.5,1881.0,30.2,125,0,5948.73,3775.0,12.399999999999977
1109,M,301.8,310.2,1427.0,39.9,85,0,5962.46,3391.5,8.399999999999977
1110,L,302.0,311.8,1349.0,33.5,49,0,4732.44,1641.5,9.800000000000011
1111,M,300.9,312.2,1682.0,18.4,64,0,3240.95,1177.6,11.300000000000011
1112,L,296.4,307.1,1704.0,32.5,43,0,5799.38,1397.5,10.700000000000045
1113,L,299.3,309.2,1543.0,37.1,7,0,5994.71,259.7,9.899999999999977
1114,L,304.6,314.5,1430.0,35.9,248,0,5376.0,8903.199999999999,9.899999999999977
1115,L,300.7,309.6,1197.0,47.1,8,0,5903.96,376.8,8.900000000000034
1116,L,300.7,310.5,1756.0,17.6,22,0,3236.43,387.20000000000005,9.800000000000011
1117,L,300.7,311.0,1693.0,32.2,211,0,5708.76,6794.200000000001,10.300000000000011
1118,M,300.8,311.9,1459.0,47.8,161,0,7303.18,7695.799999999999,11.099999999999966
1119,L,295.2,304.6,1548.0,33.3,15,0,5398.14,499.49999999999994,9.400000000000034
1120,L,299.5,309.3,1497.0,27.8,246,0,4358.08,6838.8,9.800000000000011
1121,M,299.9,309.0,1829.0,33.1,213,0,6339.72,7050.3,9.100000000000023
1122,H,302.6,312.8,1352.0,44.3,237,0,6272.04,10499.099999999999,10.199999999999989
1123,M,300.1,310.9,1427.0,37.4,189,0,5588.87,7068.599999999999,10.799999999999955
1124,M,296.7,307.3,1409.0,32.7,214,0,4824.89,6997.8,10.600000000000023
1125,M,300.9,309.7,1593.0,44.7,64,0,7456.79,2860.8,8.800000000000011
1126,L,298.4,308.5,1548.0,43.6,205,0,7067.83,8938.0,10.100000000000023
1127,L,297.6,306.9,1573.0,27.3,179,0,4496.97,4886.7,9.299999999999955
1128,L,298.3,309.3,1380.0,40.8,112,0,5896.14,4569.599999999999,11.0
1129,L,301.1,310.9,1803.0,27.0,150,0,5097.86,4050.0,9.799999999999955
1130,L,302.5,311.0,1456.0,51.6,37,0,7867.55,1909.2,8.5
1131,M,301.0,310.7,1750.0,52.2,121,0,9566.15,6316.200000000001,9.699999999999989
1132,L,301.3,311.7,2026.5,37.0,167,0,7851.94,6179.0,10.399999999999977
1133,L,300.9,311.2,1381.0,50.5,113,0,7303.21,5706.5,10.300000000000011
1134,L,300.2,309.7,1599.0,32.4,7,0,5425.28,226.79999999999998,9.5
1135,M,301.4,310.8,1514.0,38.5,31,0,6104.01,1193.5,9.400000000000034
1136,L,295.2,304.2,1901.0,34.1,39,0,6788.36,1329.9,9.0
1137,M,300.2,309.8,1487.0,39.7,193,0,6182.02,7662.1,9.600000000000023
1138,L,297.9,307.1,1582.0,40.6,175,0,6726.07,7105.0,9.200000000000045
1139,L,302.3,313.3,1578.0,39.9,12,0,6593.39,478.79999999999995,11.0
1140,L,299.7,308.8,1520.0,39.0,122,0,6207.79,4758.0,9.100000000000023
1141,M,300.1,310.2,1673.0,41.2,26,0,7218.08,1071.2,10.099999999999966
1142,L,297.0,307.0,1554.0,52.4,173,0,8527.29,9065.199999999999,10.0
1143,M,302.0,313.0,1624.0,19.9,70,0,3384.29,1393.0,11.0
1144,L,301.3,312.3,1576.0,59.0,2,0,9737.26,118.0,11.0
1145,L,301.1,311.8,1429.0,36.4,84,0,5447.06,3057.6,10.699999999999989
1146,M,298.4,308.7,1489.0,39.1,60,0,6096.77,2346.0,10.300000000000011
1147,M,298.5,307.4,1637.0,53.1,71,0,9102.73,3770.1,8.899999999999977
1148,M,300.4,309.4,1636.0,45.9,192,0,7863.66,8812.8,9.0
1149,M,298.6,307.8,1760.0,45.2,144,0,8330.67,6508.8,9.199999999999989
1150,M,300.9,311.6,1870.0,52.3,153,0,10241.7,8001.9,10.700000000000045
1151,M,295.7,305.8,1444.0,38.3,28,0,5791.55,1072.3999999999999,10.100000000000023
1152,M,299.0,309.9,1562.0,49.1,71,0,8031.4,3486.1,10.899999999999977
1153,M,303.6,314.6,1503.0,27.3,165,0,4296.85,4504.5,11.0
1154,M,300.9,310.2,1339.0,44.1,178,0,6183.69,7849.8,9.300000000000011
1155,M,300.3,310.4,1639.0,45.5,42,0,7809.42,1911.0,10.099999999999966
1156,M,304.0,314.0,1677.0,51.3,199,0,9009.05,10208.699999999999,10.0
1157,L,295.3,305.0,1345.0,47.0,7,0,6619.86,329.0,9.699999999999989
1158,M,298.4,307.8,1470.0,41.9,152,0,6450.0,6368.8,9.400000000000034
1159,M,299.2,310.4,1453.0,36.7,233,0,5584.19,8551.1,11.199999999999989
1160,L,301.7,311.8,1267.0,36.6,105,0,4856.09,3843.0,10.100000000000023
1161,M,301.8,311.8,1531.0,36.7,245,0,5883.96,8991.5,10.0
1162,L,298.3,307.5,1333.0,27.0,123,0,3768.97,3321.0,9.199999999999989
1163,L,302.0,312.7,1566.0,57.3,54,0,9396.69,3094.2,10.699999999999989
1164,M,299.2,308.2,1586.0,49.8,172,0,8271.06,8565.6,9.0
1165,L,302.4,312.9,1608.0,42.4,218,0,7139.71,9243.199999999999,10.5
1166,M,297.9,308.4,1616.0,48.0,213,0,8122.9,10224.0,10.5
1167,M,299.8,309.3,1812.0,47.4,66,0,8994.25,3128.4,9.5
1168,L,299.0,309.3,1393.0,30.0,56,0,4376.24,1680.0,10.300000000000011
1169,L,302.1,312.3,1402.0,46.2,48,0,6782.95,2217.6000000000004,10.199999999999989
1170,L,299.0,308.9,1655.0,52.5,244,1,9098.84,12810.0,9.899999999999977
1171,M,299.9,309.9,1514.0,33.1,53,0,5247.86,1754.3000000000002,10.0
1172,H,301.0,311.1,1739.0,24.6,174,0,4479.85,4280.400000000001,10.100000000000023
1173,M,301.1,311.2,1638.0,28.3,191,0,4854.33,5405.3,10.099999999999966
1174,L,301.8,311.8,1881.0,38.9,101,0,7662.44,3928.8999999999996,10.0
1175,M,300.4,309.3,1521.0,27.8,240,0,4427.95,6672.0,8.900000000000034
1176,L,299.2,309.0,1272.0,38.2,23,0,5088.37,878.6,9.800000000000011
1177,M,299.3,309.6,1598.0,33.4,61,0,5589.23,2037.3999999999999,10.300000000000011
1178,L,300.1,310.1,1525.0,39.9,32,0,6371.94,1276.8,10.0
1179,M,300.5,311.5,1633.0,34.8,98,0,5951.06,3410.3999999999996,11.0
1180,L,299.7,310.3,1656.0,39.5,39,0,6849.93,1540.5,10.600000000000023
1181,H,300.0,309.2,1442.0,45.9,156,0,6931.17,7160.4,9.199999999999989
1182,L,297.0,306.8,1357.0,30.4,7,0,4319.98,212.79999999999998,9.800000000000011
1183,M,301.3,311.0,1511.0,42.7,202,0,6756.49,8625.400000000001,9.699999999999989
1184,H,300.4,310.4,1111.0,31.4,15,0,3653.19,471.0,10.0
1185,L,302.0,312.0,1552.0,39.8,122,0,6468.5,4855.599999999999,10.0
1186,H,300.0,310.6,1465.0,39.1,160,0,5998.5,6256.0,10.600000000000023
1187,M,296.5,306.7,1692.0,43.4,63,0,7689.86,2734.2,10.199999999999989
1188,L,299.3,310.5,1182.0,41.7,138,0,5161.57,5754.6,11.199999999999989
1189,L,299.6,309.8,1539.0,52.2,156,0,8412.75,8143.200000000001,10.199999999999989
1190,M,301.5,310.7,1820.0,39.6,48,0,7547.36,1900.8000000000002,9.199999999999989
1191,L,295.9,305.4,1658.0,33.7,108,0,5851.17,3639.6000000000004,9.5
1192,L,300.1,310.7,1713.0,49.2,87,0,8825.74,4280.400000000001,10.599999999999966
1193,L,301.0,309.4,1598.0,43.2,193,0,7229.18,8337.6,8.399999999999977
1194,M,298.7,307.3,1240.0,48.7,4,0,6323.82,194.8,8.600000000000023
1195,L,300.1,310.2,1567.0,38.7,215,0,6350.51,8320.5,10.099999999999966
1196,M,298.7,309.7,1611.0,26.9,180,0,4538.12,4842.0,11.0
1197,H,298.5,309.8,1344.0,62.2,43,0,8754.24,2674.6,11.300000000000011
1198,H,299.2,309.0,1515.0,33.9,238,0,5378.25,8068.2,9.800000000000011
1199,M,298.6,309.6,1046.5,28.3,134,0,3101.38,3792.2000000000003,11.0
1200,L,301.4,311.4,1478.0,47.0,222,0,7274.46,10434.0,10.0
1201,M,298.5,307.0,1459.0,30.5,221,0,4659.98,6740.5,8.5
1202,L,298.2,308.2,1789.0,36.0,69,0,6744.37,2484.0,10.0
1203,L,303.5,312.9,1430.0,41.1,68,0,6154.69,2794.8,9.399999999999977
1204,L,301.9,312.8,1490.0,38.5,78,0,6007.25,3003.0,10.900000000000034
1205,L,296.3,306.3,1523.0,36.3,154,0,5789.42,5590.2,10.0
1206,M,298.5,307.2,1432.0,55.7,98,0,8352.7,5458.6,8.699999999999989
1207,M,300.5,309.0,1666.0,38.8,53,0,6769.17,2056.3999999999996,8.5
1208,L,300.6,310.6,1181.0,30.9,200,0,3821.53,6180.0,10.0
1209,L,297.0,304.6,1741.0,49.6,125,0,9042.93,6200.0,7.600000000000023
1210,H,302.3,311.8,1535.0,32.7,22,0,5256.36,719.4000000000001,9.5
1211,L,301.7,311.9,1770.0,38.8,185,0,7191.73,7177.999999999999,10.199999999999989
1212,L,301.0,309.9,1046.5,30.9,144,0,3386.31,4449.599999999999,8.899999999999977
1213,L,302.7,313.7,1101.0,42.0,116,0,4842.45,4872.0,11.0
1214,M,300.9,312.1,1485.0,40.3,86,0,6267.01,3465.7999999999997,11.200000000000045
1215,M,300.9,309.9,1628.0,39.6,45,0,6751.16,1782.0,9.0
1216,L,303.1,312.8,1438.0,41.4,102,0,6234.3,4222.8,9.699999999999989
1217,L,302.2,313.2,1642.0,48.0,46,0,8253.59,2208.0,11.0
1218,M,298.3,308.3,1713.0,46.9,220,0,8413.15,10318.0,10.0
1219,M,301.3,309.9,1657.0,29.5,58,0,5118.86,1711.0,8.599999999999966
1220,L,298.7,308.5,1556.0,33.2,102,0,5409.74,3386.4,9.800000000000011
1221,H,301.0,310.2,1555.0,49.1,172,0,7995.41,8445.2,9.199999999999989
1222,L,301.0,312.1,1427.0,32.1,109,0,4796.87,3498.9,11.100000000000023
1223,L,297.2,307.8,1528.0,44.8,61,0,7168.53,2732.7999999999997,10.600000000000023
1224,H,299.8,309.4,1354.0,48.3,53,0,6848.48,2559.8999999999996,9.599999999999966
1225,L,300.5,310.7,1397.0,23.5,124,0,3437.9,2914.0,10.199999999999989
1226,M,299.1,307.8,1630.0,35.9,202,0,6127.89,7251.799999999999,8.699999999999989
1227,L,300.6,309.9,1455.0,48.0,113,0,7313.63,5424.0,9.299999999999955
1228,L,301.6,313.2,1405.0,38.4,140,0,5649.84,5376.0,11.599999999999966
1229,H,299.9,310.0,1618.0,35.9,11,0,6082.77,394.9,10.100000000000023
1230,L,300.4,311.4,1606.0,48.2,1,0,8106.27,48.2,11.0
1231,M,302.8,313.0,1499.0,50.9,41,0,7990.02,2086.9,10.199999999999989
1232,L,300.9,312.3,1511.0,33.1,181,0,5237.46,5991.1,11.400000000000034
1233,L,300.4,308.4,1612.0,57.5,10,0,9706.47,575.0,8.0
1234,L,298.1,307.9,1711.0,22.1,239,0,3959.78,5281.900000000001,9.799999999999955
1235,M,301.3,313.0,1573.0,24.9,112,0,4101.63,2788.7999999999997,11.699999999999989
1236,L,300.7,311.6,1324.0,35.4,77,0,4908.17,2725.7999999999997,10.900000000000034
1237,M,302.6,313.9,1498.0,36.6,149,0,5741.45,5453.400000000001,11.299999999999955
1238,L,300.1,310.1,1465.0,37.0,212,0,5676.33,7844.0,10.0
1239,H,296.4,305.8,1349.0,34.6,108,0,4887.84,3736.8,9.400000000000034
1240,L,296.6,305.6,1627.0,32.7,176,0,5571.39,5755.200000000001,9.0
1241,M,301.5,310.4,1640.0,37.7,36,0,6474.61,1357.2,8.899999999999977
1242,M,298.9,309.7,1667.0,34.0,35,0,5935.31,1190.0,10.800000000000011
1243,M,300.9,311.4,1360.0,46.7,216,0,6650.96,10087.2,10.5
1244,M,300.2,310.2,1566.0,40.2,234,0,6592.44,9406.800000000001,10.0
1245,M,299.7,310.2,1536.0,37.7,176,0,6064.03,6635.200000000001,10.5
1246,M,299.8,309.9,1593.0,39.2,57,0,6539.29,2234.4,10.099999999999966
1247,L,298.3,309.2,1561.0,51.0,2,0,8336.84,102.0,10.899999999999977
1248,L,300.0,310.9,1535.0,35.1,193,0,5642.14,6774.3,10.899999999999977
1249,H,298.8,307.8,1514.0,27.2,218,0,4312.44,5929.599999999999,9.0
1250,M,299.3,309.5,1736.0,30.2,160,0,5490.16,4832.0,10.199999999999989
1251,M,299.4,307.7,1383.0,37.6,145,0,5445.51,5452.0,8.300000000000011
1252,L,299.5,309.7,1507.0,44.7,175,0,7054.23,7822.500000000001,10.199999999999989
1253,L,301.8,312.4,1731.0,48.7,74,0,8827.84,3603.8,10.599999999999966
1254,L,299.7,308.4,1392.0,56.3,198,1,8206.85,11147.4,8.699999999999989
1255,M,302.0,311.6,1401.0,47.3,36,0,6939.5,1702.8,9.600000000000023
1256,L,303.1,313.1,1669.0,31.1,177,0,5435.57,5504.7,10.0
1257,L,301.7,311.9,1283.0,37.9,35,0,5092.07,1326.5,10.199999999999989
1258,L,301.1,310.8,1656.0,18.3,26,0,3173.51,475.8,9.699999999999989
1259,L,300.7,309.5,1450.0,36.8,149,0,5587.85,5483.2,8.800000000000011
1260,L,301.7,311.7,1611.0,33.9,30,0,5719.05,1017.0,10.0
1261,L,300.2,308.5,1319.0,16.9,167,1,2334.32,2822.2999999999997,8.300000000000011
1262,M,302.0,311.7,1750.0,60.9,181,0,11160.51,11022.9,9.699999999999989
1263,L,301.2,310.8,1320.0,36.1,63,0,4990.11,2274.3,9.600000000000023
1264,L,299.3,309.1,1667.0,18.9,197,0,3299.33,3723.2999999999997,9.800000000000011
1265,L,301.8,311.2,1327.0,37.2,245,0,5169.43,9114.0,9.399999999999977
1266,L,300.2,308.7,1861.0,56.3,116,0,10971.94,6530.799999999999,8.5
1267,L,299.8,309.4,1525.0,58.9,52,0,9406.19,3062.7999999999997,9.599999999999966
1268,L,299.0,310.0,1887.0,40.5,53,0,8003.05,2146.5,11.0
1269,M,300.3,311.6,1391.0,40.9,181,0,5957.71,7402.9,11.300000000000011
1270,L,302.0,314.4,1458.0,52.1,224,1,7954.7,11670.4,12.399999999999977
1271,M,301.8,313.5,1754.0,38.4,198,0,7053.25,7603.2,11.699999999999989
1272,M,300.7,309.5,1282.0,44.5,133,0,5974.16,5918.5,8.800000000000011
1273,M,301.2,310.8,1412.0,48.3,63,0,7141.85,3042.8999999999996,9.600000000000023
1274,L,302.5,312.5,1626.0,29.2,181,0,4972.01,5285.2,10.0
1275,L,299.7,309.6,1355.0,55.2,64,0,7832.62,3532.8,9.900000000000034
1276,L,297.8,307.8,1631.0,31.1,102,0,5311.82,3172.2000000000003,10.0
1277,L,302.6,315.0,1568.0,33.6,173,0,5517.14,5812.8,12.399999999999977
1278,H,298.9,307.9,1267.0,40.9,229,0,5426.61,9366.1,9.0
1279,L,298.6,307.9,1711.0,49.3,169,0,8833.35,8331.699999999999,9.299999999999955
1280,L,296.4,308.1,1312.0,46.6,113,0,6402.48,5265.8,11.700000000000045
1281,M,301.1,310.5,1676.0,39.4,111,0,6915.11,4373.4,9.399999999999977
1282,M,296.8,307.2,1560.0,42.7,235,0,6975.59,10034.5,10.399999999999977
1283,L,298.5,309.5,1456.0,50.6,92,0,7715.08,4655.2,11.0
1284,L,301.2,311.7,1340.0,40.0,74,0,5612.98,2960.0,10.5
1285,L,301.4,311.6,1596.0,31.8,219,0,5314.82,6964.2,10.200000000000045
1286,L,298.7,309.6,1381.0,33.9,55,0,4902.55,1864.5,10.900000000000034
1287,L,299.7,308.8,1754.0,49.0,167,0,9000.24,8183.0,9.100000000000023
1288,L,298.3,307.8,1760.0,31.8,14,0,5860.96,445.2,9.5
1289,L,298.9,309.4,1831.0,24.3,29,0,4659.33,704.7,10.5
1290,L,300.5,308.5,1588.0,36.9,22,0,6136.28,811.8,8.0
1291,L,299.0,310.4,1465.0,39.1,11,0,5998.5,430.1,11.399999999999977
1292,L,299.5,309.8,1484.0,48.5,246,1,7537.1,11931.0,10.300000000000011
1293,L,297.1,307.2,1471.0,25.4,91,0,3912.69,2311.4,10.099999999999966
1294,M,302.3,310.6,1582.0,43.4,94,0,7189.93,4079.6,8.300000000000011
1295,M,301.0,309.7,1616.0,51.4,157,0,8698.27,8069.8,8.699999999999989
1296,L,301.6,311.2,1758.0,31.8,122,0,5854.3,3879.6,9.599999999999966
1297,L,302.6,313.4,1541.0,40.7,102,0,6567.89,4151.400000000001,10.799999999999955
1298,L,298.3,306.3,1286.0,18.5,15,1,2491.39,277.5,8.0
1299,M,299.3,310.1,1465.0,48.6,157,0,7455.94,7630.2,10.800000000000011
1300,M,296.2,305.9,1816.0,47.8,67,0,9090.18,3202.6,9.699999999999989
1301,L,305.5999999999999,316.1,1259.0,39.7,32,0,5234.13,1270.4,10.500000000000114
1302,H,299.7,310.0,1670.0,26.7,184,0,4669.35,4912.8,10.300000000000011
1303,L,302.1,312.3,1468.0,46.5,96,0,7148.38,4464.0,10.199999999999989
1304,L,297.5,306.8,1379.0,37.5,155,0,5415.32,5812.5,9.300000000000011
1305,M,302.0,312.6,1608.0,13.34999999999999,212,0,2248.0,2830.199999999998,10.600000000000023
1306,M,303.7,311.4,1817.0,47.7,206,0,9076.16,9826.2,7.699999999999989
1307,M,299.9,309.4,1598.0,51.5,25,0,8618.12,1287.5,9.5
1308,M,298.0,308.1,1491.0,53.2,124,0,8306.5,6596.8,10.100000000000023
1309,L,299.7,309.4,1306.0,27.2,13,0,3719.98,353.59999999999997,9.699999999999989
1310,M,295.5,303.85,1520.0,20.8,184,0,3310.82,3827.2000000000003,8.350000000000023
1311,L,299.9,310.7,1299.0,35.8,142,0,4869.91,5083.599999999999,10.800000000000011
1312,M,301.6,310.4,1482.0,45.1,193,0,6999.28,8704.300000000001,8.799999999999955
1313,L,299.9,309.9,1526.0,30.5,15,0,4873.97,457.5,10.0
1314,M,299.4,309.6,1115.0,24.1,36,0,2813.98,867.6,10.200000000000045
1315,L,301.1,311.1,1786.0,47.1,10,0,8809.09,471.0,10.0
1316,M,301.2,312.4,1316.0,36.5,10,0,5030.11,365.0,11.199999999999989
1317,L,296.7,306.6,1504.0,46.1,160,0,7260.68,7376.0,9.900000000000034
1318,M,300.2,310.6,1633.0,40.1,1,0,6857.4,40.1,10.400000000000034
1319,L,304.9,314.8,1772.0,38.2,32,0,7088.52,1222.4,9.900000000000034
1320,L,297.3,307.9,1396.0,39.3,62,0,5745.22,2436.6,10.599999999999966
1321,L,299.8,311.2,1088.0,36.3,130,0,4135.84,4719.0,11.399999999999977
1322,L,303.9,314.0,1731.0,35.3,83,0,6398.83,2929.8999999999996,10.100000000000023
1323,M,302.2,313.0,1314.0,28.9,32,0,3976.69,924.8,10.800000000000011
1324,L,299.0,310.4,1602.0,44.7,25,0,7498.92,1117.5,11.399999999999977
1325,H,300.4,311.8,1613.0,52.3,240,0,8834.15,12552.0,11.400000000000034
1326,L,300.0,309.6,1046.5,34.9,33,0,3824.66,1151.7,9.600000000000023
1327,L,298.5,309.5,1248.0,58.5,77,0,7645.38,4504.5,11.0
1328,M,299.9,310.1,1455.0,43.7,179,0,6658.45,7822.3,10.200000000000045
1329,M,299.4,310.6,1075.0,42.5,92,0,4784.38,3910.0,11.200000000000045
1330,L,300.2,310.8,1298.0,46.4,193,0,6306.98,8955.199999999999,10.600000000000023
1331,L,298.5,308.8,1559.0,49.6,241,1,8097.6,11953.6,10.300000000000011
1332,M,297.4,307.9,1522.0,35.4,199,0,5642.17,7044.599999999999,10.5
1333,L,299.9,310.2,1592.0,45.4,154,0,7568.81,6991.599999999999,10.300000000000011
1334,H,303.4,313.7,1618.0,50.3,199,0,8522.66,10009.699999999999,10.300000000000011
1335,H,300.2,310.0,1236.0,36.1,70,0,4672.55,2527.0,9.800000000000011
1336,M,299.3,309.1,1308.0,39.9,202,0,5465.24,8059.799999999999,9.800000000000011
1337,L,301.5,313.3,1674.0,32.3,115,0,5662.22,3714.4999999999995,11.800000000000011
1338,M,299.7,310.2,1810.0,35.0,230,1,6634.0,8050.0,10.5
1339,L,303.7,313.2,1364.0,36.4,93,0,5199.29,3385.2,9.5
1340,L,300.0,309.7,1584.0,30.9,245,0,5125.57,7570.5,9.699999999999989
1341,L,301.4,312.5,1682.0,39.3,230,0,6922.25,9039.0,11.100000000000023
1342,L,298.5,307.8,1580.0,43.2,176,0,7147.75,7603.200000000001,9.300000000000011
1343,M,301.0,309.5,1493.0,44.2,46,0,6910.52,2033.2,8.5
1344,M,300.6,309.1,1423.0,31.8,148,0,4738.72,4706.400000000001,8.5
1345,M,299.9,308.2,1893.0,33.9,148,0,6720.15,5017.2,8.300000000000011
1346,L,299.0,307.7,1555.0,48.4,198,0,7881.42,9583.199999999999,8.699999999999989
1347,L,298.7,307.5,1607.0,33.8,211,0,5688.02,7131.799999999999,8.800000000000011
1348,L,300.6,311.9,1596.0,48.1,60,0,8039.08,2886.0,11.299999999999955
1349,H,301.3,311.2,1392.0,32.6,112,0,4752.1,3651.2000000000003,9.899999999999977
1350,L,299.7,309.4,1547.0,43.7,242,0,7079.46,10575.400000000001,9.699999999999989
1351,M,300.6,309.1,1480.0,47.4,141,0,7346.3,6683.4,8.5
1352,L,299.9,309.8,1477.0,13.5,147,0,2088.06,1984.5,9.900000000000034
1353,L,300.2,308.5,1594.0,48.5,4,0,8095.78,194.0,8.300000000000011
1354,M,299.6,309.2,1374.0,52.9,158,0,7611.51,8358.199999999999,9.599999999999966
1355,L,300.0,312.1,1322.0,36.8,189,0,5094.57,6955.2,12.100000000000023
1356,M,305.4,316.1,1627.0,43.3,139,0,7377.41,6018.7,10.700000000000045
1357,H,300.6,310.4,1442.0,31.5,55,0,4756.69,1732.5,9.799999999999955
1358,L,301.3,312.0,1476.0,43.5,183,0,6723.64,7960.5,10.699999999999989
1359,L,300.9,310.4,1192.0,64.4,139,1,8038.79,8951.6,9.5
1360,L,299.5,308.7,1710.0,18.0,193,0,3223.27,3474.0,9.199999999999989
1361,H,302.6,314.3,1631.0,34.9,25,0,5960.85,872.5,11.699999999999989
1362,L,299.4,308.3,1664.0,47.8,67,0,8329.33,3202.6,8.900000000000034
1363,M,302.1,311.8,1607.0,52.5,29,0,8834.94,1522.5,9.699999999999989
1364,M,299.3,309.6,1266.0,26.1,225,0,3460.21,5872.5,10.300000000000011
1365,M,298.1,307.1,1578.0,33.5,228,0,5535.8,7638.0,9.0
1366,L,300.7,311.4,1428.0,34.1,19,0,5099.31,647.9,10.699999999999989
1367,M,297.8,307.5,1365.0,33.4,193,0,4774.28,6446.2,9.699999999999989
1368,H,301.1,311.7,1627.0,38.7,108,0,6593.67,4179.6,10.599999999999966
1369,L,297.6,308.2,1834.0,25.7,162,0,4935.84,4163.4,10.599999999999966
1370,L,299.4,309.1,1805.0,37.4,78,0,7069.32,2917.2,9.700000000000045
1371,H,297.1,308.8,1649.0,30.6,50,0,5284.1,1530.0,11.699999999999989
1372,L,305.5999999999999,315.0,1532.0,39.2,239,0,6288.88,9368.800000000001,9.400000000000091
1373,M,296.7,308.0,1499.0,32.9,13,0,5164.47,427.7,11.300000000000011
1374,L,300.0,311.2,1376.0,38.2,54,0,5504.41,2062.8,11.199999999999989
1375,L,302.3,314.1,1489.0,29.6,163,0,4615.46,4824.8,11.800000000000011
1376,M,302.1,312.2,1700.0,49.4,112,0,8794.37,5532.8,10.099999999999966
1377,L,301.7,310.9,1864.0,36.7,52,0,7163.75,1908.4,9.199999999999989
1378,L,299.4,311.4,1391.0,40.0,181,0,5826.61,7240.0,12.0
1379,L,302.7,312.4,1180.0,38.4,245,0,4745.06,9408.0,9.699999999999989
1380,L,301.8,311.0,1442.0,40.0,190,0,6040.24,7600.0,9.199999999999989
1381,L,300.4,310.2,1699.0,39.9,221,0,7098.96,8817.9,9.800000000000011
1382,L,300.5,309.5,1908.0,47.9,235,1,9570.67,11256.5,9.0
1383,H,299.4,309.9,1772.0,37.1,185,0,6884.4,6863.5,10.5
1384,L,298.2,307.6,1768.0,32.7,154,0,6054.23,5035.8,9.400000000000034
1385,M,302.5,312.2,1385.0,40.3,1,0,5844.99,40.3,9.699999999999989
1386,L,302.6,313.6,1390.0,33.8,212,0,4919.94,7165.599999999999,11.0
1387,M,298.2,308.9,1301.0,39.2,115,0,5340.62,4508.0,10.699999999999989
1388,L,299.7,309.7,1418.0,29.4,77,0,4365.68,2263.7999999999997,10.0
1389,H,299.7,309.9,1701.0,50.4,90,0,8977.67,4536.0,10.199999999999989
1390,L,299.9,309.9,1828.0,32.1,212,0,6144.83,6805.200000000001,10.0
1391,L,300.1,309.7,1599.0,51.8,22,0,8673.75,1139.6,9.599999999999966
1392,L,301.9,311.9,1492.0,39.3,162,0,6140.31,6366.599999999999,10.0
1393,L,298.5,309.0,1347.0,48.4,61,0,6827.18,2952.4,10.5
1394,L,298.3,308.2,1517.0,32.3,111,0,5131.17,3585.2999999999997,9.899999999999977
1395,L,302.5,312.9,1574.0,20.3,71,0,3346.03,1441.3,10.399999999999977
1396,M,299.1,308.2,1276.0,23.5,58,0,3140.13,1363.0,9.099999999999966
1397,L,297.5,306.9,1702.0,64.8,203,1,11549.5,13154.4,9.399999999999977
1398,L,299.0,308.3,1462.0,33.9,191,0,5190.1,6474.9,9.300000000000011
1399,M,299.3,308.8,1692.0,50.8,91,0,9001.04,4622.8,9.5
1400,M,303.1,314.4,1536.0,27.0,168,0,4342.94,4536.0,11.299999999999955
1401,L,301.8,312.6,1591.0,41.7,160,0,6947.6,6672.0,10.800000000000011
1402,L,302.3,311.2,1412.0,43.4,224,0,6417.31,9721.6,8.899999999999977
1403,L,301.6,312.1,1476.0,66.55000000000001,136,0,10286.39,9050.800000000001,10.5
1404,M,301.9,311.5,1652.0,36.7,125,0,6348.99,4587.5,9.600000000000023
1405,M,298.6,307.9,1514.0,32.8,78,0,5200.3,2558.3999999999996,9.299999999999955
1406,L,299.6,308.1,1340.0,43.4,73,1,6090.08,3168.2,8.5
1407,M,298.0,309.0,1557.0,30.7,48,0,5005.59,1473.6,11.0
1408,M,299.6,308.2,1607.0,44.0,1,0,7404.52,44.0,8.599999999999966
1409,L,301.4,311.3,1783.0,39.4,130,0,7356.58,5122.0,9.900000000000034
1410,M,300.3,309.3,1744.0,32.4,150,0,5917.25,4860.0,9.0
1411,L,302.6,313.4,1526.0,44.8,201,0,7159.15,9004.8,10.799999999999955
1412,L,297.7,307.4,1440.0,41.0,18,0,6182.65,738.0,9.699999999999989
1413,L,301.0,310.9,1497.0,47.5,232,1,7446.36,11020.0,9.899999999999977
1414,L,297.5,307.4,1444.0,56.4,17,0,8528.54,958.8,9.899999999999977
1415,L,300.2,310.5,1628.0,34.9,162,0,5949.88,5653.8,10.300000000000011
1416,H,301.5,311.5,1724.0,35.8,232,0,6463.22,8305.599999999999,10.0
1417,L,299.6,309.5,1759.0,26.5,181,0,4881.35,4796.5,9.899999999999977
1418,L,301.1,310.6,1464.0,45.1,187,0,6914.27,8433.7,9.5
1419,L,298.1,306.5,1446.0,33.5,234,0,5072.73,7839.0,8.399999999999977
1420,H,296.7,305.6,1462.0,43.3,136,0,6629.24,5888.799999999999,8.900000000000034
1421,L,301.1,311.8,1192.0,51.5,222,1,6428.54,11433.0,10.699999999999989
1422,L,303.5,313.2,1322.0,33.1,93,0,4582.35,3078.3,9.699999999999989
1423,L,298.0,307.3,1531.0,35.2,228,0,5643.47,8025.6,9.300000000000011
1424,L,302.4,311.0,1605.0,50.0,179,0,8403.76,8950.0,8.600000000000023
1425,H,300.1,308.4,1625.0,46.9,177,0,7980.95,8301.3,8.299999999999955
1426,H,297.3,306.6,1398.0,45.9,11,0,6719.68,504.9,9.300000000000011
1427,L,297.7,308.6,1450.0,36.0,16,0,5466.37,576.0,10.900000000000034
1428,H,300.0,309.5,1489.0,25.6,218,0,3991.75,5580.8,9.5
1429,M,299.2,309.6,1469.0,32.8,84,0,5045.73,2755.2,10.400000000000034
1430,M,297.4,306.8,1661.0,29.8,48,0,5183.4,1430.4,9.400000000000034
1431,L,296.6,307.3,1303.0,45.7,175,0,6235.76,7997.500000000001,10.699999999999989
1432,L,298.3,308.0,1332.0,42.7,245,0,5956.08,10461.5,9.699999999999989
1433,L,300.4,309.2,1484.0,33.9,26,0,5268.2,881.4,8.800000000000011
1434,M,300.0,309.7,1293.0,35.6,245,0,4820.33,8722.0,9.699999999999989
1435,L,299.0,310.8,1197.0,44.6,141,0,5590.59,6288.6,11.800000000000011
1436,L,300.4,312.2,1270.0,36.7,182,0,4880.88,6679.400000000001,11.800000000000011
1437,L,302.1,312.6,1494.0,34.1,232,1,5334.99,7911.200000000001,10.5
1438,M,300.8,310.7,1650.0,59.6,117,0,10298.14,6973.2,9.899999999999977
1439,L,299.8,310.1,1654.0,34.4,140,0,5958.3,4816.0,10.300000000000011
1440,M,301.9,312.2,1822.0,46.6,2,0,8891.25,93.2,10.300000000000011
1441,H,298.1,308.0,1556.0,43.8,191,0,7136.94,8365.8,9.899999999999977
1442,L,299.6,310.0,1580.0,24.7,215,0,4086.79,5310.5,10.399999999999977
1443,M,299.6,309.8,1493.0,33.1,223,0,5175.07,7381.3,10.199999999999989
1444,L,297.5,307.2,1501.0,48.1,100,0,7560.57,4810.0,9.699999999999989
1445,M,299.2,308.0,1910.0,38.6,119,0,7720.57,4593.400000000001,8.800000000000011
1446,L,295.9,305.4,1584.0,25.3,71,0,4196.67,1796.3,9.5
1447,M,303.8,314.6,1600.0,43.8,98,0,7338.76,4292.4,10.800000000000011
1448,M,298.1,308.1,1333.0,34.1,150,0,4760.07,5115.0,10.0
1449,H,303.2,313.5,1611.0,44.2,207,0,7456.7,9149.400000000001,10.300000000000011
1450,M,300.1,309.8,1655.0,66.55000000000001,99,0,11533.86,6588.450000000001,9.699999999999989
1451,L,301.1,310.1,1736.0,43.7,200,0,7944.38,8740.0,9.0
1452,M,299.0,308.8,1650.0,46.0,38,0,7948.23,1748.0,9.800000000000011
1453,M,300.4,309.4,1515.0,37.4,57,0,5933.53,2131.7999999999997,9.0
1454,L,301.3,310.2,1507.0,28.7,17,0,4529.22,487.9,8.899999999999977
1455,L,301.3,312.5,1525.0,50.1,112,0,8000.85,5611.2,11.199999999999989
1456,H,301.5,311.1,1557.0,33.9,181,0,5527.35,6135.9,9.600000000000023
1457,M,299.3,308.5,1764.0,37.6,30,0,6945.68,1128.0,9.199999999999989
1458,M,299.0,310.7,1730.0,57.8,229,1,10471.35,13236.199999999999,11.699999999999989
1459,L,296.8,307.6,1672.0,36.5,63,0,6390.84,2299.5,10.800000000000011
1460,M,301.0,310.7,1901.0,52.0,41,0,10351.76,2132.0,9.699999999999989
1461,L,302.2,312.6,1062.0,43.8,36,0,4871.1,1576.8,10.400000000000034
1462,M,303.2,313.0,1455.0,34.4,110,0,5241.43,3784.0,9.800000000000011
1463,L,300.6,309.9,1535.0,43.3,225,0,6960.25,9742.5,9.299999999999955
1464,M,298.5,308.9,1417.0,32.8,238,0,4867.12,7806.4,10.399999999999977
1465,H,296.6,306.3,1371.0,48.9,104,0,7020.61,5085.599999999999,9.699999999999989
1466,L,302.1,312.2,1230.0,52.3,69,0,6736.52,3608.7,10.099999999999966
1467,H,296.4,307.4,1482.0,40.4,99,0,6269.86,3999.6,11.0
1468,L,299.3,310.2,1698.0,53.3,246,1,9477.49,13111.8,10.899999999999977
1469,M,299.6,309.0,1676.0,41.5,205,0,7283.68,8507.5,9.399999999999977
1470,M,299.9,310.3,1403.0,49.0,104,0,7199.17,5096.0,10.400000000000034
1471,L,300.1,308.9,1577.0,66.55000000000001,87,0,10990.27,5789.850000000001,8.799999999999955
1472,M,300.3,310.7,1781.0,64.6,96,0,12048.28,6201.599999999999,10.399999999999977
1473,M,295.2,305.3,1265.0,38.1,114,0,5047.13,4343.400000000001,10.100000000000023
1474,L,300.0,310.4,1509.0,42.8,41,0,6763.35,1754.8,10.399999999999977
1475,L,295.5,305.2,1589.0,29.4,113,0,4892.15,3322.2,9.699999999999989
1476,M,301.5,313.5,1539.0,47.9,210,0,7719.74,10059.0,12.0
1477,M,298.9,308.0,1690.0,43.8,28,0,7751.57,1226.3999999999999,9.100000000000023
1478,M,295.7,306.7,1269.0,32.2,116,0,4279.04,3735.2000000000003,11.0
1479,M,298.4,307.3,1357.0,51.7,197,0,7346.81,10184.900000000001,8.900000000000034
1480,L,298.9,309.4,1660.0,37.3,130,0,6484.04,4849.0,10.5
1481,M,302.4,313.0,1233.0,34.7,145,0,4480.45,5031.5,10.600000000000023
1482,L,300.4,310.4,1683.0,43.9,84,0,7737.08,3687.6,10.0
1483,L,300.7,310.2,1618.0,35.3,156,0,5981.11,5506.799999999999,9.5
1484,L,302.4,312.5,1670.0,39.6,51,0,6925.33,2019.6000000000001,10.100000000000023
1485,L,299.8,310.1,1453.0,57.3,116,0,8718.64,6646.799999999999,10.300000000000011
1486,L,301.5,313.3,1629.0,33.8,41,0,5765.89,1385.8,11.800000000000011
1487,L,301.4,310.5,1328.0,46.6,51,0,6480.56,2376.6,9.100000000000023
1488,M,297.4,306.9,1463.0,34.1,163,0,5224.29,5558.3,9.5
1489,L,302.9,313.2,1544.0,30.2,222,0,4882.96,6704.4,10.300000000000011
1490,L,297.2,306.9,1377.0,39.1,135,0,5638.18,5278.5,9.699999999999989
1491,L,301.8,311.7,1577.0,66.55000000000001,223,1,10990.27,14840.650000000003,9.899999999999977
1492,L,297.0,308.0,1333.0,47.7,207,0,6658.51,9873.900000000001,11.0
1493,L,301.2,308.4,1586.0,44.5,213,0,7390.81,9478.5,7.199999999999989
1494,L,303.7,313.1,1849.0,34.7,126,0,6718.85,4372.200000000001,9.400000000000034
1495,M,299.6,307.8,1313.0,36.1,1,1,4963.64,36.1,8.199999999999989
1496,M,299.5,308.3,1533.0,25.1,50,0,4029.44,1255.0,8.800000000000011
1497,M,301.2,313.6,1248.0,57.8,142,0,7553.9,8207.6,12.400000000000034
1498,L,299.3,309.9,1388.0,42.6,103,0,6191.95,4387.8,10.599999999999966
1499,L,303.6,314.6,1663.0,41.7,16,0,7262.01,667.2,11.0
1500,M,300.4,310.3,1460.0,41.9,140,0,6406.13,5866.0,9.900000000000034
1501,L,299.4,310.1,1670.0,60.7,181,0,10615.34,10986.7,10.700000000000045
1502,L,298.9,307.2,1601.0,42.9,127,0,7192.46,5448.3,8.300000000000011
1503,L,298.1,309.2,1526.0,38.0,226,0,6072.49,8588.0,11.099999999999966
1504,L,298.7,307.9,1353.0,57.8,152,0,8189.44,8785.6,9.199999999999989
1505,L,299.3,308.8,1660.0,38.6,201,0,6710.02,7758.6,9.5
1506,L,299.0,309.5,1592.0,23.1,108,0,3851.09,2494.8,10.5
1507,L,298.7,309.0,1264.0,24.7,74,0,3269.43,1827.8,10.300000000000011
1508,L,304.2,314.3,1365.0,38.0,160,0,5431.81,6080.0,10.100000000000023
1509,M,297.9,306.6,1046.5,42.8,77,0,4690.42,3295.6,8.700000000000045
1510,M,300.3,310.4,1293.0,48.1,97,0,6512.87,4665.7,10.099999999999966
1511,M,301.2,312.1,1481.0,30.8,149,0,4776.77,4589.2,10.900000000000034
1512,M,301.3,310.7,1349.0,37.7,171,0,5325.76,6446.700000000001,9.399999999999977
1513,H,299.9,311.2,1389.0,31.8,131,0,4625.49,4165.8,11.300000000000011
1514,L,299.5,308.6,1786.0,51.0,107,0,9538.5,5457.0,9.100000000000023
1515,L,300.9,310.9,1722.0,52.7,153,0,9503.25,8063.1,10.0
1516,L,300.5,312.1,1413.0,59.4,128,0,8789.36,7603.2,11.600000000000023
1517,M,299.5,308.8,1680.0,43.4,9,0,7635.33,390.59999999999997,9.300000000000011
1518,M,296.9,307.9,1755.0,58.5,99,0,10751.32,5791.5,11.0
1519,L,299.1,311.0,1648.0,33.0,1,0,5695.08,33.0,11.899999999999977
1520,H,297.7,307.9,1591.0,42.1,28,0,7014.24,1178.8,10.199999999999989
1521,L,298.7,308.1,1734.0,29.3,152,0,5320.41,4453.6,9.400000000000034
1522,H,300.1,309.3,1675.0,45.6,214,0,7998.49,9758.4,9.199999999999989
1523,L,300.7,312.0,1320.0,42.7,245,0,5902.42,10461.5,11.300000000000011
1524,L,303.6,314.8,1504.0,15.5,124,0,2441.23,1922.0,11.199999999999989
1525,L,298.9,310.4,1439.0,51.0,221,1,7685.28,11271.0,11.5
1526,L,301.5,311.5,1744.0,48.4,59,0,8839.35,2855.6,10.0
1527,L,300.6,311.6,1434.0,34.4,88,0,5165.78,3027.2,11.0
1528,L,302.6,312.5,1403.0,42.7,12,0,6273.56,512.4000000000001,9.899999999999977
1529,M,301.2,310.3,1721.0,25.0,167,0,4505.57,4175.0,9.100000000000023
1530,L,298.0,309.1,1584.0,32.2,161,0,5341.21,5184.200000000001,11.100000000000023
1531,L,296.6,308.2,1916.0,56.5,34,0,11336.33,1921.0,11.599999999999966
1532,M,300.6,309.6,1383.0,28.4,78,0,4113.1,2215.2,9.0
1533,M,298.9,307.9,1445.0,40.0,38,0,6052.8,1520.0,9.0
1534,L,298.0,308.1,1738.0,26.0,41,0,4732.08,1066.0,10.100000000000023
1535,L,297.5,308.4,1309.0,43.3,211,0,5935.48,9136.3,10.899999999999977
1536,L,300.3,309.2,1774.0,45.5,234,0,8452.66,10647.0,8.899999999999977
1537,L,303.0,313.2,1321.0,47.1,213,0,6515.57,10032.300000000001,10.199999999999989
1538,M,299.2,308.6,1647.0,44.6,24,0,7692.32,1070.4,9.400000000000034
1539,L,301.2,311.9,1208.0,54.1,246,1,6843.73,13308.6,10.699999999999989
1540,L,299.8,309.0,1546.0,34.4,141,0,5569.25,4850.4,9.199999999999989
1541,M,297.4,308.2,1292.0,29.4,82,0,3977.76,2410.7999999999997,10.800000000000011
1542,L,301.5,311.3,1882.0,34.1,109,0,6720.52,3716.9,9.800000000000011
1543,L,297.8,306.9,1346.0,26.5,85,0,3735.25,2252.5,9.099999999999966
1544,L,300.0,310.1,1389.0,40.7,214,0,5920.05,8709.800000000001,10.100000000000023
1545,H,299.3,307.4,1633.0,38.5,0,0,6583.78,0.0,8.099999999999966
1546,L,301.8,311.2,1430.0,44.7,166,0,6693.79,7420.200000000001,9.399999999999977
1547,M,297.9,308.2,1663.0,23.8,29,0,4144.75,690.2,10.300000000000011
1548,L,300.8,309.0,1410.0,39.8,132,0,5876.66,5253.599999999999,8.199999999999989
1549,L,298.3,305.7,1396.0,52.0,221,1,7601.82,11492.0,7.399999999999977
1550,M,299.0,306.6,1533.0,45.6,198,0,7320.41,9028.800000000001,7.600000000000023
1551,H,294.4000000000001,304.1,1320.0,21.0,189,0,2902.83,3969.0,9.699999999999932
1552,M,304.2,314.1,1608.0,39.8,204,0,6701.9,8119.2,9.900000000000034
1553,M,301.1,310.6,1695.0,32.6,158,0,5786.5,5150.8,9.5
1554,M,298.5,309.4,1636.0,40.0,134,0,6852.86,5360.0,10.899999999999977
1555,L,297.8,307.3,1653.0,36.1,126,0,6248.97,4548.6,9.5
1556,L,299.0,309.3,1193.0,57.2,245,1,7146.03,14014.0,10.300000000000011
1557,M,301.4,311.5,1455.0,40.8,28,0,6216.58,1142.3999999999999,10.100000000000023
1558,L,296.2,305.7,1497.0,43.1,50,0,6756.59,2155.0,9.5
1559,M,299.7,310.0,1798.0,39.5,216,0,7437.3,8532.0,10.300000000000011
1560,H,303.5,314.3,1433.0,44.6,204,1,6692.83,9098.4,10.800000000000011
1561,L,297.7,307.5,1125.0,37.7,239,1,4441.43,9010.300000000001,9.800000000000011
1562,L,300.2,309.7,1358.0,47.6,116,0,6769.17,5521.6,9.5
1563,M,304.4,314.1,1419.0,36.0,248,0,5349.5,8928.0,9.700000000000045
1564,L,301.3,309.0,1151.0,53.6,78,1,6460.54,4180.8,7.699999999999989
1565,M,300.3,310.5,1711.0,44.8,178,0,8027.06,7974.4,10.199999999999989
1566,L,301.0,309.8,1257.0,38.4,93,0,5054.7,3571.2,8.800000000000011
1567,M,299.2,309.8,1617.0,48.3,198,0,8178.73,9563.4,10.600000000000023
1568,L,302.6,312.5,1342.0,44.8,68,0,6295.92,3046.3999999999996,9.899999999999977
1569,M,299.2,309.3,1807.0,48.1,13,0,9101.9,625.3000000000001,10.100000000000023
1570,L,296.1,306.8,1488.0,40.8,93,0,6357.58,3794.3999999999996,10.699999999999989
1571,L,299.2,308.3,1452.0,37.5,22,0,5701.99,825.0,9.100000000000023
1572,L,298.1,308.4,1632.0,41.2,79,0,7041.19,3254.8,10.299999999999955
1573,M,299.4,309.7,1357.0,34.9,87,0,4959.45,3036.2999999999997,10.300000000000011
1574,M,299.5,309.3,1641.0,49.7,42,0,8540.7,2087.4,9.800000000000011
1575,L,302.4,311.5,1451.0,54.5,55,0,8281.19,2997.5,9.100000000000023
1576,L,301.4,312.0,1431.0,45.7,148,0,6848.33,6763.6,10.600000000000023
1577,L,300.5,311.2,1522.0,54.0,106,0,8606.71,5724.0,10.699999999999989
1578,M,300.0,310.1,1342.0,51.1,157,0,7181.28,8022.7,10.100000000000023
1579,M,297.9,306.8,1503.0,37.2,203,0,5855.05,7551.6,8.900000000000034
1580,L,295.6,305.1,1598.0,48.2,244,1,8065.89,11760.800000000001,9.5
1581,L,300.2,310.2,1124.0,27.1,108,0,3189.81,2926.8,10.0
1582,L,301.6,312.3,1733.0,41.8,167,0,7585.84,6980.599999999999,10.699999999999989
1583,L,299.8,308.2,1684.0,28.1,93,0,4955.38,2613.3,8.399999999999977
1584,L,298.9,308.4,1206.0,38.8,101,0,4900.13,3918.7999999999997,9.5
1585,H,300.9,310.5,1178.0,25.6,21,0,3158.01,537.6,9.600000000000023
1586,L,299.8,309.8,1688.0,50.8,129,0,8979.76,6553.2,10.0
1587,M,303.4,312.1,1674.0,36.0,150,0,6310.83,5400.0,8.700000000000045
1588,L,302.5,312.2,1649.0,48.9,105,0,8444.19,5134.5,9.699999999999989
1589,L,301.9,311.6,1282.0,39.1,214,0,5249.2,8367.4,9.700000000000045
1590,M,301.5,310.5,1865.0,21.5,213,0,4199.0,4579.5,9.0
1591,M,297.4,307.3,1402.0,35.1,189,0,5153.28,6633.900000000001,9.900000000000034
1592,H,301.3,310.8,1580.0,34.6,29,0,5724.82,1003.4000000000001,9.5
1593,L,300.8,311.2,1583.0,39.8,154,0,6597.7,6129.2,10.399999999999977
1594,L,301.2,310.3,1823.0,54.9,225,1,10480.64,12352.5,9.100000000000023
1595,M,301.0,311.1,1560.0,56.6,202,0,9246.34,11433.2,10.100000000000023
1596,L,300.9,310.1,1612.0,37.6,220,0,6347.19,8272.0,9.200000000000045
1597,L,305.4,314.8,1524.0,27.3,36,0,4356.89,982.8000000000001,9.400000000000034
1598,L,299.8,310.1,1323.0,32.5,69,0,4502.69,2242.5,10.300000000000011
1599,L,301.9,312.1,1122.0,44.7,15,0,5252.05,670.5,10.200000000000045
1600,M,299.1,308.6,1543.0,38.8,123,0,6269.4,4772.4,9.5
1601,L,301.6,311.3,1285.0,24.2,19,0,3256.47,459.8,9.699999999999989
1602,L,301.9,310.4,1600.0,34.9,73,0,5847.55,2547.7,8.5
1603,L,300.7,312.1,1564.0,53.0,173,0,8680.43,9169.0,11.400000000000034
1604,L,303.3,314.0,1560.0,42.8,101,0,6991.93,4322.799999999999,10.699999999999989
1605,L,298.2,308.9,1349.0,40.4,228,0,5707.18,9211.199999999999,10.699999999999989
1606,L,299.0,307.4,1723.0,36.0,122,0,6495.56,4392.0,8.399999999999977
1607,L,300.4,309.8,1622.0,35.3,73,0,5995.9,2576.8999999999996,9.400000000000034
1608,M,301.8,311.4,1326.0,45.3,235,0,6290.29,10645.5,9.599999999999966
1609,L,300.4,308.4,1908.0,41.3,152,0,8251.96,6277.599999999999,8.0
1610,L,302.6,313.5,1500.0,47.6,58,0,7476.99,2760.8,10.899999999999977
1611,M,298.7,310.1,1299.0,45.3,213,0,6162.2,9648.9,11.400000000000034
1612,M,297.7,309.8,1402.0,40.1,159,0,5887.37,6375.900000000001,12.100000000000023
1613,L,300.6,309.6,1267.0,43.7,144,0,5798.11,6292.8,9.0
1614,L,299.8,310.0,1781.0,34.0,217,0,6341.2,7378.0,10.199999999999989
1615,L,301.1,312.4,1731.0,39.4,207,0,7142.03,8155.799999999999,11.299999999999955
1616,M,299.9,309.7,1670.0,53.3,137,0,9321.21,7302.099999999999,9.800000000000011
1617,H,299.3,308.8,1636.0,40.0,144,0,6852.86,5760.0,9.5
1618,M,299.9,308.0,1761.0,37.7,129,0,6952.31,4863.3,8.100000000000023
1619,L,300.1,311.2,1494.0,42.0,65,0,6570.96,2730.0,11.099999999999966
1620,M,299.4,309.4,1613.0,28.3,28,0,4780.24,792.4,10.0
1621,L,299.6,308.9,1392.0,42.1,237,0,6136.91,9977.7,9.299999999999955
1622,L,299.2,309.5,1510.0,56.8,122,0,8981.6,6929.599999999999,10.300000000000011
1623,L,301.7,311.9,1618.0,31.8,131,0,5388.08,4165.8,10.199999999999989
1624,H,300.4,310.6,1046.5,42.6,29,0,4668.5,1235.4,10.200000000000045
1625,L,304.5,314.3,1427.0,39.7,188,0,5932.57,7463.6,9.800000000000011
1626,M,300.3,311.9,1567.0,39.4,185,0,6465.38,7289.0,11.599999999999966
1627,L,298.9,308.8,1524.0,39.2,203,0,6256.04,7957.6,9.900000000000034
1628,L,305.3,316.25000000000006,1457.0,47.0,161,0,7171.1,7567.0,10.950000000000045
1629,L,300.8,311.4,1643.0,29.0,77,0,4989.58,2233.0,10.599999999999966
1630,L,302.0,312.3,1411.0,46.8,151,0,6915.15,7066.799999999999,10.300000000000011
1631,M,301.2,311.1,1319.0,40.6,87,0,5607.89,3532.2000000000003,9.900000000000034
1632,L,301.2,312.2,1749.0,22.3,81,0,4084.35,1806.3,11.0
1633,M,301.1,311.2,1724.0,43.7,24,0,7889.46,1048.8000000000002,10.099999999999966
1634,M,297.8,306.9,1430.0,41.0,88,0,6139.72,3608.0,9.099999999999966
1635,H,300.7,309.8,1525.0,31.2,104,0,4982.57,3244.7999999999997,9.100000000000023
1636,L,297.4,307.8,1689.0,41.5,24,0,7340.17,996.0,10.400000000000034
1637,L,299.7,308.7,1545.0,26.8,219,0,4336.03,5869.2,9.0
1638,L,298.5,308.5,1632.0,33.1,157,0,5656.88,5196.7,10.0
1639,H,300.7,311.8,1623.0,40.3,182,0,6849.39,7334.599999999999,11.100000000000023
1640,H,300.7,311.0,1480.0,23.1,88,0,3580.16,2032.8000000000002,10.300000000000011
1641,L,301.0,310.2,1630.0,28.4,151,0,4847.69,4288.4,9.199999999999989
1642,M,300.6,312.0,1365.0,29.9,249,0,4273.98,7445.099999999999,11.399999999999977
1643,L,298.8,309.3,1608.0,40.7,231,0,6853.45,9401.7,10.5
1644,M,299.5,310.5,1524.0,44.3,126,0,7069.97,5581.799999999999,11.0
1645,L,301.8,309.6,1473.0,31.0,166,0,4781.82,5146.0,7.800000000000011
1646,M,302.1,312.5,1314.0,30.4,204,0,4183.09,6201.599999999999,10.399999999999977
1647,L,297.7,308.5,1561.0,41.3,1,0,6751.21,41.3,10.800000000000011
1648,M,296.9,308.6,1544.0,41.0,161,0,6629.18,6601.0,11.700000000000045
1649,M,298.5,307.1,1387.0,32.9,15,0,4778.6,493.5,8.600000000000023
1650,M,302.1,313.3,1252.0,58.1,175,0,7617.44,10167.5,11.199999999999989
1651,L,302.4,314.1,1243.0,41.7,151,0,5427.95,6296.700000000001,11.700000000000045
1652,L,298.2,306.1,1492.0,38.2,177,0,5968.44,6761.400000000001,7.900000000000034
1653,L,300.6,311.1,1592.0,36.1,129,0,6018.37,4656.900000000001,10.5
1654,L,303.7,314.3,1869.0,49.9,220,0,9766.49,10978.0,10.600000000000023
1655,L,300.8,310.5,1529.0,45.3,38,0,7253.28,1721.3999999999999,9.699999999999989
1656,H,302.8,312.4,1247.0,22.6,102,0,2951.23,2305.2000000000003,9.599999999999966
1657,L,302.0,312.7,1500.0,33.0,208,0,5183.63,6864.0,10.699999999999989
1658,L,298.2,307.6,1761.0,35.5,186,0,6546.61,6603.0,9.400000000000034
1659,L,299.6,309.4,1415.0,39.8,150,0,5897.5,5970.0,9.799999999999955
1660,L,300.1,310.9,1738.0,46.1,11,0,8390.34,507.1,10.799999999999955
1661,M,300.2,312.0,1569.0,29.2,76,0,4797.71,2219.2,11.800000000000011
1662,L,301.8,312.4,1653.0,39.1,68,0,6768.28,2658.8,10.599999999999966
1663,H,300.8,311.0,1870.0,56.8,142,0,11122.91,8065.599999999999,10.199999999999989
1664,L,294.4000000000001,303.85,1209.0,40.2,244,0,5089.57,9808.800000000001,9.449999999999932
1665,H,297.4,306.4,1698.0,33.0,59,0,5867.87,1947.0,9.0
1666,M,295.6,306.7,1521.0,26.6,63,0,4236.81,1675.8000000000002,11.099999999999966
1667,L,300.4,310.2,1368.0,35.1,129,0,5028.31,4527.900000000001,9.800000000000011
1668,H,300.5,311.6,1519.0,29.2,197,0,4644.82,5752.4,11.100000000000023
1669,L,300.6,310.2,1840.0,36.0,63,0,6936.64,2268.0,9.599999999999966
1670,M,298.1,307.4,1776.0,45.3,163,0,8425.0,7383.9,9.299999999999955
1671,L,301.3,311.8,1179.0,40.3,214,0,4975.62,8624.199999999999,10.5
1672,M,301.4,311.4,1400.0,35.1,12,0,5145.93,421.20000000000005,10.0
1673,M,297.5,306.3,1706.0,22.1,1,0,3948.21,22.1,8.800000000000011
1674,M,297.1,308.9,1534.0,48.2,119,0,7742.85,5735.8,11.799999999999955
1675,M,300.0,309.4,1534.0,36.4,4,0,5847.3,145.6,9.399999999999977
1676,L,303.6,314.5,1257.0,41.0,39,0,5396.94,1599.0,10.899999999999977
1677,L,303.4,314.2,1404.0,30.8,207,1,4528.42,6375.6,10.800000000000011
1678,L,301.1,309.9,1294.0,35.8,191,0,4851.16,6837.799999999999,8.799999999999955
1679,L,298.5,307.5,1242.0,34.1,38,0,4435.11,1295.8,9.0
1680,M,301.8,311.5,1312.0,26.6,162,0,3654.64,4309.2,9.699999999999989
1681,L,299.1,308.2,1371.0,30.9,184,0,4436.34,5685.599999999999,9.099999999999966
1682,H,298.5,310.2,1401.0,39.8,40,0,5839.15,1592.0,11.699999999999989
1683,M,295.7,305.5,1387.0,42.9,172,0,6231.07,7378.8,9.800000000000011
1684,M,300.2,311.1,1720.0,33.1,161,0,5961.91,5329.1,10.900000000000034
1685,L,298.7,309.3,1375.0,27.9,146,0,4017.31,4073.3999999999996,10.600000000000023
1686,M,300.2,310.5,1793.0,36.3,234,0,6815.78,8494.199999999999,10.300000000000011
1687,H,295.4,305.4,1451.0,47.7,125,0,7247.94,5962.5,10.0
1688,L,300.3,311.6,1616.0,30.5,217,0,5161.43,6618.5,11.300000000000011
1689,M,295.1,304.3,1622.0,40.0,41,0,6794.22,1640.0,9.199999999999989
1690,M,302.2,313.9,1377.0,33.3,106,0,4801.83,3529.7999999999997,11.699999999999989
1691,L,301.0,309.8,1479.0,51.1,16,0,7914.39,817.6,8.800000000000011
1692,L,299.4,310.2,1447.0,34.9,112,0,5288.38,3908.7999999999997,10.800000000000011
1693,L,301.1,309.7,1604.0,46.5,34,0,7810.63,1581.0,8.599999999999966
1694,L,298.0,307.7,1514.0,50.0,203,0,7927.29,10150.0,9.699999999999989
1695,L,300.1,310.2,1404.0,55.3,162,0,8130.57,8958.6,10.099999999999966
1696,L,301.6,311.1,1559.0,26.4,100,0,4310.01,2640.0,9.5
1697,L,294.4000000000001,303.85,1598.0,26.0,5,0,4350.9,130.0,9.449999999999932
1698,L,299.1,307.7,1869.0,51.5,179,0,10079.64,9218.5,8.599999999999966
1699,H,300.0,309.0,1550.0,49.9,73,0,8099.55,3642.7,9.0
1700,L,299.6,310.1,1539.0,33.8,42,0,5447.33,1419.6,10.5
1701,H,302.9,312.9,1614.0,13.34999999999999,150,0,2256.39,2002.4999999999986,10.0
1702,L,297.8,307.1,1368.0,40.7,210,0,5830.54,8547.0,9.300000000000011
1703,L,298.8,310.1,1229.0,24.8,115,0,3191.77,2852.0,11.300000000000011
1704,L,296.2,304.9,1482.0,31.7,170,0,4919.67,5389.0,8.699999999999989
1705,L,303.0,312.7,1729.0,41.7,180,0,7550.22,7506.000000000001,9.699999999999989
1706,L,299.5,309.0,1758.0,43.0,71,0,7916.19,3053.0,9.5
1707,M,299.1,309.7,1201.0,55.6,72,0,6992.72,4003.2000000000003,10.599999999999966
1708,L,299.9,309.9,1657.0,36.2,194,0,6281.45,7022.8,10.0
1709,M,301.3,311.2,1146.0,30.2,96,0,3624.27,2899.2,9.899999999999977
1710,M,300.7,308.9,1620.0,49.0,193,0,8312.65,9457.0,8.199999999999989
1711,L,305.3,316.2,1609.0,43.7,161,0,7363.19,7035.700000000001,10.899999999999977
1712,L,300.9,310.7,1229.0,36.3,162,0,4671.83,5880.599999999999,9.800000000000011
1713,M,299.1,309.2,1717.0,40.2,209,0,7228.11,8401.800000000001,10.099999999999966
1714,L,298.9,308.1,1850.0,36.1,154,0,6993.71,5559.400000000001,9.200000000000045
1715,L,299.2,308.3,1526.0,46.8,240,1,7478.75,11232.0,9.100000000000023
1716,H,297.0,308.5,1563.0,56.7,235,1,9280.48,13324.5,11.5
1717,L,300.1,308.3,1802.0,32.7,154,0,6170.65,5035.8,8.199999999999989
1718,M,301.6,310.5,1336.0,44.1,229,0,6169.84,10098.9,8.899999999999977
1719,H,298.8,310.3,1340.0,24.7,191,0,3466.01,4717.7,11.5
1720,L,298.4,309.0,1387.0,29.2,38,0,4241.19,1109.6,10.600000000000023
1721,L,303.0,312.7,1544.0,45.5,187,0,7356.77,8508.5,9.699999999999989
1722,L,297.1,308.4,1544.0,39.2,208,0,6338.14,8153.6,11.299999999999955
1723,L,295.9,306.3,1438.0,28.9,72,0,4351.96,2080.7999999999997,10.400000000000034
1724,L,297.7,307.9,1484.0,40.0,95,0,6216.16,3800.0,10.199999999999989
1725,M,296.9,307.1,1441.0,48.7,150,0,7348.89,7305.0,10.200000000000045
1726,L,300.8,311.2,1449.0,25.5,235,0,3869.34,5992.5,10.399999999999977
1727,L,299.3,309.8,1400.0,57.3,77,0,8400.62,4412.099999999999,10.5
1728,H,299.6,311.8,1401.0,45.6,10,0,6690.08,456.0,12.199999999999989
1729,M,302.3,312.1,1179.0,45.8,3,0,5654.68,137.39999999999998,9.800000000000011
1730,M,298.6,308.5,1497.0,39.9,50,0,6254.94,1995.0,9.899999999999977
1731,L,301.6,310.3,1187.0,57.3,37,1,7122.52,2120.1,8.699999999999989
1732,M,303.0,313.0,1672.0,49.5,50,0,8667.03,2475.0,10.0
1733,L,299.1,311.0,1437.0,36.2,47,0,5447.46,1701.4,11.899999999999977
1734,L,301.5,312.5,1516.0,47.4,207,0,7524.99,9811.8,11.0
1735,L,299.5,309.0,1471.0,32.6,35,0,5021.79,1141.0,9.5
1736,M,301.8,311.9,1494.0,37.1,24,0,5804.34,890.4000000000001,10.099999999999966
1737,L,296.9,305.6,1764.0,54.5,132,0,10067.55,7194.0,8.700000000000045
1738,L,296.7,305.7,1296.0,43.8,73,0,5944.4,3197.3999999999996,9.0
1739,L,299.2,309.4,1247.0,46.5,68,0,6072.23,3162.0,10.199999999999989
1740,L,298.2,307.7,1559.0,51.5,104,0,8407.79,5356.0,9.5
1741,M,299.0,307.9,1449.0,45.4,81,0,6888.95,3677.4,8.899999999999977
1742,M,299.6,310.1,1602.0,31.8,118,0,5334.8,3752.4,10.5
1743,M,301.4,311.4,1666.0,56.4,22,0,9839.72,1240.8,10.0
1744,L,299.2,307.6,1339.0,45.0,229,1,6309.89,10305.0,8.400000000000034
1745,L,298.4,306.3,1646.0,45.7,13,0,7877.25,594.1,7.900000000000034
1746,L,299.3,308.7,1355.0,40.5,179,0,5746.76,7249.5,9.399999999999977
1747,L,298.5,306.9,1551.0,51.0,86,0,8283.44,4386.0,8.399999999999977
1748,L,298.1,306.3,1316.0,59.0,124,1,8130.86,7316.0,8.199999999999989
1749,M,296.8,307.9,1561.0,36.2,47,0,5917.52,1701.4,11.099999999999966
1750,L,300.1,310.0,1534.0,50.5,98,0,8112.33,4949.0,9.899999999999977
1751,L,298.9,308.6,1340.0,40.2,56,0,5641.04,2251.2000000000003,9.700000000000045
1752,L,301.9,311.7,1294.0,20.0,160,0,2710.15,3200.0,9.800000000000011
1753,L,297.1,306.0,1672.0,25.9,37,0,4534.87,958.3,8.899999999999977
1754,L,298.9,309.3,1456.0,44.1,192,0,6724.01,8467.2,10.400000000000034
1755,H,303.6,313.5,1719.0,50.0,5,0,9000.66,250.0,9.899999999999977
1756,M,298.1,307.4,1440.0,46.0,148,0,6936.64,6808.0,9.299999999999955
1757,H,299.5,308.9,1771.0,47.6,26,0,8827.83,1237.6000000000001,9.399999999999977
1758,L,297.6,306.3,1368.0,65.7,68,0,9411.96,4467.6,8.699999999999989
1759,L,297.3,306.9,1801.0,45.2,218,0,8524.73,9853.6,9.599999999999966
1760,L,303.1,312.9,1569.0,37.3,249,0,6128.59,9287.699999999999,9.799999999999955
1761,L,300.3,309.9,1609.0,38.6,235,0,6503.87,9071.0,9.599999999999966
1762,M,300.3,310.3,1358.0,56.2,133,0,7992.17,7474.6,10.0
1763,L,296.6,306.5,1668.0,27.3,39,0,4768.56,1064.7,9.899999999999977
1764,L,300.7,310.9,1674.0,52.2,152,0,9150.71,7934.400000000001,10.199999999999989
1765,L,302.3,313.3,1479.0,40.1,242,0,6210.71,9704.2,11.0
1766,L,302.3,312.9,1156.0,31.6,68,0,3825.37,2148.8,10.599999999999966
1767,M,301.3,312.3,1338.0,25.5,189,0,3572.93,4819.5,11.0
1768,L,297.7,306.9,1338.0,54.6,78,0,7650.28,4258.8,9.199999999999989
1769,L,300.6,310.1,1618.0,31.4,45,0,5320.31,1413.0,9.5
1770,L,301.3,312.0,1454.0,40.5,175,0,6166.63,7087.5,10.699999999999989
1771,L,296.4,307.1,1458.0,30.2,165,0,4610.98,4983.0,10.700000000000045
1772,M,297.8,307.1,1436.0,59.5,60,0,8947.47,3570.0,9.300000000000011
1773,M,301.8,312.4,1801.0,40.9,80,0,7713.75,3272.0,10.599999999999966
1774,H,301.8,310.8,1546.0,26.5,16,0,4290.26,424.0,9.0
1775,M,296.9,307.4,1573.0,35.6,47,0,5864.18,1673.2,10.5
1776,L,301.6,311.6,1427.0,53.8,32,0,8039.61,1721.6,10.0
1777,M,300.2,308.8,1532.0,30.2,17,0,4845.01,513.4,8.600000000000023
1778,L,301.6,311.1,1363.0,36.3,35,0,5181.21,1270.5,9.5
1779,L,298.7,310.9,1599.0,51.7,53,0,8657.0,2740.1000000000004,12.199999999999989
1780,M,301.3,311.5,1332.0,43.3,130,0,6039.77,5629.0,10.199999999999989
1781,L,301.7,314.0,1671.0,27.8,88,0,4864.63,2446.4,12.300000000000011
1782,H,299.3,307.9,1406.0,42.1,98,0,6198.63,4125.8,8.599999999999966
1783,L,300.0,310.8,1707.0,38.4,108,0,6864.25,4147.2,10.800000000000011
1784,M,298.7,306.2,1879.0,40.4,147,0,7949.44,5938.8,7.5
1785,M,303.3,313.3,1538.0,49.3,99,0,7940.21,4880.7,10.0
1786,M,299.8,310.4,1772.0,42.3,106,0,7849.33,4483.799999999999,10.599999999999966
1787,M,298.2,309.0,1672.0,39.0,30,0,6828.57,1170.0,10.800000000000011
1788,M,298.6,307.8,1281.0,38.5,20,0,5164.62,770.0,9.199999999999989
1789,L,300.3,311.3,1557.0,50.6,127,0,8250.26,6426.2,11.0
1790,L,301.5,311.0,1627.0,32.7,100,0,5571.39,3270.0000000000005,9.5
1791,L,297.3,307.2,1644.0,18.3,33,0,3150.51,603.9,9.899999999999977
1792,M,303.7,313.3,1569.0,37.7,229,0,6194.31,8633.300000000001,9.600000000000023
1793,L,300.6,309.5,1567.0,43.7,184,0,7170.99,8040.8,8.899999999999977
1794,M,300.9,312.5,1538.0,35.8,164,0,5765.91,5871.2,11.600000000000023
1795,L,299.8,309.9,1561.0,34.7,0,0,5672.32,0.0,10.099999999999966
1796,L,300.0,311.1,1318.0,36.3,56,0,5010.15,2032.7999999999997,11.100000000000023
1797,M,299.7,310.7,1495.0,39.7,54,0,6215.27,2143.8,11.0
1798,L,302.0,311.1,1277.0,27.0,158,0,3610.63,4266.0,9.100000000000023
1799,L,300.0,311.2,1448.0,46.5,22,0,7050.99,1023.0,11.199999999999989
1800,L,301.5,312.0,1432.0,13.4,106,0,2009.45,1420.4,10.5
1801,H,299.1,308.1,1420.0,45.3,101,0,6736.2,4575.299999999999,9.0
1802,M,300.4,310.8,1349.0,43.0,112,0,6074.48,4816.0,10.400000000000034
1803,L,298.4,307.4,1586.0,44.9,74,0,7457.24,3322.6,9.0
1804,L,302.4,314.0,1481.0,20.7,230,0,3210.36,4761.0,11.600000000000023
1805,L,298.3,309.1,1462.0,42.8,47,0,6552.69,2011.6,10.800000000000011
1806,M,299.4,309.3,1286.0,34.5,147,0,4646.1,5071.5,9.900000000000034
1807,M,299.4,310.6,1484.0,55.9,100,0,8687.09,5590.0,11.200000000000045
1808,L,299.3,307.7,1743.0,43.5,134,0,7939.9,5829.0,8.399999999999977
1809,L,301.4,310.7,1745.0,28.2,98,0,5153.15,2763.6,9.300000000000011
1810,L,299.4,309.1,1604.0,23.1,129,0,3880.12,2979.9,9.700000000000045
1811,M,302.8,315.0,1485.0,33.8,224,0,5256.2,7571.199999999999,12.199999999999989
1812,M,298.4,307.3,1638.0,48.0,39,0,8233.49,1872.0,8.900000000000034
1813,L,300.3,308.6,1418.0,51.4,151,0,7632.52,7761.4,8.300000000000011
1814,L,298.4,307.0,1484.0,41.7,102,0,6480.35,4253.400000000001,8.600000000000023
1815,L,300.8,311.7,1405.0,40.7,201,0,5988.24,8180.700000000001,10.899999999999977
1816,H,300.0,309.4,1700.0,36.6,109,0,6515.66,3989.4,9.399999999999977
1817,L,299.7,309.5,1677.0,39.7,8,0,6971.92,317.6,9.800000000000011
1818,M,302.4,313.1,1531.0,52.0,121,0,8336.95,6292.0,10.700000000000045
1819,M,298.7,308.5,1847.0,36.4,42,0,7040.39,1528.8,9.800000000000011
1820,L,301.2,311.4,1611.0,46.5,96,0,7844.71,4464.0,10.199999999999989
1821,L,298.5,309.0,1601.0,34.6,50,0,5800.91,1730.0,10.5
1822,L,300.2,309.8,1582.0,50.0,212,0,8283.33,10600.0,9.600000000000023
1823,M,297.6,307.4,1312.0,45.7,205,0,6278.83,9368.5,9.799999999999955
1824,M,298.7,308.9,1377.0,49.6,49,0,7152.28,2430.4,10.199999999999989
1825,M,299.8,310.7,1528.0,58.6,86,0,9376.69,5039.6,10.899999999999977
1826,L,303.6,312.8,1529.0,14.2,203,0,2273.65,2882.6,9.199999999999989
1827,L,300.2,307.2,1643.0,47.4,149,0,8155.39,7062.599999999999,7.0
1828,H,303.3,314.0,1418.0,44.6,91,0,6622.77,4058.6,10.699999999999989
1829,M,300.4,311.4,1550.0,44.4,90,0,7206.81,3996.0,11.0
1830,L,299.2,309.4,1553.0,42.3,9,0,6879.24,380.7,10.199999999999989
1831,H,303.1,313.3,1560.0,42.3,209,0,6910.25,8840.699999999999,10.199999999999989
1832,M,300.9,310.3,1540.0,43.3,215,0,6982.92,9309.5,9.400000000000034
1833,L,298.7,309.2,1286.0,48.9,194,0,6585.34,9486.6,10.5
1834,M,300.9,311.8,1133.0,48.1,131,0,5706.94,6301.1,10.900000000000034
1835,M,299.4,309.5,1369.0,39.7,29,0,5691.45,1151.3000000000002,10.100000000000023
1836,M,296.0,308.5,1442.0,38.0,212,0,5738.22,8056.0,12.5
1837,L,301.9,310.3,1327.0,40.1,149,1,5572.42,5974.900000000001,8.400000000000034
1838,L,302.2,312.4,1528.0,35.8,91,0,5728.42,3257.7999999999997,10.199999999999989
1839,H,303.7,312.5,1733.0,57.6,200,1,10453.21,11520.0,8.800000000000011
1840,L,300.8,311.7,1667.0,27.2,107,0,4748.25,2910.4,10.899999999999977
1841,L,299.5,307.9,1621.0,47.4,40,0,8046.18,1896.0,8.399999999999977
1842,L,301.7,310.3,1714.0,47.3,232,0,8489.86,10973.599999999999,8.600000000000023
1843,L,301.7,311.1,1372.0,34.6,143,0,4971.17,4947.8,9.400000000000034
1844,M,303.3,313.5,1456.0,42.8,183,0,6525.8,7832.4,10.199999999999989
1845,H,299.9,309.3,1648.0,52.5,228,0,9060.35,11970.0,9.400000000000034
1846,L,299.7,309.1,1453.0,36.6,68,0,5568.98,2488.8,9.400000000000034
1847,L,298.6,308.4,1462.0,53.0,141,0,8114.31,7473.0,9.799999999999955
1848,L,301.1,310.8,1871.0,51.0,179,0,9992.46,9129.0,9.699999999999989
1849,M,296.9,308.4,1555.0,32.8,13,0,5341.13,426.4,11.5
1850,M,301.6,312.2,1853.0,28.9,174,0,5607.92,5028.599999999999,10.599999999999966
1851,L,301.2,310.9,1211.0,41.5,15,0,5262.85,622.5,9.699999999999989
1852,M,301.2,313.3,1425.0,27.5,102,0,4103.71,2805.0,12.100000000000023
1853,M,300.3,310.8,1611.0,13.34999999999999,42,0,2252.19,560.6999999999996,10.5
1854,M,303.1,312.1,1554.0,35.0,67,0,5695.71,2345.0,9.0
1855,H,301.7,312.0,1170.0,61.6,164,1,7547.36,10102.4,10.300000000000011
1856,L,298.8,309.3,1496.0,35.4,141,0,5545.79,4991.4,10.5
1857,M,298.8,308.1,1980.0,43.7,40,0,9060.98,1748.0,9.300000000000011
1858,L,298.2,307.2,1582.0,46.9,86,0,7769.77,4033.4,9.0
1859,M,301.1,311.2,1646.0,39.5,72,0,6808.56,2844.0,10.099999999999966
1860,M,298.0,307.6,1422.0,36.6,151,0,5450.16,5526.6,9.600000000000023
1861,M,302.2,313.6,1581.0,52.1,74,0,8625.78,3855.4,11.400000000000034
1862,M,302.6,313.4,1535.0,40.3,219,0,6478.02,8825.699999999999,10.799999999999955
1863,L,298.2,307.6,1738.0,39.0,18,0,7098.11,702.0,9.400000000000034
1864,L,299.6,310.1,1732.0,47.8,210,0,8669.71,10038.0,10.5
1865,H,300.0,311.3,1610.0,29.6,11,0,4990.52,325.6,11.300000000000011
1866,H,301.8,310.4,1550.0,27.3,46,0,4431.22,1255.8,8.599999999999966
1867,L,303.2,312.2,1237.0,23.7,97,0,3070.06,2298.9,9.0
1868,L,296.6,306.6,1231.0,45.6,139,0,5878.3,6338.400000000001,10.0
1869,L,299.4,309.4,1552.0,38.3,130,0,6224.71,4979.0,10.0
1870,M,299.5,309.4,1694.0,48.1,157,0,8532.71,7551.7,9.899999999999977
1871,M,297.2,306.9,1776.0,40.4,185,0,7513.68,7474.0,9.699999999999989
1872,L,299.0,308.7,1378.0,26.2,110,0,3780.76,2882.0,9.699999999999989
1873,L,300.9,311.2,1267.0,36.4,173,0,4829.55,6297.2,10.300000000000011
1874,M,299.4,310.6,1704.0,48.8,178,0,8707.99,8686.4,11.200000000000045
1875,M,296.9,306.4,1392.0,37.3,98,0,5437.22,3655.3999999999996,9.5
1876,L,305.5999999999999,316.25000000000006,1255.0,51.7,14,0,6794.58,723.8000000000001,10.650000000000148
1877,L,300.5,312.5,1449.0,35.4,42,0,5371.56,1486.8,12.0
1878,L,300.2,311.6,1446.0,47.1,149,0,7132.11,7017.900000000001,11.400000000000034
1879,L,297.8,308.4,1774.0,22.1,8,0,4105.58,176.8,10.599999999999966
1880,L,300.5,312.5,1692.0,37.6,91,0,6662.19,3421.6,12.0
1881,M,299.7,309.4,1406.0,36.0,92,0,5300.5,3312.0,9.699999999999989
1882,M,296.2,305.4,1788.0,26.0,38,0,4868.21,988.0,9.199999999999989
1883,M,297.9,307.3,1560.0,51.0,230,0,8331.5,11730.0,9.400000000000034
1884,M,301.6,310.6,1727.0,33.5,230,0,6058.51,7705.0,9.0
1885,L,303.9,314.0,1775.0,32.5,208,0,6041.02,6760.0,10.100000000000023
1886,L,300.7,311.0,1490.0,52.9,67,0,8254.12,3544.2999999999997,10.300000000000011
1887,L,302.2,312.4,1640.0,41.5,56,0,7127.23,2324.0,10.199999999999989
1888,L,299.7,309.7,1465.0,47.7,195,0,7317.87,9301.5,10.0
1889,M,299.8,310.0,1704.0,22.9,6,0,4086.33,137.39999999999998,10.199999999999989
1890,H,302.2,313.9,1554.0,31.9,1,0,5191.23,31.9,11.699999999999989
1891,L,303.3,313.9,1709.0,60.7,53,0,10863.24,3217.1000000000004,10.599999999999966
1892,L,302.6,313.5,1810.0,48.4,164,0,9173.87,7937.599999999999,10.899999999999977
1893,M,297.9,308.1,1635.0,29.2,201,0,4999.53,5869.2,10.200000000000045
1894,L,299.9,308.3,1521.0,42.1,209,0,6705.64,8798.9,8.400000000000034
1895,L,300.6,308.7,1524.0,30.0,155,0,4787.79,4650.0,8.099999999999966
1896,M,299.5,311.6,1046.5,53.8,58,0,5895.9,3120.3999999999996,12.100000000000023
1897,M,300.8,310.2,1410.0,17.3,173,0,2554.43,2992.9,9.399999999999977
1898,L,301.6,311.0,1704.0,42.6,190,0,7601.65,8094.0,9.399999999999977
1899,L,302.0,312.3,1711.0,42.5,162,0,7614.96,6885.0,10.300000000000011
1900,M,303.4,313.9,1406.0,28.8,98,0,4240.4,2822.4,10.5
1901,L,299.3,310.0,1567.0,37.2,114,0,6104.37,4240.8,10.699999999999989
1902,L,297.3,309.0,1504.0,43.6,93,0,6866.94,4054.8,11.699999999999989
1903,M,300.7,312.2,1661.0,22.2,212,0,3861.46,4706.4,11.5
1904,L,303.8,313.0,1933.0,27.2,57,0,5505.91,1550.3999999999999,9.199999999999989
1905,M,299.0,310.0,1664.0,38.4,216,0,6691.34,8294.4,11.0
1906,L,301.4,311.0,1418.0,31.6,140,0,4692.37,4424.0,9.600000000000023
1907,H,301.4,311.3,1523.0,35.3,70,0,5629.93,2471.0,9.900000000000034
1908,L,300.4,309.3,1788.0,39.7,133,0,7433.39,5280.1,8.900000000000034
1909,L,300.0,308.3,1285.0,30.8,211,1,4144.6,6498.8,8.300000000000011
1910,L,298.2,308.1,1427.0,39.6,44,0,5917.63,1742.4,9.900000000000034
1911,L,295.4,304.5,1665.0,42.9,132,0,7479.98,5662.8,9.100000000000023
1912,M,297.8,308.7,1769.0,47.7,165,0,8836.39,7870.500000000001,10.899999999999977
1913,H,299.2,308.9,1647.0,27.5,171,0,4743.02,4702.5,9.699999999999989
1914,L,302.2,312.5,1429.0,33.6,231,0,5028.06,7761.6,10.300000000000011
1915,L,299.8,311.2,1634.0,45.8,24,0,7836.93,1099.1999999999998,11.399999999999977
1916,M,299.0,307.5,1612.0,25.1,81,0,4237.09,2033.1000000000001,8.5
1917,M,298.2,307.5,1600.0,41.0,215,0,6869.62,8815.0,9.300000000000011
1918,L,301.3,311.5,1520.0,40.2,142,0,6398.8,5708.400000000001,10.199999999999989
1919,L,302.7,313.0,1547.0,14.1,199,0,2284.22,2805.9,10.300000000000011
1920,L,302.1,313.2,1375.0,35.0,76,0,5039.64,2660.0,11.099999999999966
1921,M,301.2,312.1,1981.0,43.2,166,0,8961.83,7171.200000000001,10.900000000000034
1922,L,297.0,307.1,1566.0,37.8,47,0,6198.86,1776.6,10.100000000000023
1923,M,299.3,309.6,1636.0,35.2,51,0,6030.52,1795.2,10.300000000000011
1924,L,303.9,314.2,1498.0,41.5,59,0,6510.11,2448.5,10.300000000000011
1925,M,302.2,310.8,1689.0,49.7,216,0,8790.52,10735.2,8.600000000000023
1926,L,296.9,306.8,1305.0,45.3,22,0,6190.67,996.5999999999999,9.900000000000034
1927,L,299.9,310.1,1225.0,32.4,196,0,4156.33,6350.4,10.200000000000045
1928,L,300.7,311.2,1532.0,25.4,51,0,4074.94,1295.3999999999999,10.5
1929,M,298.5,307.6,1905.0,45.1,85,0,8997.05,3833.5,9.100000000000023
1930,L,295.4,304.1,1754.0,28.2,238,0,5179.73,6711.599999999999,8.700000000000045
1931,L,300.2,310.0,1393.0,34.6,21,0,5047.26,726.6,9.800000000000011
1932,L,298.4,310.4,1630.0,41.9,24,0,7152.05,1005.5999999999999,12.0
1933,L,298.4,307.6,1424.0,51.3,182,0,7649.9,9336.6,9.200000000000045
1934,M,299.3,310.5,1614.0,52.7,238,1,8907.23,12542.6,11.199999999999989
1935,M,299.7,311.3,1628.0,40.5,63,0,6904.59,2551.5,11.600000000000023
1936,M,300.0,310.0,1703.0,34.8,64,0,6206.15,2227.2,10.0
1937,L,298.2,307.6,1257.0,27.9,3,0,3672.55,83.69999999999999,9.400000000000034
1938,M,299.6,310.1,1311.0,59.4,51,0,8154.88,3029.4,10.5
1939,L,296.5,306.7,1524.0,37.0,116,0,5904.94,4292.0,10.199999999999989
1940,L,300.6,309.8,1353.0,46.7,159,0,6616.73,7425.3,9.199999999999989
1941,L,294.4000000000001,303.85,1339.0,41.9,52,0,5875.21,2178.7999999999997,9.449999999999932
1942,L,299.4,309.9,1586.0,35.0,25,0,5812.99,875.0,10.5
1943,M,301.8,312.8,1374.0,34.5,99,0,4964.03,3415.5,11.0
1944,M,297.9,307.6,1942.0,26.1,206,0,5307.85,5376.6,9.700000000000045
1945,M,301.4,311.4,1442.0,51.1,162,0,7716.4,8278.2,10.0
1946,L,302.3,313.0,1489.0,38.7,229,0,6034.4,8862.300000000001,10.699999999999989
1947,L,294.4000000000001,303.85,1591.0,54.1,218,1,9013.55,11793.800000000001,9.449999999999932
1948,L,299.7,309.4,1268.0,35.4,13,0,4700.58,460.2,9.699999999999989
1949,L,294.4000000000001,303.85,1629.0,36.9,161,0,6294.71,5940.9,9.449999999999932
1950,L,299.8,309.0,1599.0,28.6,59,0,4788.98,1687.4,9.199999999999989
1951,L,300.0,312.7,1475.0,36.8,152,0,5684.19,5593.599999999999,12.699999999999989
1952,L,295.0,304.8,1587.0,27.5,53,0,4570.23,1457.5,9.800000000000011
1953,L,303.8,315.2,1614.0,43.9,154,0,7419.88,6760.599999999999,11.399999999999977
1954,M,300.6,312.3,1794.0,41.0,20,0,7702.56,820.0,11.699999999999989
1955,H,298.3,308.1,1985.0,54.6,175,0,11349.63,9555.0,9.800000000000011
1956,H,302.9,313.3,1347.0,25.4,34,0,3582.86,863.5999999999999,10.400000000000034
1957,M,296.4,306.5,1305.0,52.0,179,0,7106.28,9308.0,10.100000000000023
1958,L,297.5,305.9,1556.0,30.2,197,0,4920.91,5949.4,8.399999999999977
1959,M,295.4,303.85,1165.0,43.3,226,1,5282.54,9785.8,8.450000000000045
1960,M,303.6,313.7,1654.0,28.5,153,0,4936.38,4360.5,10.099999999999966
1961,L,300.7,310.2,1558.0,41.9,246,0,6836.13,10307.4,9.5
1962,L,301.3,313.2,1603.0,14.9,142,0,2501.2,2115.8,11.899999999999977
1963,M,300.6,310.4,1483.0,33.2,4,0,5155.94,132.8,9.799999999999955
1964,L,301.1,313.1,1583.0,41.0,217,0,6796.63,8897.0,12.0
1965,L,300.2,309.7,1622.0,57.4,160,0,9749.7,9184.0,9.5
1966,L,300.5,312.5,1573.0,18.7,152,0,3080.34,2842.4,12.0
1967,L,300.2,310.7,1297.0,39.9,120,0,5419.28,4788.0,10.5
1968,L,298.8,309.3,1568.0,34.7,208,0,5697.76,7217.6,10.5
1969,L,299.9,309.4,1869.0,20.8,179,0,4071.0,3723.2000000000003,9.5
1970,L,300.5,311.1,1581.0,28.7,171,0,4751.63,4907.7,10.600000000000023
1971,L,300.2,311.9,1562.0,35.2,19,0,5757.74,668.8000000000001,11.699999999999989
1972,M,297.0,306.9,1817.0,44.6,233,0,8486.3,10391.800000000001,9.899999999999977
1973,L,297.3,307.0,1404.0,40.8,55,0,5998.68,2244.0,9.699999999999989
1974,L,302.2,311.9,1697.0,26.8,65,0,4762.61,1742.0,9.699999999999989
1975,L,299.4,311.0,1443.0,21.6,118,0,3263.99,2548.8,11.600000000000023
1976,H,301.2,312.0,1732.0,44.1,7,0,7998.62,308.7,10.800000000000011
1977,L,297.8,309.3,1680.0,38.0,82,0,6685.31,3116.0,11.5
1978,L,297.1,307.4,1464.0,55.9,63,0,8570.01,3521.7,10.299999999999955
1979,M,298.3,308.4,1490.0,36.4,156,0,5679.58,5678.4,10.099999999999966
1980,M,299.6,310.0,1713.0,51.3,175,0,9202.45,8977.5,10.399999999999977
1981,L,298.7,309.7,1205.0,45.3,121,0,5716.28,5481.299999999999,11.0
1982,M,302.6,312.3,1458.0,48.1,146,0,7343.98,7022.6,9.699999999999989
1983,L,300.4,311.7,1649.0,44.2,136,0,7632.58,6011.200000000001,11.300000000000011
1984,L,303.7,314.1,1482.0,44.4,71,0,6890.64,3152.4,10.400000000000034
1985,L,300.8,308.4,1562.0,17.1,112,0,2797.09,1915.2000000000003,7.599999999999966
1986,L,295.2,306.1,1172.0,37.5,14,0,4602.43,525.0,10.900000000000034
1987,M,302.1,310.8,1385.0,33.3,225,0,4829.73,7492.499999999999,8.699999999999989
1988,L,297.0,307.8,1659.0,52.6,67,0,9138.2,3524.2000000000003,10.800000000000011
1989,L,300.5,311.4,1403.0,29.9,62,0,4392.96,1853.8,10.899999999999977
1990,M,298.5,308.8,1304.0,37.1,90,0,5066.17,3339.0,10.300000000000011
1991,M,304.3,314.8,1728.0,47.9,165,0,8667.78,7903.5,10.5
1992,L,302.9,314.0,1630.0,42.9,46,0,7322.74,1973.3999999999999,11.100000000000023
1993,M,298.5,308.0,1343.0,41.6,12,0,5850.57,499.20000000000005,9.5
1994,L,299.7,310.5,1562.0,50.9,223,1,8325.83,11350.699999999999,10.800000000000011
1995,M,300.5,311.7,1348.0,42.5,98,0,5999.39,4165.0,11.199999999999989
1996,M,301.7,313.5,1510.0,34.5,243,0,5455.38,8383.5,11.800000000000011
1997,H,300.1,309.0,1569.0,27.0,111,0,4436.24,2997.0,8.899999999999977
1998,L,298.0,308.4,1393.0,44.7,45,0,6520.6,2011.5000000000002,10.399999999999977
1999,L,298.6,307.6,1670.0,32.2,35,0,5631.2,1127.0,9.0
2000,L,300.0,309.0,1698.0,37.5,9,0,6668.03,337.5,9.0
2001,L,302.5,312.8,1585.0,50.6,182,0,8398.63,9209.2,10.300000000000011
2002,L,300.9,310.9,1612.0,37.7,22,0,6364.07,829.4000000000001,10.0
2003,H,298.5,309.6,1277.0,35.5,22,0,4747.31,781.0,11.100000000000023
2004,L,301.3,311.0,1781.0,37.1,67,0,6919.37,2485.7000000000003,9.699999999999989
2005,L,299.2,309.1,1521.0,37.4,171,0,5957.03,6395.4,9.900000000000034
2006,M,301.8,312.0,1370.0,30.0,132,0,4303.98,3960.0,10.199999999999989
2007,L,305.1,314.2,1564.0,56.6,3,0,9270.04,169.8,9.099999999999966
2008,M,299.3,308.6,1671.0,34.4,157,0,6019.54,5400.8,9.300000000000011
2009,L,301.6,312.7,1629.0,47.7,104,0,8137.07,4960.8,11.099999999999966
2010,L,298.5,308.0,1343.0,29.8,179,0,4191.03,5334.2,9.5
2011,L,299.8,311.0,1673.0,45.4,224,0,7953.91,10169.6,11.199999999999989
2012,L,300.1,310.7,1527.0,41.6,239,0,6652.13,9942.4,10.599999999999966
2013,H,299.6,308.1,1627.0,40.1,231,1,6832.2,9263.1,8.5
2014,L,304.9,315.5,1394.0,41.6,140,0,6072.74,5824.0,10.600000000000023
2015,L,299.4,309.9,1725.0,44.0,117,0,7948.23,5148.0,10.5
2016,L,301.2,311.6,1570.0,37.6,17,0,6181.82,639.2,10.400000000000034
2017,L,296.1,306.0,1750.0,38.1,159,0,6982.19,6057.900000000001,9.899999999999977
2018,M,300.9,309.9,1263.0,45.7,160,0,6044.33,7312.0,9.0
2019,L,302.3,313.6,1287.0,28.5,57,0,3841.07,1624.5,11.300000000000011
2020,M,298.9,308.8,1495.0,27.0,125,0,4227.01,3375.0,9.900000000000034
2021,H,295.0,304.1,1800.0,41.7,61,0,7860.26,2543.7000000000003,9.100000000000023
2022,L,299.9,310.4,1889.0,19.9,198,0,3936.53,3940.2,10.5
2023,H,300.0,309.3,1378.0,23.1,141,0,3333.42,3257.1000000000004,9.300000000000011
2024,L,301.4,310.5,1547.0,57.9,103,0,9379.88,5963.7,9.100000000000023
2025,L,304.0,313.6,1565.0,55.3,111,0,9062.92,6138.299999999999,9.600000000000023
2026,L,299.2,308.6,1666.0,34.2,13,0,5966.64,444.6,9.400000000000034
2027,M,298.3,307.4,1696.0,49.9,9,0,8862.47,449.09999999999997,9.099999999999966
2028,H,297.7,308.5,1338.0,50.2,104,0,7033.77,5220.8,10.800000000000011
2029,L,300.4,310.3,1549.0,44.6,186,0,7234.61,8295.6,9.900000000000034
2030,M,301.0,312.2,1178.0,39.1,243,0,4823.37,9501.300000000001,11.199999999999989
2031,L,298.9,308.1,1683.0,46.1,38,0,8124.82,1751.8,9.200000000000045
2032,L,301.6,309.8,1477.0,47.8,228,0,7393.28,10898.4,8.199999999999989
2033,L,300.9,311.1,1322.0,46.3,173,0,6409.75,8009.9,10.200000000000045
2034,H,300.1,311.9,1597.0,24.5,145,0,4097.32,3552.5,11.799999999999955
2035,M,298.2,308.7,1471.0,60.1,146,0,9257.97,8774.6,10.5
2036,L,299.0,312.3,1763.0,63.8,231,1,11778.82,14737.8,13.300000000000011
2037,L,295.1,305.5,1378.0,20.9,233,0,3015.95,4869.7,10.399999999999977
2038,L,300.5,310.7,1935.0,45.0,106,0,9118.47,4770.0,10.199999999999989
2039,L,300.1,307.9,1690.0,60.3,36,0,10671.68,2170.7999999999997,7.7999999999999545
2040,L,300.4,310.8,1768.0,49.9,238,1,9238.71,11876.199999999999,10.400000000000034
2041,M,301.0,311.2,1353.0,50.0,2,0,7084.29,100.0,10.199999999999989
2042,L,300.8,310.4,1858.0,25.6,247,0,4980.97,6323.200000000001,9.599999999999966
2043,L,299.8,309.6,1320.0,47.8,182,0,6607.4,8699.6,9.800000000000011
2044,L,300.1,310.0,1500.0,42.3,134,0,6644.47,5668.2,9.899999999999977
2045,M,297.2,307.0,1771.0,47.7,70,0,8846.38,3339.0,9.800000000000011
2046,M,298.8,310.9,1628.0,29.6,244,0,5046.32,7222.400000000001,12.099999999999966
2047,L,300.1,309.7,1316.0,29.2,51,0,4024.09,1489.2,9.599999999999966
2048,M,298.5,308.7,1741.0,38.5,181,0,7019.21,6968.5,10.199999999999989
2049,L,301.7,311.3,1598.0,36.1,37,0,6041.05,1335.7,9.600000000000023
2050,L,298.7,309.5,1463.0,38.3,62,0,5867.75,2374.6,10.800000000000011
2051,L,300.4,310.6,1261.0,35.1,245,0,4635.01,8599.5,10.200000000000045
2052,L,300.2,310.0,1615.0,37.9,63,0,6409.74,2387.7,9.800000000000011
2053,L,301.5,309.6,1508.0,33.3,119,0,5258.65,3962.7,8.100000000000023
2054,H,301.8,312.0,1565.0,39.4,5,0,6457.12,197.0,10.199999999999989
2055,M,301.4,311.1,1254.0,25.7,201,0,3374.89,5165.7,9.700000000000045
2056,M,295.8,305.7,1463.0,45.0,127,0,6894.23,5715.0,9.899999999999977
2057,L,302.4,311.2,1623.0,42.5,51,0,7223.31,2167.5,8.800000000000011
2058,L,303.1,314.5,1873.0,27.3,121,0,5354.62,3303.3,11.399999999999977
2059,M,299.0,309.9,1501.0,53.1,121,0,8346.49,6425.1,10.899999999999977
2060,L,300.5,311.9,1796.0,31.7,171,0,5962.03,5420.7,11.399999999999977
2061,L,298.2,309.4,1678.0,51.7,163,0,9084.71,8427.1,11.199999999999989
2062,L,296.1,306.7,1579.0,43.2,164,0,7143.23,7084.8,10.599999999999966
2063,M,298.5,307.4,1356.0,49.9,63,0,7085.8,3143.7,8.899999999999977
2064,L,298.9,310.8,1364.0,41.7,246,0,5956.33,10258.2,11.900000000000034
2065,L,299.3,308.4,1648.0,45.5,175,0,7852.31,7962.5,9.099999999999966
2066,M,298.1,307.8,1443.0,49.8,26,0,7525.31,1294.8,9.699999999999989
2067,L,298.5,309.2,1427.0,58.9,108,0,8801.73,6361.2,10.699999999999989
2068,L,300.0,310.7,1505.0,50.6,192,0,7974.72,9715.2,10.699999999999989
2069,L,298.5,309.0,1508.0,44.4,128,0,7011.53,5683.2,10.5
2070,L,301.1,310.7,1699.0,26.5,175,0,4714.85,4637.5,9.599999999999966
2071,M,301.4,310.8,1447.0,15.8,84,0,2394.17,1327.2,9.400000000000034
2072,L,304.8,316.25000000000006,1681.0,38.6,164,0,6794.91,6330.400000000001,11.450000000000045
2073,L,302.3,312.2,1616.0,32.8,91,0,5550.65,2984.7999999999997,9.899999999999977
2074,M,300.5,310.3,1238.0,33.1,48,0,4291.19,1588.8000000000002,9.800000000000011
2075,M,298.8,308.0,1590.0,39.1,54,0,6510.32,2111.4,9.199999999999989
2076,M,300.6,310.8,1060.0,46.5,38,0,5161.64,1767.0,10.199999999999989
2077,L,300.7,310.9,1377.0,33.7,163,0,4859.51,5493.1,10.199999999999989
2078,L,299.0,309.0,1620.0,48.8,193,0,8278.72,9418.4,10.0
2079,H,301.6,311.9,1536.0,40.2,193,0,6466.15,7758.6,10.299999999999955
2080,M,297.2,309.0,1221.0,40.3,67,0,5152.87,2700.1,11.800000000000011
2081,L,299.5,308.9,1337.0,58.6,1,0,8204.6,58.6,9.399999999999977
2082,L,301.1,311.2,1071.0,41.7,64,0,4676.86,2668.8,10.099999999999966
2083,L,299.4,308.8,1297.0,39.4,240,0,5351.37,9456.0,9.400000000000034
2084,H,299.6,309.9,1641.0,45.1,103,0,7750.21,4645.3,10.299999999999955
2085,L,299.7,309.2,1438.0,57.8,17,0,8703.93,982.5999999999999,9.5
2086,L,298.3,307.8,1568.0,39.4,168,0,6469.5,6619.2,9.5
2087,L,302.3,310.9,1540.0,44.3,97,0,7144.19,4297.099999999999,8.599999999999966
2088,M,298.0,308.1,1543.0,38.8,218,0,6269.4,8458.4,10.100000000000023
2089,M,300.6,311.1,1721.0,38.9,122,0,7010.66,4745.8,10.5
2090,L,300.8,312.7,1501.0,35.0,227,1,5501.45,7945.0,11.899999999999977
2091,M,298.1,308.6,1701.0,34.3,246,0,6109.8,8437.8,10.5
2092,H,300.1,309.7,1094.0,56.8,166,1,6507.2,9428.8,9.599999999999966
2093,L,298.2,306.8,1736.0,34.4,153,0,6253.7,5263.2,8.600000000000023
2094,L,302.8,311.6,1307.0,24.6,202,0,3366.97,4969.200000000001,8.800000000000011
2095,L,297.7,306.4,1345.0,41.1,103,0,5788.86,4233.3,8.699999999999989
2096,M,298.7,310.6,1411.0,50.0,2,0,7387.98,100.0,11.900000000000034
2097,L,297.6,307.8,1732.0,52.3,176,0,9485.89,9204.8,10.199999999999989
2098,M,297.3,306.7,1378.0,28.0,27,0,4040.51,756.0,9.399999999999977
2099,M,303.2,312.2,1420.0,51.0,227,0,7583.8,11577.0,9.0
2100,L,301.1,310.2,1365.0,60.4,143,0,8633.72,8637.199999999999,9.099999999999966
2101,H,300.3,309.7,1583.0,33.1,226,0,5487.03,7480.6,9.399999999999977
2102,L,298.7,310.0,1671.0,38.2,122,0,6684.49,4660.400000000001,11.300000000000011
2103,L,301.8,311.8,1843.0,27.6,115,0,5326.76,3174.0,10.0
2104,M,298.4,306.9,1967.0,58.4,21,0,12029.45,1226.3999999999999,8.5
2105,M,301.6,313.9,1654.0,25.0,79,0,4330.16,1975.0,12.299999999999955
2106,L,298.3,307.1,1603.0,35.9,96,0,6026.38,3446.3999999999996,8.800000000000011
2107,M,298.7,308.1,1320.0,47.7,76,0,6593.57,3625.2000000000003,9.400000000000034
2108,H,301.5,312.8,1879.0,33.1,48,0,6513.03,1588.8000000000002,11.300000000000011
2109,L,301.7,312.1,1576.0,30.0,27,0,4951.15,810.0,10.400000000000034
2110,H,301.2,310.7,1486.0,39.4,235,0,6131.17,9259.0,9.5
2111,L,297.9,306.7,1607.0,63.7,143,0,10719.73,9109.1,8.800000000000011
2112,L,299.1,308.1,1424.0,37.4,63,0,5577.12,2356.2,9.0
2113,L,300.3,309.4,1119.0,37.8,187,0,4429.46,7068.599999999999,9.099999999999966
2114,M,298.3,308.3,1640.0,28.8,193,0,4946.12,5558.400000000001,10.0
2115,M,302.7,312.9,1778.0,43.7,25,0,8136.58,1092.5,10.199999999999989
2116,L,295.2,305.0,1637.0,48.7,169,0,8348.46,8230.300000000001,9.800000000000011
2117,L,298.4,308.4,1536.0,33.9,219,1,5452.8,7424.099999999999,10.0
2118,M,299.0,307.9,1540.0,45.2,130,0,7289.33,5876.0,8.899999999999977
2119,L,294.4000000000001,304.6,1568.0,33.9,107,0,5566.4,3627.2999999999997,10.199999999999932
2120,M,297.2,308.5,1563.0,21.0,20,0,3437.22,420.0,11.300000000000011
2121,M,301.3,311.1,1527.0,44.5,31,0,7115.86,1379.5,9.800000000000011
2122,L,300.1,309.9,1542.0,60.6,248,1,9785.56,15028.800000000001,9.799999999999955
2123,H,303.1,313.2,1816.0,28.0,197,0,5324.79,5516.0,10.099999999999966
2124,L,303.1,314.2,1622.0,41.7,196,0,7082.97,8173.200000000001,11.099999999999966
2125,H,300.9,310.0,1556.0,52.9,23,0,8619.73,1216.7,9.100000000000023
2126,M,300.6,312.1,1656.0,38.9,64,0,6745.88,2489.6,11.5
2127,M,300.1,310.6,1656.0,25.7,22,0,4456.79,565.4,10.5
2128,L,294.7,304.7,1707.0,40.3,79,0,7203.89,3183.7,10.0
2129,M,297.2,308.4,1402.0,54.7,7,0,8030.9,382.90000000000003,11.199999999999989
2130,L,300.2,309.0,1451.0,34.9,44,0,5303.0,1535.6,8.800000000000011
2131,L,301.2,311.8,1392.0,42.2,216,0,6151.49,9115.2,10.600000000000023
2132,L,300.6,311.0,1675.0,29.4,109,0,5156.92,3204.6,10.399999999999977
2133,L,298.2,307.3,1666.0,38.9,138,0,6786.62,5368.2,9.100000000000023
2134,L,301.9,312.3,1310.0,43.8,56,0,6008.61,2452.7999999999997,10.400000000000034
2135,M,303.0,313.2,1607.0,41.2,11,0,6933.33,453.20000000000005,10.199999999999989
2136,M,301.9,311.7,1783.0,35.6,236,0,6647.07,8401.6,9.800000000000011
2137,L,302.0,312.8,1495.0,44.3,71,0,6935.43,3145.2999999999997,10.800000000000011
2138,M,298.9,308.3,1594.0,46.6,137,0,7778.63,6384.2,9.400000000000034
2139,L,302.2,312.4,1668.0,47.2,62,0,8244.54,2926.4,10.199999999999989
2140,M,300.3,310.2,1301.0,37.0,162,0,5040.89,5994.0,9.899999999999977
2141,M,301.0,310.4,1565.0,33.7,37,0,5522.97,1246.9,9.399999999999977
2142,L,300.7,311.2,1765.0,59.5,20,0,10997.41,1190.0,10.5
2143,M,299.8,309.5,1431.0,41.3,50,0,6188.97,2065.0,9.699999999999989
2144,L,298.3,306.8,1687.0,37.3,145,0,6589.5,5408.5,8.5
2145,L,299.8,308.0,1542.0,25.2,145,0,4069.24,3654.0,8.199999999999989
2146,M,302.0,312.8,1417.0,30.6,249,0,4540.67,7619.400000000001,10.800000000000011
2147,L,299.1,307.9,1520.0,33.5,121,0,5332.33,4053.5,8.799999999999955
2148,L,301.8,312.1,1443.0,44.3,153,0,6694.2,6777.9,10.300000000000011
2149,L,301.5,311.5,1378.0,36.4,19,0,5252.66,691.6,10.0
2150,M,299.4,309.0,1492.0,40.1,24,0,6265.3,962.4000000000001,9.600000000000023
2151,L,302.8,314.7,1550.0,25.6,222,0,4155.28,5683.200000000001,11.899999999999977
2152,L,299.3,309.5,1508.0,53.9,209,1,8511.75,11265.1,10.199999999999989
2153,M,303.0,313.8,1490.0,32.6,207,0,5086.66,6748.200000000001,10.800000000000011
2154,M,300.9,311.2,1578.0,42.2,244,1,6973.46,10296.800000000001,10.300000000000011
2155,L,300.0,309.7,1633.0,34.6,172,0,5916.85,5951.2,9.699999999999989
2156,L,298.2,308.2,1333.0,36.7,247,0,5123.01,9064.900000000001,10.0
2157,L,299.8,311.3,1492.0,32.0,185,0,4999.74,5920.0,11.5
2158,L,299.6,310.7,1184.0,42.9,234,0,5319.09,10038.6,11.099999999999966
2159,L,297.5,309.4,1508.0,30.1,17,0,4753.31,511.70000000000005,11.899999999999977
2160,M,299.6,309.8,1564.0,43.0,47,0,7042.61,2021.0,10.199999999999989
2161,M,298.4,307.5,1639.0,38.7,13,0,6642.3,503.1,9.100000000000023
2162,M,301.2,310.7,1565.0,46.2,134,0,7571.55,6190.8,9.5
2163,L,302.6,311.4,1636.0,47.2,165,0,8086.38,7788.000000000001,8.799999999999955
2164,M,297.5,308.3,1549.0,36.7,112,0,5953.14,4110.400000000001,10.800000000000011
2165,L,303.4,312.8,1417.0,43.5,63,0,6454.87,2740.5,9.400000000000034
2166,H,299.7,306.7,1338.0,35.4,28,1,4960.07,991.1999999999999,7.0
2167,M,298.0,310.5,1490.0,53.0,86,0,8269.72,4558.0,12.5
2168,L,301.5,310.9,1400.0,36.3,238,0,5321.86,8639.4,9.399999999999977
2169,M,299.1,308.5,1516.0,37.9,233,0,6016.82,8830.699999999999,9.399999999999977
2170,L,299.8,311.5,1449.0,35.2,248,0,5341.21,8729.6,11.699999999999989
2171,M,299.2,308.0,1613.0,32.6,112,0,5506.56,3651.2000000000003,8.800000000000011
2172,L,298.4,309.5,1546.0,60.2,225,1,9746.18,13545.0,11.100000000000023
2173,L,301.4,310.9,1618.0,44.7,182,0,7573.81,8135.400000000001,9.5
2174,M,299.4,308.1,1617.0,40.6,80,0,6874.87,3248.0,8.700000000000045
2175,L,297.1,308.8,1505.0,35.2,172,0,5547.63,6054.400000000001,11.699999999999989
2176,M,301.1,312.0,1516.0,51.0,209,1,8096.51,10659.0,10.899999999999977
2177,L,297.6,308.5,1627.0,34.5,18,0,5878.08,621.0,10.899999999999977
2178,M,297.7,308.1,1975.0,41.1,129,0,8500.36,5301.900000000001,10.400000000000034
2179,M,302.4,313.0,1360.0,61.8,92,0,8801.49,5685.599999999999,10.600000000000023
2180,L,297.6,306.4,1545.0,30.4,193,1,4918.48,5867.2,8.799999999999955
2181,L,295.4,305.5,1323.0,45.3,209,1,6276.05,9467.699999999999,10.100000000000023
2182,L,301.2,310.3,1534.0,42.8,230,0,6875.4,9844.0,9.100000000000023
2183,L,299.4,308.0,1417.0,45.2,105,0,6707.13,4746.0,8.600000000000023
2184,L,299.6,310.0,1516.0,37.1,99,0,5889.82,3672.9,10.399999999999977
2185,M,299.4,310.5,1565.0,34.0,35,0,5572.14,1190.0,11.100000000000023
2186,H,300.5,310.1,1450.0,42.2,183,0,6407.8,7722.6,9.600000000000023
2187,M,298.5,308.3,1218.0,35.4,148,0,4515.22,5239.2,9.800000000000011
2188,M,303.0,311.8,1793.0,16.7,224,0,3135.63,3740.7999999999997,8.800000000000011
2189,M,297.0,307.1,1688.0,31.7,62,0,5603.51,1965.3999999999999,10.100000000000023
2190,M,300.9,311.6,1514.0,36.7,129,0,5818.63,4734.3,10.700000000000045
2191,L,301.3,312.1,1377.0,29.2,126,0,4210.61,3679.2,10.800000000000011
2192,H,298.5,309.0,1553.0,41.4,201,0,6732.87,8321.4,10.5
2193,M,298.0,307.3,1602.0,32.4,142,0,5435.46,4600.8,9.300000000000011
2194,L,302.0,311.4,1675.0,39.5,189,0,6928.52,7465.5,9.399999999999977
2195,L,298.0,308.8,1692.0,61.5,11,0,10896.93,676.5,10.800000000000011
2196,L,298.8,309.6,1726.0,52.1,2,0,9416.88,104.2,10.800000000000011
2197,L,301.8,311.6,1226.0,45.8,131,0,5880.1,5999.799999999999,9.800000000000011
2198,M,300.1,309.6,1483.0,57.9,8,0,8991.84,463.2,9.5
2199,L,296.4,307.6,1715.0,39.2,173,0,7040.1,6781.6,11.200000000000045
2200,L,303.5,313.1,1372.0,39.3,41,0,5646.45,1611.3,9.600000000000023
2201,H,298.9,309.7,1756.0,29.4,201,0,5406.3,5909.4,10.800000000000011
2202,L,299.2,309.1,1862.0,52.6,30,0,10256.38,1578.0,9.900000000000034
2203,L,300.5,309.5,1751.0,59.4,164,0,10891.84,9741.6,9.0
2204,L,301.3,312.9,1656.0,48.9,10,0,8480.04,489.0,11.599999999999966
2205,M,303.9,314.0,1457.0,54.1,188,0,8254.4,10170.800000000001,10.100000000000023
2206,H,296.7,306.0,1588.0,13.34999999999999,26,0,2220.04,347.09999999999974,9.300000000000011
2207,L,301.7,310.3,1297.0,63.2,173,0,8583.92,10933.6,8.600000000000023
2208,M,301.5,310.2,1398.0,38.9,69,0,5694.89,2684.1,8.699999999999989
2209,L,299.7,309.4,1410.0,63.4,234,1,9361.32,14835.6,9.699999999999989
2210,H,301.6,313.5,1549.0,57.1,93,0,9262.24,5310.3,11.899999999999977
2211,M,301.9,311.3,1467.0,47.6,42,0,7312.5,1999.2,9.400000000000034
2212,M,297.2,308.7,1584.0,36.5,226,0,6054.48,8249.0,11.5
2213,L,303.5,313.4,1695.0,41.5,44,0,7366.25,1826.0,9.899999999999977
2214,H,296.9,305.7,1410.0,20.9,145,0,3085.99,3030.5,8.800000000000011
2215,M,297.7,307.3,1564.0,49.2,49,0,8058.06,2410.8,9.600000000000023
2216,L,299.5,308.2,1463.0,14.5,5,0,2221.47,72.5,8.699999999999989
2217,M,303.8,313.0,1572.0,36.9,140,0,6074.46,5166.0,9.199999999999989
2218,L,299.4,308.5,1660.0,55.3,229,1,9613.06,12663.699999999999,9.100000000000023
2219,M,299.9,308.0,1702.0,47.1,11,0,8394.78,518.1,8.100000000000023
2220,L,302.9,314.4,1657.0,24.7,6,0,4285.96,148.2,11.5
2221,M,299.4,309.6,1612.0,26.6,141,0,4490.3,3750.6000000000004,10.200000000000045
2222,L,297.6,307.0,1283.0,33.9,200,0,4554.65,6780.0,9.399999999999977
2223,L,299.2,309.4,1344.0,40.7,98,0,5728.25,3988.6000000000004,10.199999999999989
2224,L,302.7,311.9,1390.0,48.6,46,0,7074.24,2235.6,9.199999999999989
2225,L,300.1,307.5,1602.0,45.9,6,0,7700.23,275.4,7.399999999999977
2226,L,303.9,316.25000000000006,1306.0,29.4,38,0,4020.86,1117.2,12.35000000000008
2227,L,301.5,311.7,1598.0,46.1,183,0,7714.47,8436.300000000001,10.199999999999989
2228,L,298.7,308.1,1585.0,47.1,212,0,7817.7,9985.2,9.400000000000034
2229,L,300.1,308.2,1191.0,44.8,146,1,5587.51,6540.799999999999,8.099999999999966
2230,L,298.3,306.8,1343.0,64.6,122,1,9085.26,7881.199999999999,8.5
2231,M,298.7,310.3,1724.0,47.1,26,0,8503.29,1224.6000000000001,11.600000000000023
2232,L,305.5999999999999,316.25000000000006,1662.0,49.5,60,0,8615.19,2970.0,10.650000000000148
2233,H,302.0,312.8,1385.0,58.6,65,0,8499.16,3809.0,10.800000000000011
2234,M,301.7,310.6,1352.0,48.4,51,0,6852.53,2468.4,8.900000000000034
2235,M,298.8,310.3,1099.0,34.4,183,0,3958.99,6295.2,11.5
2236,L,303.1,313.6,1801.0,52.3,141,0,9863.79,7374.299999999999,10.5
2237,M,302.2,312.9,1545.0,35.9,100,0,5808.33,3590.0,10.699999999999989
2238,L,303.8,314.2,1875.0,30.1,32,0,5910.12,963.2,10.399999999999977
2239,L,303.7,312.2,1503.0,31.0,107,0,4879.21,3317.0,8.5
2240,L,297.0,305.8,1588.0,52.2,139,0,8680.6,7255.8,8.800000000000011
2241,M,297.8,307.3,1697.0,46.1,242,0,8192.4,11156.2,9.5
2242,L,298.0,308.6,1831.0,50.5,84,0,9682.96,4242.0,10.600000000000023
2243,L,298.1,306.7,1627.0,46.1,93,0,7854.47,4287.3,8.599999999999966
2244,H,300.6,310.5,1538.0,41.8,85,0,6732.27,3552.9999999999995,9.899999999999977
2245,M,298.9,308.7,1543.0,43.1,65,0,6964.21,2801.5,9.800000000000011
2246,L,304.1,314.9,1350.0,45.8,220,0,6474.82,10076.0,10.799999999999955
2247,L,303.8,314.5,1469.0,33.9,151,0,5214.95,5118.9,10.699999999999989
2248,M,300.0,309.0,1547.0,27.0,223,0,4374.04,6021.0,9.0
2249,L,303.9,315.4,1785.0,35.1,172,0,6561.06,6037.2,11.5
2250,L,303.0,311.8,1461.0,45.3,203,0,6930.7,9195.9,8.800000000000011
2251,L,299.1,310.2,1728.0,33.4,246,0,6043.92,8216.4,11.099999999999966
2252,H,296.0,305.4,1523.0,61.1,182,0,9744.73,11120.2,9.399999999999977
2253,M,299.6,309.7,1760.0,44.3,122,0,8164.79,5404.599999999999,10.099999999999966
2254,M,298.7,308.9,1659.0,41.1,198,0,7140.31,8137.8,10.199999999999989
2255,M,300.4,310.6,1647.0,33.9,52,0,5846.85,1762.8,10.200000000000045
2256,L,300.2,310.9,1713.0,49.0,193,0,8789.86,9457.0,10.699999999999989
2257,L,300.1,310.5,1687.0,27.8,103,0,4911.21,2863.4,10.399999999999977
2258,L,301.0,311.8,1728.0,43.0,18,0,7781.1,774.0,10.800000000000011
2259,L,297.6,308.0,1919.0,35.6,178,0,7154.08,6336.8,10.399999999999977
2260,L,300.8,309.6,1827.0,41.1,81,0,7863.37,3329.1,8.800000000000011
2261,M,299.1,309.4,1621.0,44.7,97,0,7587.86,4335.900000000001,10.299999999999955
2262,M,300.4,309.8,1458.0,28.5,125,0,4351.42,3562.5,9.400000000000034
2263,M,301.9,310.8,1603.0,23.3,193,0,3911.27,4496.900000000001,8.900000000000034
2264,L,297.6,307.3,1193.0,30.6,44,0,3822.88,1346.4,9.699999999999989
2265,M,299.4,309.6,1686.0,48.7,127,0,8598.35,6184.900000000001,10.200000000000045
2266,M,299.8,310.0,1348.0,43.6,101,0,6154.67,4403.6,10.199999999999989
2267,L,299.0,310.0,1738.0,35.9,167,0,6533.91,5995.3,11.0
2268,M,301.8,313.1,1892.0,59.5,210,1,11788.72,12495.0,11.300000000000011
2269,L,298.6,308.9,1278.0,52.7,133,0,7052.94,7009.1,10.299999999999955
2270,L,298.9,309.4,1528.0,50.3,178,0,8048.59,8953.4,10.5
2271,L,298.6,308.7,1347.0,32.7,168,0,4612.58,5493.6,10.099999999999966
2272,L,302.2,313.0,1228.0,50.2,174,0,6455.51,8734.800000000001,10.800000000000011
2273,L,299.0,309.5,1518.0,43.3,144,0,6883.17,6235.2,10.5
2274,M,300.9,310.9,1651.0,32.7,150,0,5653.58,4905.0,10.0
2275,H,304.0,316.1,1673.0,38.9,39,0,6815.13,1517.1,12.100000000000023
2276,M,299.9,309.3,1565.0,29.6,72,0,4851.04,2131.2000000000003,9.400000000000034
2277,M,302.2,313.7,1240.0,32.8,164,0,4259.16,5379.2,11.5
2278,L,303.3,312.0,1560.0,28.5,101,0,4655.84,2878.5,8.699999999999989
2279,M,302.1,312.9,1270.0,49.4,84,0,6569.91,4149.599999999999,10.799999999999955
2280,L,300.0,311.4,1282.0,39.2,185,0,5262.63,7252.000000000001,11.399999999999977
2281,L,301.3,309.4,1359.0,30.5,148,1,4340.58,4514.0,8.099999999999966
2282,L,297.4,307.6,1725.0,45.1,154,0,8146.94,6945.400000000001,10.200000000000045
2283,L,298.4,309.2,1635.0,39.9,138,0,6831.55,5506.2,10.800000000000011
2284,L,298.8,309.0,1595.0,50.4,38,0,8418.21,1915.2,10.199999999999989
2285,L,304.5,314.9,1383.0,41.2,221,1,5966.89,9105.2,10.399999999999977
2286,L,298.4,308.5,1468.0,25.6,190,0,3935.45,4864.0,10.100000000000023
2287,H,298.3,307.3,1292.0,35.0,27,0,4735.43,945.0,9.0
2288,L,297.9,310.3,1782.0,28.4,83,0,5299.74,2357.2,12.400000000000034
2289,L,301.1,310.6,1931.0,45.5,174,0,9200.73,7917.0,9.5
2290,L,300.3,310.7,1637.0,50.7,236,1,8691.31,11965.2,10.399999999999977
2291,M,302.2,311.5,1668.0,24.5,46,0,4279.48,1127.0,9.300000000000011
2292,L,301.3,309.1,1509.0,38.7,109,0,6115.46,4218.3,7.800000000000011
2293,L,297.2,306.3,1248.0,51.4,229,1,6717.48,11770.6,9.100000000000023
2294,L,298.4,306.9,1386.0,24.4,131,0,3541.45,3196.3999999999996,8.5
2295,L,302.7,313.8,1454.0,35.6,188,0,5420.55,6692.8,11.100000000000023
2296,L,299.6,309.0,1469.0,39.9,17,0,6137.95,678.3,9.399999999999977
2297,L,302.4,311.9,1427.0,50.5,177,0,7546.47,8938.5,9.5
2298,L,299.7,308.6,1546.0,45.3,92,0,7333.92,4167.599999999999,8.900000000000034
2299,L,298.1,308.2,1385.0,47.4,163,0,6874.75,7726.2,10.099999999999966
2300,L,299.4,308.7,1926.0,45.9,90,0,9257.58,4131.0,9.300000000000011
2301,M,298.1,309.1,1293.0,36.2,244,0,4901.58,8832.800000000001,11.0
2302,L,298.9,309.2,1696.0,56.3,0,0,9999.14,0.0,10.300000000000011
2303,L,300.4,309.8,1491.0,33.2,34,0,5183.75,1128.8000000000002,9.400000000000034
2304,L,301.0,311.9,1620.0,13.34999999999999,4,0,2264.77,53.39999999999996,10.899999999999977
2305,H,296.8,306.8,1628.0,22.0,247,1,3750.64,5434.0,10.0
2306,L,300.0,310.0,1566.0,38.7,115,0,6346.46,4450.5,10.0
2307,L,298.8,307.4,1335.0,36.6,5,1,5116.71,183.0,8.599999999999966
2308,M,298.7,308.6,1478.0,34.6,59,0,5355.24,2041.4,9.900000000000034
2309,L,300.3,310.6,1568.0,41.4,99,0,6797.9,4098.599999999999,10.300000000000011
2310,L,298.9,310.2,1557.0,51.9,132,0,8462.23,6850.8,11.300000000000011
2311,L,302.8,312.0,1354.0,44.4,235,0,6295.5,10434.0,9.199999999999989
2312,M,302.4,314.7,1769.0,46.4,159,0,8595.57,7377.599999999999,12.300000000000011
2313,L,302.4,312.9,1091.0,29.1,166,0,3324.65,4830.6,10.5
2314,M,299.0,307.5,1493.0,34.7,236,0,5425.23,8189.200000000001,8.5
2315,H,298.1,307.2,1373.0,46.9,94,0,6743.29,4408.599999999999,9.099999999999966
2316,L,300.2,311.6,1570.0,41.0,39,0,6740.81,1599.0,11.400000000000034
2317,L,299.7,310.9,1719.0,44.7,236,0,8046.59,10549.2,11.199999999999989
2318,L,298.8,308.8,1286.0,46.0,235,0,6194.8,10810.0,10.0
2319,L,297.6,307.8,1959.0,41.6,41,0,8534.07,1705.6000000000001,10.199999999999989
2320,L,299.9,308.8,1574.0,55.7,73,0,9180.97,4066.1000000000004,8.900000000000034
2321,H,299.2,310.5,1606.0,34.6,222,0,5819.03,7681.200000000001,11.300000000000011
2322,M,301.4,310.4,1280.0,31.7,135,0,4249.11,4279.5,9.0
2323,M,301.3,312.2,1529.0,22.3,90,0,3570.6,2007.0,10.899999999999977
2324,L,302.2,313.6,1711.0,47.4,28,0,8492.92,1327.2,11.400000000000034
2325,M,297.5,307.5,1575.0,34.2,187,0,5640.73,6395.400000000001,10.0
2326,H,300.8,311.8,1563.0,52.5,77,0,8593.04,4042.5,11.0
2327,M,298.5,310.4,1528.0,42.4,22,0,6784.5,932.8,11.899999999999977
2328,L,297.6,307.8,1291.0,36.5,3,0,4934.55,109.5,10.199999999999989
2329,M,299.1,309.0,1290.0,29.4,243,0,3971.6,7144.2,9.899999999999977
2330,L,302.1,312.1,1747.0,48.3,33,0,8836.26,1593.8999999999999,10.0
2331,L,299.3,308.5,1695.0,39.4,104,0,6993.5,4097.599999999999,9.199999999999989
2332,L,303.1,312.4,1722.0,42.6,165,0,7681.95,7029.0,9.299999999999955
2333,M,301.1,311.5,1390.0,45.9,60,0,6681.23,2754.0,10.399999999999977
2334,M,299.2,309.0,1509.0,42.5,26,0,6715.94,1105.0,9.800000000000011
2335,L,302.3,312.6,1758.0,31.4,82,0,5780.66,2574.7999999999997,10.300000000000011
2336,L,300.9,309.4,1318.0,45.1,158,1,6224.73,7125.8,8.5
2337,L,298.1,308.0,1740.0,48.1,130,0,8764.42,6253.0,9.899999999999977
2338,L,303.7,314.7,1433.0,43.5,220,1,6527.76,9570.0,11.0
2339,L,300.5,309.4,1384.0,46.2,76,0,6695.86,3511.2000000000003,8.899999999999977
2340,L,300.0,310.1,1532.0,47.1,154,0,7556.28,7253.400000000001,10.100000000000023
2341,M,298.3,306.4,1338.0,36.0,170,1,5044.14,6120.0,8.099999999999966
2342,L,302.4,311.1,1198.0,35.6,187,0,4466.17,6657.2,8.700000000000045
2343,L,301.0,311.8,1551.0,62.1,95,0,10086.3,5899.5,10.800000000000011
2344,L,301.3,310.9,1633.0,53.1,45,0,9080.49,2389.5,9.599999999999966
2345,H,299.0,310.8,1755.0,39.4,240,0,7241.06,9456.0,11.800000000000011
2346,M,301.7,312.1,1646.0,46.7,241,0,8049.62,11254.7,10.400000000000034
2347,M,301.8,312.4,1889.0,30.6,36,0,6053.16,1101.6000000000001,10.599999999999966
2348,L,298.7,307.6,1781.0,33.9,120,0,6322.55,4068.0,8.900000000000034
2349,L,297.2,306.8,1670.0,27.5,194,0,4809.25,5335.0,9.600000000000023
2350,L,301.2,310.4,1621.0,42.7,230,0,7248.36,9821.0,9.199999999999989
2351,M,296.9,305.8,1758.0,42.9,133,0,7897.78,5705.7,8.900000000000034
2352,H,300.3,311.0,1141.0,50.7,58,0,6057.9,2940.6000000000004,10.699999999999989
2353,M,299.1,310.0,1452.0,37.8,130,0,5747.61,4914.0,10.899999999999977
2354,M,302.4,312.8,1205.0,50.5,243,1,6372.46,12271.5,10.400000000000034
2355,M,299.2,308.4,1656.0,46.4,204,0,8046.5,9465.6,9.199999999999989
2356,L,302.2,312.5,1405.0,64.4,138,0,9475.25,8887.2,10.300000000000011
2357,H,299.0,307.1,2026.5,56.5,26,0,11990.12,1469.0,8.100000000000023
2358,L,302.0,313.3,1445.0,54.8,244,1,8292.34,13371.199999999999,11.300000000000011
2359,L,304.1,312.8,1557.0,48.2,129,0,7858.95,6217.8,8.699999999999989
2360,L,297.9,306.7,1465.0,31.0,63,0,4755.85,1953.0,8.800000000000011
2361,L,300.6,310.7,1450.0,42.8,231,0,6498.91,9886.8,10.099999999999966
2362,L,305.5,315.7,1314.0,62.3,171,0,8572.59,10653.3,10.199999999999989
2363,L,300.1,310.1,1308.0,44.9,75,0,6150.11,3367.5,10.0
2364,L,300.1,309.0,1147.0,31.7,54,0,3807.6,1711.8,8.899999999999977
2365,L,301.6,312.7,1635.0,43.2,238,0,7396.57,10281.6,11.099999999999966
2366,L,300.1,308.4,1461.0,30.0,120,0,4589.87,3600.0,8.299999999999955
2367,L,296.6,305.1,1884.0,31.4,167,0,6194.97,5243.8,8.5
2368,L,302.3,312.2,1315.0,44.0,75,0,6059.09,3300.0,9.899999999999977
2369,L,296.0,304.7,1802.0,47.3,150,0,8925.75,7095.0,8.699999999999989
2370,M,299.2,310.4,1819.0,32.0,191,0,6095.53,6112.0,11.199999999999989
2371,M,302.4,311.2,1766.0,34.3,222,0,6343.27,7614.599999999999,8.800000000000011
2372,M,299.3,310.8,1580.0,25.7,184,0,4252.25,4728.8,11.5
2373,M,298.6,309.6,1477.0,38.6,9,0,5970.3,347.40000000000003,11.0
2374,L,301.8,313.0,1766.0,20.5,244,0,3791.17,5002.0,11.199999999999989
2375,M,298.3,310.2,1396.0,36.9,34,0,5394.37,1254.6,11.899999999999977
2376,L,297.6,307.6,1586.0,40.7,133,0,6759.68,5413.1,10.0
2377,L,300.5,309.5,1530.0,22.4,88,0,3588.96,1971.1999999999998,9.0
2378,M,299.6,309.5,1378.0,29.9,222,1,4314.68,6637.799999999999,9.899999999999977
2379,L,297.5,306.9,1587.0,39.3,181,0,6531.28,7113.299999999999,9.399999999999977
2380,M,301.3,310.6,1670.0,37.9,221,0,6628.03,8375.9,9.300000000000011
2381,M,300.9,311.1,1371.0,38.4,123,0,5513.12,4723.2,10.200000000000045
2382,M,299.3,309.0,1620.0,42.8,206,0,7260.85,8816.8,9.699999999999989
2383,H,299.4,308.7,1139.0,23.3,237,0,2779.13,5522.1,9.300000000000011
2384,L,300.9,310.7,1350.0,47.0,66,0,6644.47,3102.0,9.800000000000011
2385,L,302.4,312.9,1456.0,36.7,81,0,5595.72,2972.7000000000003,10.5
2386,L,299.4,310.4,1601.0,34.0,244,0,5700.32,8296.0,11.0
2387,L,301.3,309.7,1693.0,21.3,119,0,3776.29,2534.7000000000003,8.399999999999977
2388,M,301.1,310.8,1552.0,37.2,55,0,6045.93,2046.0000000000002,9.699999999999989
2389,M,301.8,311.6,1639.0,45.0,80,0,7723.61,3600.0,9.800000000000011
2390,M,300.1,308.9,1509.0,41.3,59,0,6526.31,2436.7,8.799999999999955
2391,L,298.2,308.1,1610.0,41.6,13,0,7013.71,540.8000000000001,9.900000000000034
2392,L,299.1,309.2,1600.0,36.5,173,0,6115.63,6314.5,10.099999999999966
2393,L,300.7,311.2,1446.0,39.3,15,0,5950.99,589.5,10.5
2394,L,303.6,313.7,1474.0,28.9,114,0,4460.91,3294.6,10.099999999999966
2395,M,299.0,308.2,1645.0,39.9,26,0,6873.33,1037.3999999999999,9.199999999999989
2396,L,301.6,313.6,1862.0,35.0,234,1,6824.59,8190.0,12.0
2397,L,299.3,310.2,1754.0,28.7,164,0,5271.57,4706.8,10.899999999999977
2398,L,300.2,310.8,1335.0,47.4,224,0,6626.56,10617.6,10.600000000000023
2399,M,303.0,314.0,1336.0,24.2,60,0,3385.72,1452.0,11.0
2400,M,301.5,311.8,1442.0,45.1,117,0,6810.37,5276.7,10.300000000000011
2401,L,297.5,308.8,1555.0,45.7,147,0,7441.75,6717.900000000001,11.300000000000011
2402,L,298.9,308.9,1546.0,34.6,24,0,5601.63,830.4000000000001,10.0
2403,L,302.5,312.5,1760.0,50.2,177,0,9252.2,8885.4,10.0
2404,L,300.3,310.9,1769.0,34.4,57,0,6372.57,1960.8,10.599999999999966
2405,M,297.7,309.3,1539.0,33.8,77,0,5447.33,2602.6,11.600000000000023
2406,M,298.4,309.9,1497.0,27.9,164,0,4373.76,4575.599999999999,11.5
2407,L,301.4,312.0,1630.0,39.8,132,0,6793.59,5253.599999999999,10.600000000000023
2408,L,302.0,312.5,1728.0,30.4,53,0,5501.05,1611.1999999999998,10.5
2409,H,300.0,310.7,1636.0,32.0,36,0,5482.29,1152.0,10.699999999999989
2410,L,305.0,315.9,1460.0,39.2,73,0,5993.32,2861.6000000000004,10.899999999999977
2411,M,301.6,312.9,1428.0,39.7,9,0,5936.73,357.3,11.299999999999955
2412,L,299.5,309.3,1339.0,52.4,8,0,7347.52,419.2,9.800000000000011
2413,L,298.4,309.7,1572.0,49.2,77,0,8099.28,3788.4,11.300000000000011
2414,L,298.1,308.4,1649.0,45.4,32,0,7839.8,1452.8,10.299999999999955
2415,L,300.7,311.3,1669.0,38.4,220,0,6711.45,8448.0,10.600000000000023
2416,H,299.0,310.4,1744.0,35.9,151,0,6556.46,5420.9,11.399999999999977
2417,L,303.3,314.1,1802.0,39.6,69,0,7472.72,2732.4,10.800000000000011
2418,L,302.9,313.8,1291.0,34.4,56,0,4650.65,1926.3999999999999,10.900000000000034
2419,L,301.3,310.9,1610.0,32.9,25,0,5546.9,822.5,9.599999999999966
2420,L,297.6,309.1,1616.0,39.1,166,0,6616.78,6490.6,11.5
2421,L,298.7,309.4,1524.0,31.2,171,0,4979.3,5335.2,10.699999999999989
2422,L,302.5,312.6,1389.0,31.8,63,0,4625.49,2003.4,10.100000000000023
2423,M,298.9,310.0,1796.0,49.4,238,0,9290.99,11757.199999999999,11.100000000000023
2424,L,302.2,314.8,1432.0,26.2,175,0,3928.92,4585.0,12.600000000000023
2425,L,300.9,309.8,1145.0,29.5,194,0,3537.17,5723.0,8.900000000000034
2426,H,300.1,309.3,1541.0,52.6,47,0,8488.23,2472.2000000000003,9.199999999999989
2427,L,298.6,311.3,1495.0,36.0,39,0,5636.02,1404.0,12.699999999999989
2428,H,299.8,310.2,1870.0,53.6,173,0,10496.27,9272.800000000001,10.399999999999977
2429,L,300.4,310.6,1625.0,28.3,95,0,4815.8,2688.5,10.200000000000045
2430,M,302.1,311.9,1483.0,40.6,217,0,6305.16,8810.2,9.799999999999955
2431,M,298.2,309.4,1502.0,47.6,2,0,7486.96,95.2,11.199999999999989
2432,M,299.5,312.1,1500.0,30.9,203,0,4853.76,6272.7,12.600000000000023
2433,H,300.1,309.4,1934.0,56.6,141,0,11463.09,7980.6,9.299999999999955
2434,L,301.3,311.2,1658.0,36.0,210,0,6250.51,7560.0,9.899999999999977
2435,H,298.2,307.8,1286.0,45.0,3,0,6060.13,135.0,9.600000000000023
2436,L,297.4,308.1,1494.0,33.1,139,0,5178.54,4600.900000000001,10.700000000000045
2437,L,301.3,312.6,1533.0,54.8,226,1,8797.34,12384.8,11.300000000000011
2438,L,297.0,308.6,1339.0,42.9,117,0,6015.43,5019.3,11.600000000000023
2439,L,302.6,313.3,1218.0,60.8,150,0,7754.96,9120.0,10.699999999999989
2440,L,299.7,312.2,1644.0,51.6,239,1,8883.42,12332.4,12.5
2441,L,296.9,306.3,1393.0,48.2,130,0,7031.16,6266.0,9.400000000000034
2442,L,299.0,308.2,1761.0,30.4,2,0,5606.11,60.8,9.199999999999989
2443,M,300.8,312.2,1539.0,40.7,124,0,6559.36,5046.8,11.399999999999977
2444,M,298.9,309.1,1453.0,36.7,230,1,5584.19,8441.0,10.200000000000045
2445,L,300.0,308.7,1105.0,40.2,41,0,4651.76,1648.2,8.699999999999989
2446,L,301.5,311.2,1756.0,41.4,248,0,7612.96,10267.199999999999,9.699999999999989
2447,L,299.6,309.9,1590.0,30.9,207,0,5144.99,6396.299999999999,10.299999999999955
2448,L,298.1,307.5,1457.0,38.3,204,1,5843.69,7813.2,9.399999999999977
2449,L,299.4,308.4,1378.0,38.9,146,0,5613.42,5679.4,9.0
2450,L,302.8,312.6,1824.0,29.8,155,1,5692.06,4619.0,9.800000000000011
2451,L,303.4,312.3,1347.0,47.9,37,0,6756.65,1772.3,8.900000000000034
2452,H,296.0,306.6,1472.0,42.1,116,0,6489.61,4883.6,10.600000000000023
2453,L,302.2,310.2,1639.0,48.0,247,1,8238.51,11856.0,8.0
2454,L,300.5,310.6,1797.0,44.8,136,0,8430.53,6092.799999999999,10.100000000000023
2455,L,301.8,312.4,1499.0,22.8,183,0,3579.03,4172.400000000001,10.599999999999966
2456,L,298.9,308.8,1406.0,31.6,109,0,4652.66,3444.4,9.900000000000034
2457,L,296.5,307.6,1518.0,56.4,144,0,8965.6,8121.599999999999,11.100000000000023
2458,M,301.2,309.8,1699.0,47.7,134,0,8486.73,6391.8,8.600000000000023
2459,L,298.1,307.4,1740.0,23.7,199,0,4318.43,4716.3,9.299999999999955
2460,L,297.2,306.9,1291.0,44.6,100,0,6029.62,4460.0,9.699999999999989
2461,H,297.4,308.1,1558.0,31.6,115,0,5155.65,3634.0,10.700000000000045
2462,M,301.2,311.4,1281.0,19.0,118,0,2548.77,2242.0,10.199999999999989
2463,M,300.3,312.4,1696.0,56.4,203,0,10016.91,11449.199999999999,12.099999999999966
2464,L,301.6,310.8,1613.0,40.7,53,0,6874.76,2157.1000000000004,9.199999999999989
2465,M,301.3,309.9,1373.0,42.1,27,0,6053.15,1136.7,8.599999999999966
2466,L,299.2,310.9,1812.0,27.4,127,0,5199.21,3479.7999999999997,11.699999999999989
2467,L,299.9,308.4,1597.0,28.4,193,0,4749.54,5481.2,8.5
2468,L,299.0,309.7,1578.0,24.0,239,0,3965.95,5736.0,10.699999999999989
2469,L,299.6,308.6,1505.0,54.0,155,0,8510.57,8370.0,9.0
2470,L,298.1,306.0,1536.0,23.5,24,0,3779.96,564.0,7.899999999999977
2471,L,300.8,310.4,1469.0,56.0,90,0,8614.67,5040.0,9.599999999999966
2472,H,302.2,313.0,1405.0,30.1,98,0,4428.65,2949.8,10.800000000000011
2473,H,298.4,307.1,1758.0,27.7,206,0,5099.5,5706.2,8.700000000000045
2474,M,302.6,313.1,1449.0,39.3,176,0,5963.34,6916.799999999999,10.5
2475,L,300.2,311.0,1443.0,33.1,175,0,5001.76,5792.5,10.800000000000011
2476,M,300.5,309.2,1514.0,40.9,123,0,6484.52,5030.7,8.699999999999989
2477,L,296.6,306.4,1792.0,31.2,226,0,5854.92,7051.2,9.799999999999955
2478,M,296.4,308.0,1740.0,36.8,174,0,6705.42,6403.2,11.600000000000023
2479,L,300.3,310.9,1467.0,32.3,61,0,4962.05,1970.2999999999997,10.599999999999966
2480,M,301.6,311.3,1757.0,48.5,160,0,8923.64,7760.0,9.699999999999989
2481,L,298.7,309.1,1557.0,45.0,235,0,7337.19,10575.0,10.400000000000034
2482,M,303.3,312.7,1387.0,42.4,169,0,6158.44,7165.599999999999,9.399999999999977
2483,H,301.5,312.6,1452.0,50.4,86,0,7663.48,4334.4,11.100000000000023
2484,L,298.2,309.3,1783.0,42.5,26,0,7935.4,1105.0,11.100000000000023
2485,L,300.1,310.2,1910.0,41.7,229,0,8340.61,9549.300000000001,10.099999999999966
2486,H,305.0,315.2,1595.0,38.7,123,0,6463.98,4760.1,10.199999999999989
2487,L,297.5,306.5,1436.0,32.8,7,0,4932.38,229.59999999999997,9.0
2488,M,301.1,309.7,1515.0,32.8,189,0,5203.73,6199.2,8.599999999999966
2489,L,299.4,309.0,1401.0,41.4,115,0,6073.89,4761.0,9.600000000000023
2490,L,301.4,311.3,1427.0,50.0,165,0,7471.75,8250.0,9.900000000000034
2491,L,302.5,313.6,1410.0,45.6,114,0,6733.06,5198.400000000001,11.100000000000023
2492,L,299.2,310.1,1523.0,45.5,3,0,7256.71,136.5,10.900000000000034
2493,M,302.2,312.4,1559.0,28.9,53,0,4718.16,1531.6999999999998,10.199999999999989
2494,L,304.4,315.6,1511.0,45.1,175,0,7136.24,7892.5,11.200000000000045
2495,L,300.1,309.2,1498.0,35.9,196,0,5631.64,7036.4,9.099999999999966
2496,L,301.6,312.6,1674.0,41.7,143,0,7310.05,5963.1,11.0
2497,L,298.8,308.0,1496.0,45.4,60,0,7112.4,2724.0,9.199999999999989
2498,M,300.0,311.3,1508.0,28.4,145,0,4484.85,4118.0,11.300000000000011
2499,H,299.6,309.6,1506.0,41.5,248,1,6544.88,10292.0,10.0
2500,L,301.6,309.6,1814.0,42.3,108,0,8035.38,4568.4,8.0
2501,M,302.4,313.1,1450.0,49.8,172,0,7561.81,8565.6,10.700000000000045
2502,M,299.8,310.6,1644.0,34.8,17,0,5991.14,591.5999999999999,10.800000000000011
2503,L,303.1,312.6,1404.0,39.3,135,0,5778.14,5305.5,9.5
2504,H,303.1,312.7,1600.0,41.6,28,0,6970.15,1164.8,9.599999999999966
2505,L,301.7,311.5,1635.0,34.8,148,0,5958.34,5150.4,9.800000000000011
2506,L,299.0,307.0,1732.0,34.6,230,0,6275.56,7958.0,8.0
2507,M,298.8,306.4,1469.0,34.2,53,0,5261.1,1812.6000000000001,7.599999999999966
2508,L,298.4,309.7,1338.0,38.6,90,0,5408.44,3474.0,11.300000000000011
2509,M,301.9,311.1,1397.0,57.3,46,0,8382.62,2635.7999999999997,9.200000000000045
2510,M,297.6,309.4,1710.0,39.0,193,0,6983.76,7527.0,11.799999999999955
2511,L,301.4,312.7,1910.0,44.8,67,0,8960.66,3001.6,11.300000000000011
2512,M,297.8,309.4,1687.0,40.2,175,0,7101.82,7035.000000000001,11.599999999999966
2513,L,301.6,311.0,1312.0,36.8,203,1,5056.04,7470.4,9.399999999999977
2514,L,300.0,308.4,1681.0,39.7,79,0,6988.55,3136.3,8.399999999999977
2515,M,302.7,311.6,1369.0,47.6,88,0,6824.0,4188.8,8.900000000000034
2516,H,302.3,311.8,1475.0,39.4,150,0,6085.79,5910.0,9.5
2517,L,302.9,310.5,1571.0,38.3,16,0,6300.91,612.8,7.600000000000023
2518,L,302.9,312.4,1601.0,37.6,60,0,6303.88,2256.0,9.5
2519,M,300.3,310.1,1549.0,30.0,179,0,4866.33,5370.0,9.800000000000011
2520,M,297.7,306.4,1430.0,50.3,41,0,7532.39,2062.2999999999997,8.699999999999989
2521,M,297.9,306.9,1727.0,35.4,110,0,6402.13,3894.0,9.0
2522,L,295.8,305.6,1443.0,54.5,50,0,8235.53,2725.0,9.800000000000011
2523,L,297.8,308.2,1762.0,42.3,237,0,7805.04,10025.099999999999,10.399999999999977
2524,L,300.1,309.2,1294.0,53.9,128,0,7303.85,6899.2,9.099999999999966
2525,M,298.9,309.2,1576.0,37.9,148,0,6254.95,5609.2,10.300000000000011
2526,L,299.6,309.8,1318.0,32.6,184,0,4499.47,5998.400000000001,10.199999999999989
2527,L,301.0,311.0,1388.0,50.3,35,0,7311.16,1760.5,10.0
2528,H,299.4,308.7,1446.0,34.3,1,0,5193.87,34.3,9.300000000000011
2529,L,297.8,306.4,1810.0,52.7,22,0,9988.9,1159.4,8.599999999999966
2530,H,299.9,311.6,1772.0,45.7,187,0,8480.25,8545.9,11.700000000000045
2531,M,298.2,308.8,1694.0,54.5,231,1,9668.04,12589.5,10.600000000000023
2532,M,299.5,310.5,1543.0,30.2,186,0,4879.79,5617.2,11.0
2533,L,302.7,312.6,1571.0,49.4,193,0,8127.03,9534.199999999999,9.900000000000034
2534,L,299.5,309.3,1764.0,32.5,42,0,6003.58,1365.0,9.800000000000011
2535,M,303.5,314.0,1663.0,16.0,186,0,2786.38,2976.0,10.5
2536,M,302.9,311.0,1541.0,48.8,201,0,7875.01,9808.8,8.100000000000023
2537,M,298.8,307.7,1804.0,39.8,106,0,7518.79,4218.799999999999,8.899999999999977
2538,L,297.8,307.0,1683.0,49.5,72,0,8724.05,3564.0,9.199999999999989
2539,M,299.9,309.4,1581.0,40.8,220,1,6754.93,8976.0,9.5
2540,M,302.3,311.4,1455.0,40.1,89,0,6109.93,3568.9,9.099999999999966
2541,M,299.0,309.4,1439.0,54.8,119,0,8257.91,6521.2,10.399999999999977
2542,M,301.8,311.9,1477.0,41.1,163,0,6356.98,6699.3,10.099999999999966
2543,M,302.4,313.8,1619.0,35.2,59,0,5967.85,2076.8,11.400000000000034
2544,M,298.5,310.9,1687.0,39.0,220,0,6889.83,8580.0,12.399999999999977
2545,L,298.6,307.4,1279.0,41.5,131,0,5558.37,5436.5,8.799999999999955
2546,L,301.4,311.6,1189.0,13.34999999999999,20,0,1662.23,266.99999999999983,10.200000000000045
2547,L,300.3,310.4,1367.0,44.8,96,0,6413.21,4300.799999999999,10.099999999999966
2548,L,298.6,308.6,1465.0,53.4,222,1,8192.33,11854.8,10.0
2549,L,299.3,308.2,1752.0,39.4,118,0,7228.68,4649.2,8.899999999999977
2550,L,299.9,308.9,1487.0,35.7,219,0,5559.14,7818.3,9.0
2551,L,296.9,307.1,1583.0,43.8,99,0,7260.79,4336.2,10.200000000000045
2552,L,301.5,310.6,1612.0,57.3,96,0,9672.71,5500.799999999999,9.100000000000023
2553,M,299.0,309.2,1354.0,44.6,3,0,6323.86,133.8,10.199999999999989
2554,H,294.4000000000001,304.2,1799.0,42.0,131,0,7912.42,5502.0,9.799999999999898
2555,L,300.0,310.1,1418.0,36.0,160,0,5345.73,5760.0,10.100000000000023
2556,H,298.5,307.6,1817.0,29.2,141,0,5556.05,4117.2,9.100000000000023
2557,L,303.4,313.5,1515.0,40.1,239,0,6361.88,9583.9,10.100000000000023
2558,L,298.8,307.9,1477.0,40.3,136,0,6233.24,5480.799999999999,9.099999999999966
2559,L,297.8,308.0,1339.0,20.7,87,0,2902.55,1800.8999999999999,10.199999999999989
2560,L,301.0,312.4,1573.0,32.7,63,0,5386.48,2060.1000000000004,11.399999999999977
2561,M,298.7,308.9,1941.0,51.4,189,0,10447.62,9714.6,10.199999999999989
2562,M,298.4,308.8,1612.0,37.3,88,0,6296.55,3282.3999999999996,10.400000000000034
2563,L,301.0,311.8,1586.0,15.4,134,0,2557.72,2063.6,10.800000000000011
2564,L,297.9,306.5,1418.0,55.8,237,1,8285.89,13224.599999999999,8.600000000000023
2565,L,297.1,308.8,1643.0,31.0,219,0,5333.69,6789.0,11.699999999999989
2566,L,303.5,312.4,1566.0,35.2,4,0,5772.49,140.8,8.899999999999977
2567,L,301.2,312.0,1526.0,50.5,109,0,8070.02,5504.5,10.800000000000011
2568,L,299.5,310.2,1626.0,32.5,12,0,5533.92,390.0,10.699999999999989
2569,M,300.0,309.1,1212.0,20.3,246,0,2576.48,4993.8,9.100000000000023
2570,H,301.0,312.0,1520.0,42.1,129,0,6701.23,5430.900000000001,11.0
2571,L,301.9,312.4,1323.0,47.8,249,1,6622.41,11902.199999999999,10.5
2572,H,298.5,310.4,1543.0,35.2,246,0,5687.71,8659.2,11.899999999999977
2573,L,300.7,310.9,1408.0,38.7,83,0,5706.14,3212.1000000000004,10.199999999999989
2574,L,299.0,308.9,1420.0,28.1,139,0,4178.53,3905.9,9.899999999999977
2575,L,299.6,309.1,1299.0,30.0,116,0,4080.93,3480.0,9.5
2576,M,300.3,308.6,1737.0,36.7,90,0,6675.66,3303.0000000000005,8.300000000000011
2577,H,300.0,309.7,1416.0,46.4,6,0,6880.34,278.4,9.699999999999989
2578,M,301.5,311.2,1426.0,40.9,161,0,6107.61,6584.9,9.699999999999989
2579,L,301.0,311.2,1811.0,50.1,148,0,9501.34,7414.8,10.199999999999989
2580,M,297.0,305.6,1639.0,56.4,187,0,9680.25,10546.8,8.600000000000023
2581,L,297.3,307.0,1173.0,48.7,81,0,5982.13,3944.7000000000003,9.699999999999989
2582,M,299.3,309.8,1785.0,24.1,137,0,4504.89,3301.7000000000003,10.5
2583,L,303.7,314.3,1832.0,37.1,165,0,7117.51,6121.5,10.600000000000023
2584,L,298.3,306.4,1816.0,48.6,185,0,9242.31,8991.0,8.099999999999966
2585,L,299.6,310.3,1657.0,38.7,55,0,6715.25,2128.5,10.699999999999989
2586,M,298.9,308.7,1340.0,23.8,230,1,3339.72,5474.0,9.800000000000011
2587,L,298.9,308.7,1529.0,34.4,171,0,5508.01,5882.4,9.800000000000011
2588,M,300.4,308.0,1278.0,17.3,212,1,2315.29,3667.6000000000004,7.600000000000023
2589,L,302.8,314.3,1382.0,37.1,207,0,5369.21,7679.700000000001,11.5
2590,M,300.9,311.1,1339.0,33.1,114,0,4641.27,3773.4,10.200000000000045
2591,M,298.4,306.9,1425.0,36.3,191,0,5416.89,6933.299999999999,8.5
2592,M,305.5,315.9,1567.0,51.7,147,0,8483.76,7599.900000000001,10.399999999999977
2593,L,300.2,310.5,1458.0,26.6,49,0,4061.33,1303.4,10.300000000000011
2594,L,298.8,310.1,1450.0,32.7,53,0,4965.29,1733.1000000000001,11.300000000000011
2595,L,302.8,312.5,1485.0,28.5,173,0,4432.0,4930.5,9.699999999999989
2596,M,299.1,309.1,1806.0,50.6,238,1,9569.67,12042.800000000001,10.0
2597,L,303.3,312.7,1925.0,51.2,39,0,10321.18,1996.8000000000002,9.399999999999977
2598,L,298.3,308.9,1457.0,43.5,151,0,6637.09,6568.5,10.599999999999966
2599,L,302.9,312.1,1598.0,43.0,238,1,7195.71,10234.0,9.200000000000045
2600,L,300.4,309.5,1387.0,27.9,248,0,4052.37,6919.2,9.100000000000023
2601,M,302.6,312.5,1675.0,41.9,84,0,7349.49,3519.6,9.899999999999977
2602,L,303.8,312.6,1452.0,28.7,107,0,4363.92,3070.9,8.800000000000011
2603,M,297.7,309.3,1410.0,40.3,57,0,5950.49,2297.1,11.600000000000023
2604,L,302.6,314.5,1896.0,36.5,30,0,7247.03,1095.0,11.899999999999977
2605,L,297.2,306.7,1295.0,34.0,117,0,4610.81,3978.0,9.5
2606,L,297.9,306.5,1098.0,40.2,177,0,4622.29,7115.400000000001,8.600000000000023
2607,L,298.4,308.7,1669.0,46.6,137,0,8144.62,6384.2,10.300000000000011
2608,L,301.0,310.5,1472.0,57.6,83,0,8878.89,4780.8,9.5
2609,M,300.1,311.2,1422.0,45.4,13,0,6760.58,590.1999999999999,11.099999999999966
2610,L,299.7,308.9,2026.0,62.6,18,0,13281.36,1126.8,9.199999999999989
2611,M,300.3,310.8,1668.0,41.9,29,0,7318.78,1215.1,10.5
2612,L,301.2,311.3,1527.0,57.7,56,0,9226.64,3231.2000000000003,10.100000000000023
2613,L,301.3,310.7,1411.0,44.2,15,0,6530.97,663.0,9.399999999999977
2614,M,302.2,312.4,1617.0,42.3,21,0,7162.74,888.3,10.199999999999989
2615,L,303.6,314.5,1227.0,38.2,53,0,4908.36,2024.6000000000001,10.899999999999977
2616,L,300.0,310.0,1445.0,42.9,83,0,6491.63,3560.7,10.0
2617,L,299.0,309.1,1531.0,44.2,69,0,7086.41,3049.8,10.100000000000023
2618,L,301.2,310.4,1576.0,25.8,108,0,4257.99,2786.4,9.199999999999989
2619,M,297.7,308.9,1512.0,46.9,170,0,7425.97,7973.0,11.199999999999989
2620,L,298.6,309.7,1413.0,25.1,224,1,3714.02,5622.400000000001,11.099999999999966
2621,M,302.0,311.6,1702.0,46.9,232,0,8359.13,10880.8,9.600000000000023
2622,M,299.8,309.6,1242.0,45.9,146,0,5969.84,6701.4,9.800000000000011
2623,L,297.6,309.0,1488.0,54.1,4,0,8430.02,216.4,11.399999999999977
2624,H,297.0,305.9,1445.0,31.3,70,0,4736.32,2191.0,8.899999999999977
2625,L,300.1,310.7,1719.0,30.1,225,0,5418.4,6772.5,10.599999999999966
2626,H,302.3,311.7,1455.0,50.9,19,0,7755.49,967.1,9.399999999999977
2627,L,302.3,314.0,1616.0,29.2,142,0,4941.43,4146.4,11.699999999999989
2628,M,300.2,310.3,1597.0,28.2,37,0,4716.1,1043.3999999999999,10.100000000000023
2629,L,304.0,315.3,1209.0,42.0,128,0,5317.46,5376.0,11.300000000000011
2630,L,299.8,309.0,1526.0,39.4,117,0,6296.21,4609.8,9.199999999999989
2631,M,299.7,308.5,1226.0,41.4,4,0,5315.2,165.6,8.800000000000011
2632,M,294.9,304.6,1600.0,45.3,225,0,7590.09,10192.5,9.700000000000045
2633,L,299.1,309.4,1407.0,45.3,181,0,6674.53,8199.3,10.299999999999955
2634,L,301.7,311.2,1750.0,39.1,84,0,7165.45,3284.4,9.5
2635,M,303.1,313.9,1505.0,40.4,60,0,6367.17,2424.0,10.799999999999955
2636,M,298.3,308.1,1400.0,39.2,77,0,5747.02,3018.4,9.800000000000011
2637,H,300.9,308.8,1752.0,40.3,144,0,7393.8,5803.2,7.900000000000034
2638,M,302.1,312.6,1381.0,26.1,124,0,3774.53,3236.4,10.5
2639,H,300.0,309.1,1698.0,47.4,125,0,8428.39,5925.0,9.100000000000023
2640,M,295.4,305.1,1621.0,50.3,75,0,8538.46,3772.5,9.700000000000045
2641,L,300.5,312.0,1472.0,46.2,26,0,7121.61,1201.2,11.5
2642,L,301.5,313.3,1298.0,45.5,197,0,6184.64,8963.5,11.800000000000011
2643,M,298.1,307.5,1760.0,30.0,102,0,5529.2,3060.0,9.399999999999977
2644,M,299.5,310.1,1627.0,25.8,239,1,4395.78,6166.2,10.600000000000023
2645,L,297.7,307.1,1399.0,48.2,24,0,7061.44,1156.8000000000002,9.400000000000034
2646,L,294.9,304.6,1581.0,40.2,90,0,6655.59,3618.0000000000005,9.700000000000045
2647,H,302.1,311.4,1718.0,41.6,172,0,7484.2,7155.2,9.299999999999955
2648,L,300.0,308.3,1558.0,42.0,129,0,6852.44,5418.0,8.300000000000011
2649,L,303.2,313.3,1580.0,42.5,149,0,7031.93,6332.5,10.100000000000023
2650,L,301.7,312.0,1722.0,46.3,95,0,8349.16,4398.5,10.300000000000011
2651,L,299.3,308.6,1813.0,38.9,53,0,7385.43,2061.7,9.300000000000011
2652,L,299.8,310.9,1516.0,20.9,144,0,3317.98,3009.6,11.099999999999966
2653,L,301.1,310.7,1298.0,46.8,188,0,6361.35,8798.4,9.599999999999966
2654,L,301.9,311.3,1304.0,45.7,247,1,6240.54,11287.900000000001,9.400000000000034
2655,M,300.6,311.2,1414.0,27.0,228,0,3997.99,6156.0,10.599999999999966
2656,L,302.2,310.7,1370.0,28.3,65,1,4060.09,1839.5,8.5
2657,M,299.4,310.3,1236.0,48.7,244,0,6303.42,11882.800000000001,10.900000000000034
2658,M,298.0,307.6,1868.0,51.0,243,1,9976.44,12393.0,9.600000000000023
2659,L,299.9,310.9,1632.0,13.4,118,0,2290.1,1581.2,11.0
2660,M,300.4,311.7,1444.0,44.3,153,0,6698.84,6777.9,11.300000000000011
2661,L,297.6,308.2,1532.0,37.7,183,0,6048.24,6899.1,10.599999999999966
2662,M,297.3,306.5,1218.0,40.6,160,0,5178.48,6496.0,9.199999999999989
2663,L,300.9,309.6,1745.0,41.2,0,0,7528.72,0.0,8.700000000000045
2664,M,299.2,307.8,1189.0,32.3,39,1,4021.73,1259.6999999999998,8.600000000000023
2665,M,299.7,310.8,1629.0,46.4,170,0,7915.31,7888.0,11.100000000000023
2666,L,299.3,309.1,1208.0,33.0,43,0,4174.55,1419.0,9.800000000000011
2667,L,303.0,312.4,1463.0,47.3,189,0,7246.6,8939.699999999999,9.399999999999977
2668,M,302.5,312.4,1760.0,49.6,35,0,9141.62,1736.0,9.899999999999977
2669,M,297.5,308.6,1245.0,31.2,183,0,4067.73,5709.599999999999,11.100000000000023
2670,L,298.9,309.7,1511.0,31.5,166,0,4984.29,5229.0,10.800000000000011
2671,M,301.7,312.1,1650.0,41.0,216,0,7084.29,8856.0,10.400000000000034
2672,L,301.2,311.8,1621.0,54.9,140,0,9319.31,7686.0,10.600000000000023
2673,M,299.9,310.1,1550.0,34.0,38,0,5518.73,1292.0,10.200000000000045
2674,L,297.7,308.0,1626.0,35.9,125,0,6112.85,4487.5,10.300000000000011
2675,M,298.6,308.9,1428.0,43.1,227,0,6445.17,9783.7,10.299999999999955
2676,L,299.0,309.0,1883.0,46.4,11,0,9149.49,510.4,10.0
2677,L,300.6,311.3,1249.0,45.1,20,0,5898.85,902.0,10.699999999999989
2678,L,303.4,313.8,1746.0,40.2,86,0,7350.2,3457.2000000000003,10.400000000000034
2679,L,298.6,307.7,1571.0,36.9,145,0,6070.59,5350.5,9.099999999999966
2680,L,297.9,308.5,1648.0,43.2,12,0,7455.38,518.4000000000001,10.600000000000023
2681,L,299.8,310.0,1680.0,13.34999999999999,18,0,2348.65,240.29999999999984,10.199999999999989
2682,M,302.1,312.7,1637.0,58.5,162,0,10028.43,9477.0,10.599999999999966
2683,L,297.1,307.0,1392.0,38.0,45,0,5539.26,1710.0,9.899999999999977
2684,L,302.9,313.7,1486.0,41.7,111,0,6489.09,4628.700000000001,10.800000000000011
2685,L,299.7,309.6,1278.0,60.8,184,1,8136.98,11187.199999999999,9.900000000000034
2686,L,298.5,309.3,1484.0,32.5,161,0,5050.63,5232.5,10.800000000000011
2687,L,296.8,306.3,1595.0,63.1,243,1,10539.47,15333.300000000001,9.5
2688,L,301.4,311.0,1646.0,47.3,189,0,8153.04,8939.699999999999,9.600000000000023
2689,L,299.7,310.3,1608.0,44.3,55,0,7459.65,2436.5,10.600000000000023
2690,L,300.3,310.0,1223.0,46.3,128,0,5929.75,5926.4,9.699999999999989
2691,L,298.2,310.4,1437.0,31.5,184,0,4740.19,5796.0,12.199999999999989
2692,L,299.4,309.9,1419.0,23.5,109,0,3492.04,2561.5,10.5
2693,L,299.0,309.1,1303.0,28.1,85,0,3834.24,2388.5,10.100000000000023
2694,L,299.8,310.6,1388.0,50.7,155,0,7369.3,7858.5,10.800000000000011
2695,H,298.7,308.2,1538.0,30.6,131,0,4928.4,4008.6000000000004,9.5
2696,L,296.9,307.9,1791.0,23.4,228,1,4388.74,5335.2,11.0
2697,M,305.5,316.25000000000006,1367.0,39.1,198,0,5597.24,7741.8,10.750000000000057
2698,L,297.3,308.5,1335.0,45.6,74,0,6374.92,3374.4,11.199999999999989
2699,M,300.4,309.9,1430.0,40.3,203,0,6034.89,8180.9,9.5
2700,M,296.5,305.2,1598.0,45.9,167,0,7681.01,7665.3,8.699999999999989
2701,L,296.0,305.4,1757.0,51.4,52,0,9457.22,2672.7999999999997,9.399999999999977
2702,H,300.2,309.9,1522.0,45.6,38,0,7267.89,1732.8,9.699999999999989
2703,L,300.3,312.0,1279.0,38.4,34,0,5143.16,1305.6,11.699999999999989
2704,L,302.5,314.7,1317.0,34.5,225,0,4758.1,7762.5,12.199999999999989
2705,M,300.8,311.1,1571.0,47.6,81,0,7830.9,3855.6,10.300000000000011
2706,M,299.7,309.7,1716.0,42.6,137,0,7655.18,5836.2,10.0
2707,L,298.1,307.8,1863.0,31.3,50,0,6106.41,1565.0,9.699999999999989
2708,L,303.0,313.8,1326.0,52.9,117,0,7345.61,6189.3,10.800000000000011
2709,L,301.9,314.0,1563.0,42.5,191,0,6956.27,8117.5,12.100000000000023
2710,L,297.5,309.3,1353.0,46.4,206,1,6574.22,9558.4,11.800000000000011
2711,M,300.1,311.2,1377.0,36.0,58,0,5191.17,2088.0,11.099999999999966
2712,L,300.3,311.4,1361.0,51.2,25,0,7297.21,1280.0,11.099999999999966
2713,L,299.3,310.1,1478.0,24.1,112,0,3730.1,2699.2000000000003,10.800000000000011
2714,L,301.5,311.5,1380.0,56.6,114,0,8179.45,6452.400000000001,10.0
2715,L,301.7,310.9,1981.0,20.6,2,0,4273.47,41.2,9.199999999999989
2716,L,299.6,309.6,1455.0,26.2,76,0,3992.02,1991.2,10.0
2717,M,299.4,309.9,1714.0,42.4,97,0,7610.36,4112.8,10.5
2718,H,303.0,311.5,1419.0,34.6,238,0,5141.47,8234.800000000001,8.5
2719,M,301.9,311.7,1937.0,36.6,16,0,7424.02,585.6,9.800000000000011
2720,L,300.1,309.3,1598.0,34.6,64,0,5790.04,2214.4,9.199999999999989
2721,M,296.7,307.8,1687.0,32.1,205,0,5670.86,6580.5,11.100000000000023
2722,M,300.7,310.1,1432.0,43.1,0,0,6463.22,0.0,9.400000000000034
2723,M,301.4,311.7,1712.0,39.4,87,0,7063.64,3427.7999999999997,10.300000000000011
2724,L,294.5,303.85,1597.0,48.7,117,0,8144.46,5697.900000000001,9.350000000000023
2725,L,300.5,312.1,1470.0,40.7,56,0,6265.28,2279.2000000000003,11.600000000000023
2726,L,299.2,307.5,1344.0,35.7,123,1,5024.54,4391.1,8.300000000000011
2727,L,299.6,310.0,1495.0,47.6,10,0,7452.07,476.0,10.399999999999977
2728,L,298.2,306.9,1480.0,21.7,66,0,3363.18,1432.2,8.699999999999989
2729,L,299.7,309.2,1693.0,14.2,204,0,2517.53,2896.7999999999997,9.5
2730,L,302.8,313.0,1496.0,24.1,54,0,3775.52,1301.4,10.199999999999989
2731,M,299.1,309.4,1194.0,36.5,85,0,4563.79,3102.5,10.299999999999955
2732,L,301.9,312.2,1653.0,43.8,40,0,7581.86,1752.0,10.300000000000011
2733,L,298.4,308.5,1769.0,13.34999999999999,238,0,2473.08,3177.299999999998,10.100000000000023
2734,H,301.5,310.9,1239.0,39.8,104,0,5163.96,4139.2,9.399999999999977
2735,H,300.0,309.8,1861.0,36.4,186,0,7093.76,6770.4,9.800000000000011
2736,M,300.7,310.7,1788.0,41.3,29,0,7732.97,1197.6999999999998,10.0
2737,H,300.0,310.2,1425.0,20.9,24,0,3118.82,501.59999999999997,10.199999999999989
2738,L,301.3,311.2,1338.0,65.9,198,1,9233.58,13048.2,9.899999999999977
2739,H,294.9,305.6,1726.0,40.2,63,0,7266.0,2532.6000000000004,10.700000000000045
2740,L,297.2,307.3,1292.0,27.8,216,0,3761.28,6004.8,10.100000000000023
2741,L,300.8,311.0,1418.0,41.2,102,0,6117.9,4202.400000000001,10.199999999999989
2742,L,295.9,305.5,1302.0,54.8,152,0,7471.71,8329.6,9.600000000000023
2743,L,298.9,307.9,1539.0,27.1,193,0,4367.54,5230.3,9.0
2744,L,299.9,310.0,1800.0,25.0,161,0,4712.39,4025.0,10.100000000000023
2745,M,298.3,309.6,1605.0,38.7,182,0,6504.51,7043.400000000001,11.300000000000011
2746,M,298.6,309.1,1720.0,39.6,185,0,7132.67,7326.0,10.5
2747,L,300.5,309.7,1475.0,47.0,85,0,7259.7,3995.0,9.199999999999989
2748,L,302.0,312.8,1555.0,54.6,181,0,8891.02,9882.6,10.800000000000011
2749,M,298.1,307.7,1318.0,47.7,116,0,6583.58,5533.200000000001,9.599999999999966
2750,M,298.8,309.6,1520.0,26.1,128,0,4154.44,3340.8,10.800000000000011
2751,L,298.5,308.2,1404.0,29.2,246,0,4293.17,7183.2,9.699999999999989
2752,M,295.2,305.5,1509.0,31.9,145,0,5040.91,4625.5,10.300000000000011
2753,L,300.3,309.8,1497.0,47.6,15,0,7462.04,714.0,9.5
2754,L,301.9,311.4,1481.0,45.9,183,0,7118.63,8399.699999999999,9.5
2755,H,302.0,310.5,1915.0,52.5,201,0,10528.26,10552.5,8.5
2756,L,298.3,308.8,1854.0,45.5,158,0,8833.84,7189.0,10.5
2757,L,297.5,307.9,1791.0,33.7,246,0,6320.54,8290.2,10.399999999999977
2758,M,300.0,310.5,1859.0,37.9,47,0,7378.15,1781.3,10.5
2759,M,301.7,311.9,1792.0,25.3,123,0,4747.74,3111.9,10.199999999999989
2760,L,300.3,309.5,1533.0,46.2,76,0,7416.73,3511.2000000000003,9.199999999999989
2761,L,300.6,311.5,1515.0,33.7,161,0,5346.52,5425.700000000001,10.899999999999977
2762,L,302.3,313.3,1580.0,52.1,161,0,8620.32,8388.1,11.0
2763,M,298.5,307.7,1500.0,45.9,233,0,7209.96,10694.699999999999,9.199999999999989
2764,L,299.6,310.1,1351.0,59.2,119,0,8375.4,7044.8,10.5
2765,L,303.3,314.1,1591.0,44.1,59,0,7347.46,2601.9,10.800000000000011
2766,H,299.6,309.1,1257.0,43.9,75,0,5778.68,3292.5,9.5
2767,L,297.5,307.2,1562.0,38.1,164,0,6232.1,6248.400000000001,9.699999999999989
2768,L,298.7,309.2,1359.0,36.1,39,0,5137.54,1407.9,10.5
2769,L,298.1,306.6,1523.0,37.3,144,0,5948.91,5371.2,8.5
2770,M,300.7,309.6,1572.0,49.9,168,0,8214.51,8383.199999999999,8.900000000000034
2771,L,298.2,307.2,1474.0,26.5,55,0,4090.46,1457.5,9.0
2772,L,300.5,308.7,1244.0,40.5,181,1,5275.99,7330.5,8.199999999999989
2773,M,298.5,309.6,1325.0,23.3,206,0,3232.96,4799.8,11.100000000000023
2774,L,295.8,303.85,1620.0,43.6,140,0,7396.57,6104.0,8.050000000000011
2775,L,300.6,311.0,1438.0,35.3,173,0,5315.72,6106.9,10.399999999999977
2776,L,300.3,311.1,1638.0,44.9,71,0,7701.74,3187.9,10.800000000000011
2777,L,301.0,310.7,1539.0,32.5,144,0,5237.82,4680.0,9.699999999999989
2778,L,298.7,308.0,1502.0,37.3,138,0,5866.88,5147.4,9.300000000000011
2779,L,298.4,308.7,1600.0,46.2,39,0,7740.88,1801.8000000000002,10.300000000000011
2780,L,300.8,310.8,1417.0,41.2,173,0,6113.58,7127.6,10.0
2781,L,303.0,314.0,1609.0,55.3,64,0,9317.72,3539.2,11.0
2782,M,300.0,307.4,1462.0,35.1,31,0,5373.82,1088.1000000000001,7.399999999999977
2783,H,300.8,309.9,1991.0,34.2,107,0,7130.6,3659.4,9.099999999999966
2784,M,299.4,309.9,1335.0,52.2,179,0,7297.61,9343.800000000001,10.5
2785,M,296.9,307.0,1474.0,36.2,9,0,5587.72,325.8,10.100000000000023
2786,L,301.9,312.7,1481.0,35.8,107,0,5552.22,3830.6,10.800000000000011
2787,H,301.8,312.1,1296.0,43.7,114,0,5930.82,4981.8,10.300000000000011
2788,L,301.4,311.3,1667.0,38.3,186,0,6685.95,7123.799999999999,9.900000000000034
2789,H,299.6,309.3,1461.0,36.8,142,0,5630.24,5225.599999999999,9.699999999999989
2790,H,301.2,313.5,1112.0,33.0,130,0,3842.8,4290.0,12.300000000000011
2791,M,301.8,313.3,1662.0,53.5,249,1,9311.37,13321.5,11.5
2792,H,303.2,313.7,1424.0,38.4,136,0,5726.24,5222.4,10.5
2793,L,302.0,312.1,1519.0,34.3,135,0,5456.08,4630.5,10.100000000000023
2794,L,300.1,310.7,1659.0,36.9,73,0,6410.64,2693.7,10.599999999999966
2795,L,297.4,308.2,1472.0,43.4,123,0,6690.0,5338.2,10.800000000000011
2796,L,300.3,310.7,1471.0,54.5,7,0,8395.33,381.5,10.399999999999977
2797,L,300.5,309.8,1979.0,38.2,15,0,7916.58,573.0,9.300000000000011
2798,M,301.4,313.2,1152.0,31.3,10,0,3775.94,313.0,11.800000000000011
2799,H,302.7,313.0,1307.0,59.0,22,0,8075.25,1298.0,10.300000000000011
2800,L,299.8,311.8,1342.0,41.3,183,0,5804.05,7557.9,12.0
2801,M,304.2,314.4,1858.0,38.8,55,0,7549.29,2134.0,10.199999999999989
2802,H,296.5,306.2,1422.0,40.6,249,0,6045.81,10109.4,9.699999999999989
2803,H,300.8,312.2,1580.0,27.5,149,0,4550.07,4097.5,11.399999999999977
2804,H,298.4,308.7,1453.0,39.4,103,0,5995.02,4058.2,10.300000000000011
2805,L,296.2,306.3,1645.0,47.5,145,0,8182.54,6887.5,10.100000000000023
2806,H,299.6,308.4,1535.0,52.1,38,0,8374.81,1979.8,8.799999999999955
2807,M,297.1,307.7,1583.0,36.3,130,0,6017.5,4719.0,10.599999999999966
2808,L,299.7,309.2,1768.0,41.8,135,0,7739.04,5643.0,9.5
2809,L,300.1,309.6,1616.0,52.2,132,0,8833.66,6890.400000000001,9.5
2810,M,302.2,311.7,1406.0,40.3,90,0,5933.61,3626.9999999999995,9.5
2811,L,297.0,307.4,1593.0,47.1,4,0,7857.15,188.4,10.399999999999977
2812,M,301.8,310.3,1970.0,44.1,18,0,9097.74,793.8000000000001,8.5
2813,M,300.2,310.0,1639.0,33.3,208,0,5715.47,6926.4,9.800000000000011
2814,L,302.1,313.0,1565.0,30.8,124,0,5047.7,3819.2000000000003,10.899999999999977
2815,L,299.1,307.9,1292.0,50.5,60,0,6832.55,3030.0,8.799999999999955
2816,M,297.3,307.5,1667.0,13.34999999999999,45,0,2330.48,600.7499999999995,10.199999999999989
2817,L,297.6,306.9,1694.0,33.2,145,0,5889.52,4814.0,9.299999999999955
2818,L,297.4,307.0,1593.0,26.0,188,0,4337.28,4888.0,9.600000000000023
2819,L,301.0,312.6,1558.0,50.5,187,0,8239.25,9443.5,11.600000000000023
2820,L,303.0,311.3,2026.5,53.5,129,0,11353.48,6901.5,8.300000000000011
2821,H,298.9,309.6,1691.0,32.7,246,0,5790.55,8044.200000000001,10.700000000000045
2822,L,301.3,310.8,1759.0,66.55000000000001,177,1,12258.65,11779.350000000002,9.5
2823,M,297.0,306.4,1549.0,53.6,190,0,8694.5,10184.0,9.399999999999977
2824,L,300.4,309.2,1514.0,41.9,70,0,6643.07,2933.0,8.800000000000011
2825,L,301.3,312.1,1651.0,54.8,176,0,9474.5,9644.8,10.800000000000011
2826,M,297.1,306.9,1514.0,33.5,113,0,5311.28,3785.5,9.799999999999955
2827,M,299.6,309.3,1528.0,37.1,207,0,5936.44,7679.700000000001,9.699999999999989
2828,L,301.4,311.5,1620.0,44.5,246,0,7549.25,10947.0,10.100000000000023
2829,L,294.4000000000001,304.0,1446.0,33.0,198,0,4997.02,6534.0,9.599999999999909
2830,L,302.7,310.7,1577.0,27.1,17,0,4475.38,460.70000000000005,8.0
2831,L,300.7,310.2,1552.0,30.6,107,0,4973.27,3274.2000000000003,9.5
2832,M,301.4,312.3,1711.0,37.9,89,0,6790.75,3373.1,10.900000000000034
2833,L,299.2,307.7,1428.0,44.6,220,0,6669.48,9812.0,8.5
2834,L,296.6,305.5,1180.0,36.5,143,0,4510.28,5219.5,8.899999999999977
2835,L,301.1,310.6,1482.0,23.6,45,0,3662.59,1062.0,9.5
2836,H,299.8,309.1,1609.0,44.6,102,0,7514.84,4549.2,9.300000000000011
2837,H,300.1,310.0,1710.0,52.6,93,0,9419.12,4891.8,9.899999999999977
2838,L,302.2,311.1,1413.0,33.3,152,0,4927.37,5061.599999999999,8.900000000000034
2839,M,301.5,311.1,1635.0,56.5,135,0,9673.75,7627.5,9.600000000000023
2840,L,303.8,313.8,1741.0,48.6,63,0,8860.61,3061.8,10.0
2841,L,300.3,311.0,1672.0,29.4,141,0,5147.69,4145.4,10.699999999999989
2842,M,298.6,309.9,1396.0,33.4,21,0,4882.71,701.4,11.299999999999955
2843,H,299.6,309.4,1415.0,36.8,115,0,5452.97,4232.0,9.799999999999955
2844,H,300.8,312.7,1615.0,38.1,77,0,6443.56,2933.7000000000003,11.899999999999977
2845,L,302.0,311.8,1828.0,15.6,90,0,2986.27,1404.0,9.800000000000011
2846,L,297.1,307.9,1540.0,32.4,34,0,5225.1,1101.6,10.799999999999955
2847,M,300.0,311.9,1508.0,34.4,103,0,5432.36,3543.2,11.899999999999977
2848,L,303.2,313.4,1292.0,58.7,178,0,7941.99,10448.6,10.199999999999989
2849,L,299.5,308.1,1472.0,42.2,75,0,6505.02,3165.0,8.600000000000023
2850,L,301.9,312.0,1409.0,32.0,170,0,4721.6,5440.0,10.100000000000023
2851,M,301.0,310.4,1542.0,35.5,212,0,5732.46,7526.0,9.399999999999977
2852,L,301.9,311.6,1267.0,44.1,74,0,5851.18,3263.4,9.700000000000045
2853,L,298.4,310.4,1479.0,36.1,130,0,5591.19,4693.0,12.0
2854,H,298.4,307.2,1357.0,34.1,200,0,4845.77,6820.0,8.800000000000011
2855,L,300.0,310.3,1706.0,34.4,106,0,6145.63,3646.3999999999996,10.300000000000011
2856,L,296.9,306.1,1384.0,44.7,182,0,6478.47,8135.400000000001,9.200000000000045
2857,L,299.5,309.2,1435.0,26.1,18,0,3922.12,469.8,9.699999999999989
2858,L,300.5,311.3,1588.0,29.1,169,0,4839.18,4917.900000000001,10.800000000000011
2859,L,303.6,313.9,1456.0,30.7,188,0,4680.89,5771.599999999999,10.299999999999955
2860,L,300.8,310.6,1960.0,28.9,22,0,5931.75,635.8,9.800000000000011
2861,M,301.3,310.6,1704.0,31.7,207,0,5656.63,6561.9,9.300000000000011
2862,L,302.3,312.6,1541.0,48.8,3,0,7875.01,146.39999999999998,10.300000000000011
2863,H,298.1,309.8,1603.0,50.2,95,0,8426.86,4769.0,11.699999999999989
2864,L,299.7,308.8,1116.0,42.6,192,0,4978.54,8179.200000000001,9.100000000000023
2865,L,304.9,316.25000000000006,1758.0,42.0,3,0,7732.09,126.0,11.35000000000008
2866,L,299.8,311.0,1629.0,33.2,186,0,5663.54,6175.200000000001,11.199999999999989
2867,L,302.2,313.6,1524.0,19.2,217,0,3064.18,4166.4,11.400000000000034
2868,M,301.9,312.2,1639.0,41.3,90,0,7088.55,3716.9999999999995,10.300000000000011
2869,L,297.0,308.2,1661.0,42.9,122,0,7462.01,5233.8,11.199999999999989
2870,L,300.6,309.6,1463.0,33.2,103,0,5086.41,3419.6000000000004,9.0
2871,M,300.3,309.6,1606.0,29.2,79,0,4910.85,2306.7999999999997,9.300000000000011
2872,H,300.7,311.4,1725.0,27.2,29,0,4913.45,788.8,10.699999999999989
2873,M,298.5,308.8,1619.0,41.6,101,0,7052.92,4201.6,10.300000000000011
2874,L,297.8,307.6,1492.0,40.7,160,0,6359.04,6512.0,9.800000000000011
2875,M,299.0,306.5,1591.0,51.8,207,0,8630.35,10722.599999999999,7.5
2876,L,299.8,309.4,1785.0,31.9,160,0,5962.9,5104.0,9.599999999999966
2877,L,302.4,311.2,1678.0,37.0,19,0,6501.63,703.0,8.800000000000011
2878,L,303.6,314.1,1329.0,40.1,222,0,5580.82,8902.2,10.5
2879,L,302.8,312.6,1643.0,34.4,47,0,5918.68,1616.8,9.800000000000011
2880,L,301.7,311.1,1619.0,48.3,26,0,8188.84,1255.8,9.400000000000034
2881,L,298.0,310.6,1746.0,52.2,159,0,9544.28,8299.800000000001,12.600000000000023
2882,M,299.2,310.2,1543.0,28.9,213,0,4669.74,6155.7,11.0
2883,L,300.4,311.5,1471.0,35.3,227,0,5437.71,8013.099999999999,11.100000000000023
2884,L,298.7,310.9,1293.0,53.1,154,0,7189.88,8177.400000000001,12.199999999999989
2885,L,301.2,312.0,1413.0,43.1,24,0,6377.46,1034.4,10.800000000000011
2886,H,301.4,310.7,1754.0,41.1,65,0,7549.18,2671.5,9.300000000000011
2887,L,301.1,310.2,1573.0,43.3,237,0,7132.56,10262.099999999999,9.099999999999966
2888,L,302.1,313.0,1520.0,46.4,229,0,7385.67,10625.6,10.899999999999977
2889,M,298.2,306.1,1769.0,43.8,214,0,8113.92,9373.199999999999,7.900000000000034
2890,M,301.9,311.8,1733.0,42.0,243,0,7622.13,10206.0,9.900000000000034
2891,L,298.6,306.4,1406.0,40.0,11,0,5889.44,440.0,7.7999999999999545
2892,M,298.1,308.2,1752.0,53.3,100,0,9778.9,5330.0,10.099999999999966
2893,M,301.1,311.9,1241.0,37.2,173,0,4834.41,6435.6,10.799999999999955
2894,M,302.4,312.7,1620.0,39.9,228,0,6768.88,9097.199999999999,10.300000000000011
2895,L,301.0,311.9,1599.0,55.4,241,1,9276.56,13351.4,10.899999999999977
2896,M,300.0,312.0,1743.0,43.1,47,0,7866.89,2025.7,12.0
2897,L,300.6,310.5,1606.0,39.2,212,1,6592.65,8310.400000000001,9.899999999999977
2898,L,300.3,313.1,1494.0,46.2,111,0,7228.05,5128.200000000001,12.800000000000011
2899,L,297.7,308.0,1508.0,42.2,105,0,6664.11,4431.0,10.300000000000011
2900,L,297.5,308.5,2020.0,32.5,202,0,6874.85,6565.0,11.0
2901,L,299.8,309.2,1552.0,42.3,84,0,6874.81,3553.2,9.399999999999977
2902,M,300.2,311.8,1644.0,31.8,36,0,5474.67,1144.8,11.600000000000023
2903,L,300.0,311.1,1176.0,58.1,131,1,7155.04,7611.1,11.100000000000023
2904,L,301.4,312.8,1389.0,42.3,89,0,6152.78,3764.7,11.400000000000034
2905,L,299.6,309.6,1630.0,30.6,211,0,5223.21,6456.6,10.0
2906,L,301.1,309.9,1249.0,36.0,188,0,4708.62,6768.0,8.799999999999955
2907,H,299.7,310.2,1636.0,47.5,70,0,8137.77,3325.0,10.5
2908,L,303.6,311.9,1408.0,29.0,101,0,4275.92,2929.0,8.299999999999955
2909,L,300.2,309.8,1352.0,66.55000000000001,174,1,9422.22,11579.700000000003,9.600000000000023
2910,L,304.7,314.9,1407.0,25.4,218,0,3742.45,5537.2,10.199999999999989
2911,L,300.7,313.1,1811.0,49.1,46,0,9311.69,2258.6,12.400000000000034
2912,L,299.6,309.9,1597.0,35.1,119,0,5870.03,4176.900000000001,10.299999999999955
2913,M,298.2,308.3,1375.0,31.8,16,0,4578.87,508.8,10.100000000000023
2914,H,297.1,307.1,1676.0,45.3,31,0,7950.62,1404.3,10.0
2915,L,298.0,306.7,1686.0,35.4,137,0,6250.14,4849.8,8.699999999999989
2916,M,298.2,308.3,1469.0,55.8,177,0,8583.9,9876.6,10.100000000000023
2917,M,300.8,310.9,1709.0,25.9,202,0,4635.22,5231.799999999999,10.099999999999966
2918,M,298.9,308.0,1718.0,45.5,186,0,8185.84,8463.0,9.100000000000023
2919,L,300.4,309.2,1690.0,37.2,17,0,6583.52,632.4000000000001,8.800000000000011
2920,L,302.6,312.1,1417.0,42.9,193,0,6365.84,8279.699999999999,9.5
2921,L,299.8,309.9,1326.0,45.0,162,0,6248.63,7290.0,10.099999999999966
2922,M,304.2,313.7,1234.0,22.7,5,0,2933.39,113.5,9.5
2923,M,297.6,306.6,1420.0,42.2,2,0,6275.23,84.4,9.0
2924,L,299.7,310.0,1472.0,50.7,198,0,7815.28,10038.6,10.300000000000011
2925,L,298.9,309.5,1486.0,44.5,34,0,6924.8,1513.0,10.600000000000023
2926,H,301.9,312.0,1529.0,36.2,238,0,5796.22,8615.6,10.100000000000023
2927,M,295.5,305.0,1848.0,25.8,76,0,4992.87,1960.8,9.5
2928,H,297.1,307.7,1477.0,45.0,101,0,6960.2,4545.0,10.599999999999966
2929,M,299.8,309.6,1529.0,58.6,193,0,9382.83,11309.800000000001,9.800000000000011
2930,L,303.1,311.9,1212.0,46.5,65,0,5901.8,3022.5,8.799999999999955
2931,L,300.5,311.5,1936.0,51.4,50,0,10420.7,2570.0,11.0
2932,M,297.3,307.7,1302.0,49.2,123,0,6708.18,6051.6,10.399999999999977
2933,L,297.6,307.5,1411.0,36.0,199,0,5319.34,7164.0,9.899999999999977
2934,L,303.3,311.8,1662.0,40.8,72,0,7101.0,2937.6,8.5
2935,M,298.8,308.0,1582.0,48.6,161,0,8051.4,7824.6,9.199999999999989
2936,L,298.1,310.1,1832.0,24.2,166,0,4642.69,4017.2,12.0
2937,M,303.0,311.4,1666.0,46.4,94,0,8095.09,4361.599999999999,8.399999999999977
2938,L,302.0,311.8,1523.0,52.4,220,1,8357.18,11528.0,9.800000000000011
2939,H,302.5,312.5,1724.0,39.4,48,0,7113.15,1891.1999999999998,10.0
2940,L,298.1,308.4,1745.0,48.0,174,0,8771.33,8352.0,10.299999999999955
2941,L,296.9,305.5,1419.0,34.4,35,0,5111.75,1204.0,8.600000000000023
2942,M,300.3,310.4,1710.0,40.3,21,0,7216.55,846.3,10.099999999999966
2943,L,300.7,309.0,1498.0,37.2,214,0,5835.57,7960.8,8.300000000000011
2944,M,300.7,310.8,1519.0,44.5,76,0,7078.58,3382.0,10.100000000000023
2945,M,303.0,312.3,1563.0,38.9,226,0,6367.03,8791.4,9.300000000000011
2946,L,296.5,305.7,1469.0,23.2,171,0,3568.93,3967.2,9.199999999999989
2947,L,301.7,312.6,1460.0,32.7,194,0,4999.53,6343.8,10.900000000000034
2948,L,297.8,307.6,1714.0,59.2,188,1,10625.79,11129.6,9.800000000000011
2949,L,301.7,312.2,1264.0,45.6,244,1,6035.88,11126.4,10.5
2950,H,299.1,309.6,1347.0,19.0,242,0,2680.09,4598.0,10.5
2951,M,298.4,309.6,1658.0,51.9,136,0,9011.16,7058.4,11.200000000000045
2952,M,298.8,307.6,1524.0,28.4,47,0,4532.44,1334.8,8.800000000000011
2953,M,297.1,308.0,1715.0,48.8,17,0,8764.21,829.5999999999999,10.899999999999977
2954,L,300.1,310.1,1602.0,52.8,89,0,8857.78,4699.2,10.0
2955,H,298.5,308.1,1299.0,40.9,125,0,5563.67,5112.5,9.600000000000023
2956,M,301.6,310.4,1549.0,30.0,156,0,4866.33,4680.0,8.799999999999955
2957,M,301.3,311.9,1633.0,32.8,175,0,5609.04,5739.999999999999,10.599999999999966
2958,M,303.4,312.5,1579.0,46.2,139,0,7639.29,6421.8,9.100000000000023
2959,L,300.7,311.3,1454.0,28.6,166,0,4354.71,4747.6,10.600000000000023
2960,M,301.0,313.0,1488.0,34.1,150,0,5313.56,5115.0,12.0
2961,L,302.8,313.8,1437.0,45.0,18,0,6771.7,810.0,11.0
2962,L,298.7,310.1,1300.0,33.4,23,0,4546.93,768.1999999999999,11.400000000000034
2963,L,297.0,306.3,1276.0,54.1,235,1,7228.97,12713.5,9.300000000000011
2964,H,300.4,311.2,1607.0,29.6,106,0,4981.23,3137.6000000000004,10.800000000000011
2965,M,297.2,306.0,1382.0,13.34999999999999,43,0,1932.05,574.0499999999996,8.800000000000011
2966,M,304.9,314.7,1641.0,32.1,93,0,5516.23,2985.3,9.800000000000011
2967,M,302.9,314.7,1431.0,43.0,94,0,6443.72,4042.0,11.800000000000011
2968,L,304.3,313.7,1302.0,48.5,210,1,6612.74,10185.0,9.399999999999977
2969,H,300.1,311.2,1464.0,35.8,212,0,5488.49,7589.599999999999,11.099999999999966
2970,L,301.1,312.1,1912.0,37.1,48,0,7428.32,1780.8000000000002,11.0
2971,L,299.1,310.2,1520.0,39.6,110,0,6303.29,4356.0,11.099999999999966
2972,L,301.8,310.5,1653.0,57.2,201,1,9901.42,11497.2,8.699999999999989
2973,M,297.6,308.1,1568.0,43.7,3,0,7175.57,131.10000000000002,10.5
2974,M,294.9,304.8,1286.0,35.0,61,0,4713.44,2135.0,9.900000000000034
2975,L,298.4,309.5,1797.0,60.3,17,0,11347.34,1025.1,11.100000000000023
2976,L,297.1,305.4,1493.0,40.0,187,0,6253.86,7480.0,8.299999999999955
2977,M,303.0,313.3,1303.0,19.2,108,0,2619.84,2073.6,10.300000000000011
2978,L,303.6,313.9,1446.0,26.1,127,0,3952.19,3314.7000000000003,10.299999999999955
2979,M,297.2,305.2,1501.0,45.5,125,0,7151.89,5687.5,8.0
2980,H,302.6,311.7,1672.0,22.2,63,0,3887.03,1398.6,9.099999999999966
2981,L,301.9,310.1,1416.0,44.9,100,0,6657.91,4490.0,8.200000000000045
2982,L,296.9,306.1,2007.0,32.1,147,0,6746.54,4718.7,9.200000000000045
2983,M,299.2,309.8,1370.0,51.6,179,0,7402.85,9236.4,10.600000000000023
2984,M,298.8,309.0,1647.0,41.6,35,0,7174.89,1456.0,10.199999999999989
2985,L,301.5,311.7,1184.0,23.6,189,0,2926.12,4460.400000000001,10.199999999999989
2986,H,297.5,306.5,1515.0,49.0,47,0,7773.87,2303.0,9.0
2987,L,299.8,310.9,1603.0,53.5,95,0,8980.82,5082.5,11.099999999999966
2988,L,298.6,308.6,1337.0,27.2,244,0,3808.28,6636.8,10.0
2989,M,300.9,311.0,1806.0,31.9,56,0,6033.05,1786.3999999999999,10.100000000000023
2990,M,299.6,310.5,1615.0,44.9,56,0,7593.6,2514.4,10.899999999999977
2991,L,298.9,307.9,1481.0,46.7,243,1,7242.7,11348.1,9.0
2992,M,299.6,309.8,1613.0,63.3,90,0,10692.19,5697.0,10.199999999999989
2993,L,304.1,314.5,1431.0,48.8,168,0,7312.87,8198.4,10.399999999999977
2994,L,299.2,308.6,1761.0,63.8,215,1,11765.45,13717.0,9.400000000000034
2995,L,297.9,308.6,1719.0,40.1,220,1,7218.53,8822.0,10.700000000000045
2996,M,301.2,311.6,1604.0,43.7,52,0,7340.31,2272.4,10.400000000000034
2997,L,299.7,309.6,1647.0,34.2,87,0,5898.59,2975.4,9.900000000000034
2998,L,297.2,307.0,1273.0,34.7,61,0,4625.8,2116.7000000000003,9.800000000000011
2999,L,304.5,315.0,1800.0,41.4,156,0,7803.72,6458.4,10.5
3000,M,299.3,310.1,1520.0,34.1,38,0,5427.83,1295.8,10.800000000000011
3001,M,299.2,309.3,1721.0,14.4,81,0,2595.21,1166.4,10.100000000000023
3002,M,300.3,311.4,1672.0,33.3,9,0,5830.54,299.7,11.099999999999966
3003,L,303.5,314.1,1718.0,50.6,238,1,9103.37,12042.800000000001,10.600000000000023
3004,M,296.6,304.9,1350.0,40.6,188,1,5739.69,7632.8,8.299999999999955
3005,L,300.6,309.1,1373.0,40.7,55,1,5851.86,2238.5,8.5
3006,M,304.2,315.4,1940.0,32.3,8,0,6561.95,258.4,11.199999999999989
3007,H,300.3,310.0,1266.0,43.2,177,0,5727.25,7646.400000000001,9.699999999999989
3008,L,297.5,307.7,1341.0,56.4,202,1,7920.21,11392.8,10.199999999999989
3009,M,298.8,309.9,1545.0,53.9,11,0,8720.59,592.9,11.099999999999966
3010,L,300.4,310.4,1546.0,43.5,129,0,7042.51,5611.5,10.0
3011,L,302.7,312.7,1441.0,31.4,217,0,4738.3,6813.799999999999,10.0
3012,L,299.3,308.5,1648.0,57.5,72,0,9923.24,4140.0,9.199999999999989
3013,L,301.7,312.0,1699.0,50.5,16,0,8984.9,808.0,10.300000000000011
3014,L,297.1,307.7,1534.0,25.2,34,0,4048.13,856.8,10.599999999999966
3015,M,297.1,306.5,1489.0,22.4,173,0,3492.78,3875.2,9.399999999999977
3016,L,299.0,308.1,1534.0,25.7,194,0,4128.45,4985.8,9.100000000000023
3017,M,302.9,315.5,1448.0,35.0,197,0,5307.2,6895.0,12.600000000000023
3018,L,300.1,310.0,1234.0,48.9,234,1,6319.06,11442.6,9.899999999999977
3019,L,300.6,309.9,1591.0,48.6,86,0,8097.2,4179.6,9.299999999999955
3020,M,300.6,311.3,1675.0,43.3,34,0,7595.06,1472.1999999999998,10.699999999999989
3021,L,302.2,312.2,1510.0,38.5,206,0,6087.88,7931.0,10.0
3022,L,298.8,307.7,1132.0,63.5,199,1,7527.47,12636.5,8.899999999999977
3023,M,301.4,311.9,1435.0,40.2,223,0,6040.97,8964.6,10.5
3024,L,298.3,307.5,1700.0,39.0,33,0,6942.92,1287.0,9.199999999999989
3025,L,304.0,315.5,1280.0,34.8,10,0,4664.64,348.0,11.5
3026,L,298.4,308.9,1662.0,61.9,109,0,10773.34,6747.099999999999,10.5
3027,H,298.2,308.0,1458.0,47.1,130,0,7191.29,6123.0,9.800000000000011
3028,M,301.1,311.2,1534.0,29.6,220,0,4754.95,6512.0,10.099999999999966
3029,M,300.2,311.1,1415.0,28.4,9,0,4208.27,255.6,10.900000000000034
3030,M,300.7,310.8,1334.0,23.2,81,0,3240.95,1879.2,10.100000000000023
3031,L,300.5,312.6,1794.0,38.9,81,0,7308.04,3150.9,12.100000000000023
3032,L,297.8,309.0,1684.0,25.0,11,0,4408.7,275.0,11.199999999999989
3033,M,303.2,313.7,1653.0,28.3,218,0,4898.78,6169.400000000001,10.5
3034,L,301.8,310.9,1700.0,50.5,117,0,8990.19,5908.5,9.099999999999966
3035,L,302.7,312.6,1627.0,48.8,178,0,8314.5,8686.4,9.900000000000034
3036,L,298.9,309.4,1706.0,54.8,82,0,9790.12,4493.599999999999,10.5
3037,L,300.8,310.0,1419.0,25.3,232,0,3759.51,5869.6,9.199999999999989
3038,H,300.4,311.7,1784.0,29.9,96,0,5585.92,2870.3999999999996,11.300000000000011
3039,L,302.3,311.3,1768.0,33.6,88,0,6220.86,2956.8,9.0
3040,L,302.3,311.7,1606.0,56.2,107,0,9451.71,6013.400000000001,9.399999999999977
3041,L,300.4,309.8,1486.0,40.5,186,0,6302.35,7533.0,9.400000000000034
3042,H,297.0,307.7,1318.0,58.0,1,0,8005.2,58.0,10.699999999999989
3043,L,303.6,312.8,1578.0,46.1,1,0,7617.92,46.1,9.199999999999989
3044,L,301.1,309.3,1839.0,38.8,132,0,7472.09,5121.599999999999,8.199999999999989
3045,M,298.8,309.9,1330.0,45.6,149,0,6351.04,6794.400000000001,11.099999999999966
3046,M,300.8,310.4,1720.0,22.7,247,0,4088.68,5606.9,9.599999999999966
3047,L,297.0,305.9,1453.0,19.4,160,0,2951.86,3104.0,8.899999999999977
3048,L,302.1,311.4,1468.0,42.5,235,0,6533.47,9987.5,9.299999999999955
3049,L,297.1,308.8,1327.0,40.0,68,0,5558.52,2720.0,11.699999999999989
3050,L,299.6,308.9,1403.0,59.2,155,0,8697.77,9176.0,9.299999999999955
3051,L,300.5,310.4,1653.0,26.2,185,0,4535.27,4847.0,9.899999999999977
3052,L,302.1,311.6,1676.0,43.6,141,0,7652.25,6147.6,9.5
3053,L,300.2,309.0,1580.0,46.8,103,0,7743.4,4820.4,8.800000000000011
3054,L,301.3,310.5,1448.0,43.3,106,0,6565.76,4589.799999999999,9.199999999999989
3055,M,299.9,308.6,1340.0,50.8,49,0,7128.48,2489.2,8.700000000000045
3056,H,299.9,310.9,1549.0,33.6,201,0,5450.29,6753.6,11.0
3057,M,300.2,310.3,1472.0,48.2,168,0,7429.91,8097.6,10.100000000000023
3058,L,299.6,312.1,1575.0,45.5,142,0,7504.48,6461.0,12.5
3059,L,296.6,305.9,1480.0,51.5,201,0,7981.74,10351.5,9.299999999999955
3060,H,298.5,307.6,1485.0,34.8,67,0,5411.71,2331.6,9.100000000000023
3061,L,300.5,312.0,1566.0,28.1,42,0,4608.15,1180.2,11.5
3062,L,299.5,310.6,1601.0,33.6,182,0,5633.25,6115.2,11.100000000000023
3063,L,299.7,310.1,1757.0,29.3,48,0,5390.98,1406.4,10.400000000000034
3064,M,299.4,308.2,1477.0,34.3,145,0,5305.22,4973.5,8.800000000000011
3065,M,298.3,310.0,1635.0,36.6,80,0,6266.53,2928.0,11.699999999999989
3066,L,299.0,308.9,1860.0,30.8,94,0,5999.19,2895.2000000000003,9.899999999999977
3067,L,299.4,309.0,1640.0,40.0,247,0,6869.62,9880.0,9.600000000000023
3068,H,300.0,311.2,1746.0,28.2,224,0,5156.11,6316.8,11.199999999999989
3069,L,300.8,310.8,1426.0,39.2,152,0,5853.75,5958.400000000001,10.0
3070,M,299.6,308.5,1409.0,35.0,139,0,5164.25,4865.0,8.899999999999977
3071,M,297.9,308.0,1509.0,38.7,182,0,6115.46,7043.400000000001,10.100000000000023
3072,M,297.2,306.4,1528.0,43.8,46,0,7008.52,2014.8,9.199999999999989
3073,L,305.2,312.2,1729.0,35.7,212,0,6463.86,7568.400000000001,7.0
3074,L,297.7,306.9,1407.0,32.2,208,0,4744.37,6697.6,9.199999999999989
3075,L,299.0,308.4,1522.0,33.4,83,0,5323.41,2772.2,9.399999999999977
3076,M,301.0,309.9,1730.0,50.1,92,0,9076.38,4609.2,8.899999999999977
3077,H,300.7,311.3,1576.0,52.6,66,0,8681.02,3471.6,10.600000000000023
3078,L,301.0,310.3,1536.0,34.8,198,0,5597.56,6890.4,9.300000000000011
3079,L,299.1,309.6,1580.0,38.4,191,0,6353.56,7334.4,10.5
3080,H,300.5,309.2,1336.0,22.9,59,0,3203.84,1351.1,8.699999999999989
3081,M,300.1,311.0,1333.0,38.1,96,0,5318.43,3657.6000000000004,10.899999999999977
3082,M,299.4,308.1,1253.0,25.4,217,0,3332.83,5511.799999999999,8.700000000000045
3083,L,300.5,308.1,1574.0,35.0,211,0,5769.01,7385.0,7.600000000000023
3084,L,302.1,313.3,1702.0,50.6,170,0,9018.59,8602.0,11.199999999999989
3085,M,300.0,309.1,1675.0,24.9,164,0,4367.6,4083.6,9.100000000000023
3086,M,300.0,311.7,1742.0,30.9,159,0,5636.83,4913.099999999999,11.699999999999989
3087,L,302.1,312.7,1798.0,31.0,226,0,5836.87,7006.0,10.599999999999966
3088,L,301.9,312.7,1563.0,23.3,84,0,3813.67,1957.2,10.800000000000011
3089,L,303.2,314.2,1526.0,48.5,179,0,7750.41,8681.5,11.0
3090,L,296.5,306.6,1802.0,42.7,52,0,8057.7,2220.4,10.100000000000023
3091,L,301.8,311.9,1412.0,57.9,104,0,8561.34,6021.599999999999,10.099999999999966
3092,H,301.2,312.5,1327.0,30.0,183,0,4168.89,5490.0,11.300000000000011
3093,L,298.2,308.3,1477.0,22.2,71,0,3433.7,1576.2,10.100000000000023
3094,M,300.5,309.8,1456.0,49.3,129,0,7516.87,6359.7,9.300000000000011
3095,L,302.1,312.7,1546.0,36.3,242,0,5876.85,8784.599999999999,10.599999999999966
3096,M,298.3,306.2,1385.0,35.3,175,0,5119.8,6177.499999999999,7.899999999999977
3097,H,300.9,312.2,1604.0,54.6,15,0,9171.19,819.0,11.300000000000011
3098,L,301.7,313.1,1436.0,41.6,90,0,6255.71,3744.0,11.400000000000034
3099,L,297.9,309.1,1757.0,48.9,163,0,8997.24,7970.7,11.200000000000045
3100,L,299.7,310.9,1324.0,33.7,137,0,4672.47,4616.900000000001,11.199999999999989
3101,L,300.6,310.5,1513.0,32.7,91,0,5181.02,2975.7000000000003,9.899999999999977
3102,M,298.4,308.3,1478.0,36.3,80,0,5618.36,2904.0,9.900000000000034
3103,H,298.2,307.0,1579.0,46.6,125,0,7705.43,5825.0,8.800000000000011
3104,L,299.7,311.5,1703.0,40.4,88,0,7204.84,3555.2,11.800000000000011
3105,L,301.6,311.1,1585.0,44.6,206,0,7402.74,9187.6,9.5
3106,L,301.3,311.6,1514.0,14.0,145,0,2219.64,2030.0,10.300000000000011
3107,M,298.3,308.5,1661.0,21.2,91,0,3687.52,1929.2,10.199999999999989
3108,L,301.3,310.0,1688.0,18.4,1,0,3252.51,18.4,8.699999999999989
3109,L,298.3,306.6,1586.0,36.1,127,0,5995.69,4584.7,8.300000000000011
3110,M,296.8,306.8,1607.0,26.0,39,0,4375.4,1014.0,10.0
3111,M,299.3,308.8,1653.0,56.7,41,0,9814.87,2324.7000000000003,9.5
3112,L,302.2,312.2,1243.0,39.7,222,0,5167.62,8813.400000000001,10.0
3113,M,301.3,312.4,1475.0,42.1,94,0,6502.83,3957.4,11.099999999999966
3114,L,300.0,310.2,1605.0,29.0,152,0,4874.18,4408.0,10.199999999999989
3115,L,299.2,309.9,1485.0,28.7,128,0,4463.1,3673.6,10.699999999999989
3116,M,299.2,309.7,1486.0,55.4,209,0,8620.99,11578.6,10.5
3117,M,300.2,309.9,1605.0,57.7,15,0,9697.94,865.5,9.699999999999989
3118,L,297.9,306.9,1609.0,44.0,169,0,7413.74,7436.0,9.0
3119,L,299.3,309.6,1621.0,19.7,164,0,3344.09,3230.7999999999997,10.300000000000011
3120,L,299.6,309.7,1396.0,35.7,104,0,5218.94,3712.8,10.099999999999966
3121,L,297.3,308.2,1284.0,43.0,233,0,5781.79,10019.0,10.899999999999977
3122,L,298.3,308.2,1681.0,37.6,36,0,6618.87,1353.6000000000001,9.899999999999977
3123,L,300.8,310.5,1405.0,18.8,198,0,2766.07,3722.4,9.699999999999989
3124,L,300.0,309.8,1392.0,58.3,133,0,8498.39,7753.9,9.800000000000011
3125,M,299.4,308.5,1376.0,31.6,205,0,4553.38,6478.0,9.100000000000023
3126,M,298.2,309.6,1744.0,26.5,149,0,4839.73,3948.5,11.400000000000034
3127,M,303.2,314.3,1575.0,39.6,113,0,6531.37,4474.8,11.100000000000023
3128,L,298.3,307.1,1599.0,51.7,94,0,8657.0,4859.8,8.800000000000011
3129,H,300.5,311.3,1661.0,45.0,236,0,7827.28,10620.0,10.800000000000011
3130,M,299.0,307.2,1530.0,26.8,201,1,4293.93,5386.8,8.199999999999989
3131,M,300.1,311.1,1719.0,25.2,173,0,4536.33,4359.599999999999,11.0
3132,M,300.9,310.2,1323.0,18.1,39,0,2507.65,705.9000000000001,9.300000000000011
3133,H,297.3,307.6,1343.0,37.0,53,0,5203.63,1961.0,10.300000000000011
3134,L,300.0,308.1,1333.0,35.2,45,1,4913.62,1584.0000000000002,8.100000000000023
3135,L,302.4,311.2,1613.0,45.0,163,0,7601.08,7335.0,8.800000000000011
3136,M,303.5,314.0,1628.0,33.1,118,0,5643.01,3905.8,10.5
3137,M,299.7,309.0,1453.0,49.6,40,0,7547.03,1984.0,9.300000000000011
3138,M,300.1,309.2,1496.0,46.4,246,0,7269.06,11414.4,9.099999999999966
3139,L,304.4,315.8,1764.0,32.6,229,0,6022.06,7465.400000000001,11.400000000000034
3140,L,302.3,314.5,1413.0,43.8,97,0,6481.04,4248.599999999999,12.199999999999989
3141,L,298.8,309.7,1590.0,53.1,66,0,8841.38,3504.6,10.899999999999977
3142,H,298.8,307.7,1415.0,30.3,125,0,4489.81,3787.5,8.899999999999977
3143,L,301.9,313.7,1734.0,37.8,22,0,6863.88,831.5999999999999,11.800000000000011
3144,L,298.0,306.4,1650.0,37.6,170,0,6496.81,6392.0,8.399999999999977
3145,L,302.2,311.9,1287.0,36.3,60,0,4892.31,2178.0,9.699999999999989
3146,L,300.7,310.7,1491.0,47.9,16,0,7478.97,766.4,10.0
3147,M,301.0,313.0,1165.0,48.7,220,1,5941.33,10714.0,12.0
3148,M,299.5,310.4,1699.0,44.0,192,0,7828.43,8448.0,10.899999999999977
3149,M,298.7,308.3,1904.0,43.5,2,0,8673.31,87.0,9.600000000000023
3150,L,302.9,312.0,1147.0,34.3,77,0,4119.9,2641.1,9.100000000000023
3151,M,299.5,310.5,1282.0,43.2,202,0,5799.63,8726.400000000001,11.0
3152,L,299.2,308.6,1567.0,27.1,29,0,4447.0,785.9000000000001,9.400000000000034
3153,M,299.8,310.1,1534.0,64.6,20,0,10377.35,1292.0,10.300000000000011
3154,L,300.4,309.0,1464.0,53.3,143,0,8171.41,7621.9,8.600000000000023
3155,L,297.9,308.5,1226.0,49.4,237,1,6342.29,11707.8,10.600000000000023
3156,M,298.9,309.4,1595.0,44.0,61,0,7349.23,2684.0,10.5
3157,H,298.8,307.5,1696.0,44.0,59,0,7814.61,2596.0,8.699999999999989
3158,L,301.7,312.7,2026.5,23.1,114,0,4902.16,2633.4,11.0
3159,M,298.2,308.8,1772.0,27.4,136,0,5084.44,3726.3999999999996,10.600000000000023
3160,L,296.5,307.2,1305.0,28.6,246,1,3908.46,7035.6,10.699999999999989
3161,L,296.1,305.7,1535.0,40.5,65,0,6510.17,2632.5,9.599999999999966
3162,L,297.1,307.2,1643.0,37.1,153,0,6383.22,5676.3,10.099999999999966
3163,L,302.7,312.8,1414.0,48.0,105,0,7107.54,5040.0,10.100000000000023
3164,L,300.0,309.9,1677.0,30.3,66,0,5321.14,1999.8,9.899999999999977
3165,L,301.0,311.2,1663.0,50.1,14,0,8724.86,701.4,10.199999999999989
3166,L,301.1,312.3,1759.0,31.7,11,0,5839.2,348.7,11.199999999999989
3167,H,300.1,311.2,1681.0,35.7,18,0,6284.41,642.6,11.099999999999966
3168,L,299.9,308.7,1589.0,48.8,232,1,8120.3,11321.599999999999,8.800000000000011
3169,M,302.1,313.1,1423.0,44.9,13,0,6690.83,583.6999999999999,11.0
3170,L,300.3,311.5,1306.0,27.4,142,0,3747.33,3890.7999999999997,11.199999999999989
3171,M,302.8,312.6,1577.0,50.5,86,0,8339.72,4343.0,9.800000000000011
3172,L,301.2,311.8,1465.0,40.8,10,0,6259.31,408.0,10.600000000000023
3173,L,298.8,309.3,1483.0,18.6,62,0,2888.57,1153.2,10.5
3174,L,299.0,308.2,1738.0,31.5,42,0,5733.09,1323.0,9.199999999999989
3175,L,298.5,308.2,1783.0,35.8,194,0,6684.41,6945.2,9.699999999999989
3176,L,302.4,313.2,1316.0,28.3,170,0,3900.06,4811.0,10.800000000000011
3177,M,299.2,308.7,1500.0,53.3,128,0,8372.34,6822.4,9.5
3178,M,298.4,309.4,1460.0,36.2,131,0,5534.65,4742.200000000001,11.0
3179,M,300.6,311.9,1594.0,44.5,84,0,7428.09,3738.0,11.299999999999955
3180,M,299.8,310.9,1132.0,42.0,24,0,4978.8,1008.0,11.099999999999966
3181,L,300.6,312.6,1276.0,46.9,83,0,6266.89,3892.7,12.0
3182,L,303.8,313.7,1516.0,56.6,73,0,8985.54,4131.8,9.899999999999977
3183,L,301.8,312.0,1678.0,46.6,209,0,8188.54,9739.4,10.199999999999989
3184,L,300.1,310.4,1551.0,57.3,224,1,9306.69,12835.199999999999,10.299999999999955
3185,L,297.2,307.1,1658.0,46.9,52,0,8143.03,2438.7999999999997,9.900000000000034
3186,L,299.0,309.5,1573.0,41.2,162,0,6786.64,6674.400000000001,10.5
3187,L,301.4,309.7,1766.0,43.1,152,0,7970.7,6551.2,8.300000000000011
3188,L,297.7,307.9,1803.0,13.8,130,0,2605.57,1794.0,10.199999999999989
3189,M,304.3,312.9,1401.0,35.4,178,0,5193.62,6301.2,8.599999999999966
3190,M,300.0,309.1,1696.0,38.5,177,0,6837.78,6814.5,9.100000000000023
3191,L,300.1,310.8,1628.0,44.3,12,0,7552.43,531.5999999999999,10.699999999999989
3192,H,298.7,308.5,1986.0,39.6,34,0,8235.75,1346.4,9.800000000000011
3193,H,301.0,311.7,1395.0,43.2,216,0,6310.83,9331.2,10.699999999999989
3194,L,297.7,307.5,1517.0,26.7,182,0,4241.56,4859.4,9.800000000000011
3195,L,304.3,315.4,1353.0,24.1,145,0,3414.63,3494.5,11.099999999999966
3196,L,302.6,312.4,1363.0,28.1,178,0,4010.8,5001.8,9.799999999999955
3197,H,302.0,310.0,1607.0,55.5,29,0,9339.8,1609.5,8.0
3198,M,297.2,307.4,1574.0,27.3,39,0,4499.83,1064.7,10.199999999999989
3199,L,300.4,308.2,1634.0,32.0,109,0,5475.59,3488.0,7.800000000000011
3200,L,302.4,311.0,1631.0,40.9,29,0,6985.63,1186.1,8.600000000000023
3201,L,301.2,310.3,1495.0,24.0,185,0,3757.34,4440.0,9.100000000000023
3202,L,298.0,307.0,1494.0,31.2,87,0,4881.28,2714.4,9.0
3203,L,298.7,308.2,1364.0,46.6,89,0,6656.24,4147.400000000001,9.5
3204,M,299.1,308.1,1412.0,35.5,64,0,5249.18,2272.0,9.0
3205,M,298.8,307.4,1527.0,56.7,96,0,9066.73,5443.200000000001,8.599999999999966
3206,M,303.1,314.6,1573.0,23.0,71,0,3788.66,1633.0,11.5
3207,M,296.2,305.5,1665.0,36.5,11,0,6364.08,401.5,9.300000000000011
3208,M,301.3,309.1,1646.0,35.5,135,0,6119.09,4792.5,7.800000000000011
3209,L,297.4,307.1,1816.0,39.8,202,0,7568.81,8039.599999999999,9.700000000000045
3210,M,298.1,307.0,1363.0,27.7,77,0,3953.7,2132.9,8.899999999999977
3211,L,296.0,305.1,1496.0,34.1,17,0,5342.13,579.7,9.100000000000023
3212,M,298.9,309.6,1379.0,47.8,235,1,6902.73,11233.0,10.700000000000045
3213,L,303.0,312.6,1766.0,37.2,103,0,6879.59,3831.6000000000004,9.600000000000023
3214,M,300.5,309.4,1448.0,29.2,64,0,4427.72,1868.8,8.899999999999977
3215,L,297.6,308.0,1744.0,60.6,212,1,11067.45,12847.2,10.399999999999977
3216,L,302.0,313.2,1798.0,40.4,137,0,7606.76,5534.8,11.199999999999989
3217,L,302.5,313.0,1612.0,46.0,36,0,7765.18,1656.0,10.5
3218,L,300.2,307.8,1590.0,47.5,28,0,7908.96,1330.0,7.600000000000023
3219,M,304.1,313.0,1544.0,39.2,173,0,6338.14,6781.6,8.899999999999977
3220,M,301.6,311.7,1481.0,32.0,103,0,4962.88,3296.0,10.099999999999966
3221,L,301.4,311.1,1459.0,41.9,215,0,6401.74,9008.5,9.700000000000045
3222,L,298.4,308.1,1511.0,32.9,121,0,5205.82,3980.8999999999996,9.700000000000045
3223,L,301.3,310.3,1864.0,43.6,43,0,8510.62,1874.8,9.0
3224,L,300.4,309.0,1351.0,38.3,163,1,5418.55,6242.9,8.600000000000023
3225,L,301.0,313.0,1574.0,50.2,17,0,8274.41,853.4000000000001,12.0
3226,M,298.6,308.7,1665.0,28.5,78,0,4969.21,2223.0,10.099999999999966
3227,L,300.3,310.9,1487.0,47.1,159,0,7334.33,7488.900000000001,10.599999999999966
3228,L,298.4,308.4,1612.0,46.0,229,0,7765.18,10534.0,10.0
3229,L,295.7,305.8,1268.0,37.5,234,0,4979.42,8775.0,10.100000000000023
3230,L,302.0,311.9,1775.0,47.2,108,0,8773.42,5097.6,9.899999999999977
3231,L,297.0,305.9,1740.0,44.1,19,0,8035.57,837.9,8.899999999999977
3232,M,300.2,308.7,1520.0,46.5,33,0,7401.59,1534.5,8.5
3233,L,300.7,311.1,1380.0,45.9,72,0,6633.16,3304.7999999999997,10.400000000000034
3234,L,300.7,310.8,1679.0,40.4,168,0,7103.31,6787.2,10.100000000000023
3235,L,299.4,310.4,1332.0,34.0,246,0,4742.55,8364.0,11.0
3236,L,300.5,311.3,1358.0,33.8,97,0,4806.68,3278.6,10.800000000000011
3237,L,300.9,310.1,1528.0,37.8,162,0,6048.45,6123.599999999999,9.200000000000045
3238,H,301.5,312.6,1809.0,48.3,184,0,9149.86,8887.199999999999,11.100000000000023
3239,M,303.5,314.2,1652.0,46.2,119,0,7992.46,5497.8,10.699999999999989
3240,L,300.5,311.2,1422.0,49.9,26,0,7430.68,1297.3999999999999,10.699999999999989
3241,L,300.1,312.4,1236.0,50.9,233,1,6588.17,11859.699999999999,12.299999999999955
3242,L,298.2,310.2,1545.0,37.7,17,0,6099.56,640.9000000000001,12.0
3243,L,300.9,311.6,1583.0,59.4,148,0,9846.82,8791.199999999999,10.700000000000045
3244,M,301.3,311.9,1524.0,38.9,145,0,6208.16,5640.5,10.599999999999966
3245,M,299.6,310.7,1861.0,35.0,154,0,6820.92,5390.0,11.099999999999966
3246,L,301.1,310.5,1514.0,43.2,222,0,6849.17,9590.400000000001,9.399999999999977
3247,L,299.4,308.8,1129.0,44.7,155,0,5284.82,6928.5,9.400000000000034
3248,L,301.3,312.0,1465.0,32.5,96,0,4985.97,3120.0,10.699999999999989
3249,M,301.8,311.0,1619.0,38.3,248,0,6493.43,9498.4,9.199999999999989
3250,M,301.8,312.4,1607.0,35.4,142,0,5957.28,5026.8,10.599999999999966
3251,L,300.2,310.4,1506.0,41.3,172,0,6513.34,7103.599999999999,10.199999999999989
3252,L,297.9,307.1,1476.0,47.8,46,0,7388.27,2198.7999999999997,9.200000000000045
3253,M,298.8,308.8,1180.0,37.3,118,0,4609.14,4401.4,10.0
3254,L,301.2,312.5,1553.0,45.6,35,0,7415.92,1596.0,11.300000000000011
3255,L,304.9,315.0,1477.0,26.1,18,0,4036.92,469.8,10.100000000000023
3256,L,299.3,309.4,1582.0,48.8,98,0,8084.53,4782.4,10.099999999999966
3257,M,300.9,311.2,1625.0,35.4,223,0,6024.0,7894.2,10.300000000000011
3258,L,298.9,309.3,1760.0,35.2,44,0,6487.6,1548.8000000000002,10.400000000000034
3259,L,298.1,307.7,1366.0,43.9,102,0,6279.77,4477.8,9.599999999999966
3260,M,298.6,309.0,1306.0,44.4,249,1,6072.32,11055.6,10.399999999999977
3261,L,295.8,304.8,1435.0,38.8,56,0,5830.59,2172.7999999999997,9.0
3262,L,302.7,311.9,1406.0,31.0,75,0,4564.32,2325.0,9.199999999999989
3263,L,295.5,304.9,1390.0,35.1,118,0,5109.17,4141.8,9.399999999999977
3264,L,299.5,309.9,1796.0,40.8,156,0,7673.53,6364.799999999999,10.399999999999977
3265,M,297.6,307.8,1564.0,44.8,225,0,7337.42,10080.0,10.199999999999989
3266,L,298.2,308.1,1891.0,31.7,15,0,6277.39,475.5,9.900000000000034
3267,L,302.8,313.4,1537.0,33.5,149,0,5391.97,4991.5,10.599999999999966
3268,L,300.4,310.8,1328.0,42.5,71,0,5910.38,3017.5,10.400000000000034
3269,M,298.1,307.8,1393.0,39.1,54,0,5703.7,2111.4,9.699999999999989
3270,M,298.8,307.8,1721.0,41.4,139,0,7461.22,5754.599999999999,9.0
3271,L,298.5,307.6,1335.0,13.9,225,0,1943.23,3127.5,9.100000000000023
3272,L,299.9,308.4,1637.0,37.0,143,0,6342.77,5291.0,8.5
3273,M,300.3,310.5,1474.0,48.4,54,0,7470.87,2613.6,10.199999999999989
3274,L,303.8,312.9,1371.0,33.8,46,0,4852.69,1554.8,9.099999999999966
3275,M,296.2,305.7,1786.0,44.7,72,0,8360.22,3218.4,9.5
3276,M,299.9,309.8,1432.0,27.9,26,0,4183.85,725.4,9.900000000000034
3277,M,299.4,310.4,1389.0,24.3,110,0,3534.57,2673.0,11.0
3278,L,301.9,312.8,1523.0,44.1,98,0,7033.43,4321.8,10.900000000000034
3279,L,300.7,310.7,1447.0,39.4,138,0,5970.26,5437.2,10.0
3280,M,301.2,312.4,1934.0,36.6,210,1,7412.53,7686.0,11.199999999999989
3281,L,300.7,308.7,1727.0,48.3,94,0,8735.1,4540.2,8.0
3282,L,298.1,310.0,1432.0,36.8,142,0,5518.48,5225.599999999999,11.899999999999977
3283,M,302.4,313.1,1452.0,33.6,180,0,5108.98,6048.0,10.700000000000045
3284,M,301.6,311.7,1176.0,32.5,120,0,4002.39,3900.0,10.099999999999966
3285,L,301.8,310.9,1562.0,30.4,90,0,4972.6,2736.0,9.099999999999966
3286,L,302.5,312.1,1404.0,44.5,32,0,6542.68,1424.0,9.600000000000023
3287,L,300.8,311.4,1553.0,36.8,198,0,5984.78,7286.4,10.599999999999966
3288,M,303.0,313.6,1186.0,51.3,214,0,6371.34,10978.199999999999,10.600000000000023
3289,H,300.8,311.4,1533.0,13.34999999999999,99,0,2143.15,1321.6499999999992,10.599999999999966
3290,L,299.6,308.8,1842.0,49.1,21,0,9471.09,1031.1000000000001,9.199999999999989
3291,L,300.0,309.1,1547.0,43.5,64,0,7047.06,2784.0,9.100000000000023
3292,M,300.0,310.1,1399.0,39.0,57,0,5713.61,2223.0,10.100000000000023
3293,L,299.0,309.7,1534.0,27.0,26,0,4337.28,702.0,10.699999999999989
3294,L,303.3,313.3,1526.0,23.4,115,0,3739.37,2691.0,10.0
3295,H,300.6,312.1,1930.0,47.4,202,0,9579.97,9574.8,11.5
3296,L,300.2,310.2,1478.0,42.3,242,0,6547.02,10236.599999999999,10.0
3297,M,300.8,310.8,1322.0,42.1,139,0,5828.3,5851.900000000001,10.0
3298,L,305.5999999999999,316.25000000000006,1541.0,38.9,187,0,6277.42,7274.3,10.650000000000148
3299,L,297.7,309.0,1573.0,48.4,212,0,7972.65,10260.8,11.300000000000011
3300,M,298.3,307.0,1638.0,34.1,71,0,5849.21,2421.1,8.699999999999989
3301,L,297.2,306.1,1673.0,36.5,204,0,6394.66,7446.0,8.900000000000034
3302,H,299.5,309.2,1888.0,38.1,228,0,7532.79,8686.800000000001,9.699999999999989
3303,L,300.5,313.6,1431.0,37.8,32,0,5664.48,1209.6,13.100000000000023
3304,L,299.1,308.8,1415.0,53.2,113,0,7883.09,6011.6,9.699999999999989
3305,L,298.9,308.8,1206.0,27.4,193,0,3460.4,5288.2,9.900000000000034
3306,L,300.3,310.9,1656.0,20.4,136,0,3537.68,2774.3999999999996,10.599999999999966
3307,L,299.0,310.0,1379.0,25.4,204,0,3667.98,5181.599999999999,11.0
3308,L,300.6,310.8,1697.0,46.7,25,0,8299.03,1167.5,10.199999999999989
3309,L,302.2,313.4,1449.0,38.9,172,0,5902.64,6690.8,11.199999999999989
3310,L,301.4,310.2,1846.0,24.0,54,0,4639.5,1296.0,8.800000000000011
3311,M,301.8,311.0,1281.0,40.9,110,0,5486.57,4499.0,9.199999999999989
3312,M,302.2,313.3,1721.0,36.7,179,0,6614.17,6569.3,11.100000000000023
3313,M,300.6,310.6,1699.0,45.5,136,0,8095.31,6188.0,10.0
3314,L,299.7,308.4,1632.0,47.8,206,0,8169.15,9846.8,8.699999999999989
3315,L,298.5,307.1,1338.0,65.0,248,1,9107.48,16120.0,8.600000000000023
3316,M,299.2,308.4,1633.0,28.1,134,0,4805.31,3765.4,9.199999999999989
3317,L,299.0,309.0,1560.0,21.3,234,0,3479.63,4984.2,10.0
3318,L,301.5,311.9,1210.0,45.8,56,0,5803.36,2564.7999999999997,10.399999999999977
3319,M,300.7,310.4,1816.0,49.7,184,0,9451.5,9144.800000000001,9.699999999999989
3320,M,301.4,311.8,1476.0,27.2,118,0,4204.2,3209.6,10.400000000000034
3321,L,297.7,307.2,1803.0,27.2,164,0,5135.62,4460.8,9.5
3322,L,302.9,314.1,1525.0,43.3,72,0,6914.91,3117.6,11.200000000000045
3323,M,299.1,311.7,1713.0,57.0,77,0,10224.94,4389.0,12.599999999999966
3324,L,297.8,307.4,1384.0,31.2,157,0,4521.88,4898.4,9.599999999999966
3325,M,299.1,309.6,1576.0,40.8,50,0,6733.56,2039.9999999999998,10.5
3326,M,305.0,315.4,1563.0,21.0,46,0,3437.22,966.0,10.399999999999977
3327,M,299.2,309.4,1480.0,37.9,111,0,5873.94,4206.9,10.199999999999989
3328,L,299.3,310.0,1382.0,38.8,83,0,5615.24,3220.3999999999996,10.699999999999989
3329,L,299.6,310.1,1046.5,54.5,238,1,5972.61,12971.0,10.5
3330,M,299.7,309.2,1386.0,32.9,181,0,4775.16,5954.9,9.5
3331,M,298.4,309.8,1663.0,46.7,150,0,8132.76,7005.0,11.400000000000034
3332,M,300.3,310.5,1288.0,32.2,206,0,4343.11,6633.200000000001,10.199999999999989
3333,L,302.2,311.8,1325.0,40.8,185,0,5661.15,7547.999999999999,9.600000000000023
3334,L,300.6,313.1,1281.0,60.6,55,0,8129.25,3333.0,12.5
3335,M,297.8,307.7,1575.0,57.8,30,0,9533.16,1734.0,9.899999999999977
3336,M,299.3,309.6,1378.0,59.4,67,0,8571.65,3979.7999999999997,10.300000000000011
3337,H,298.9,309.1,1756.0,43.9,216,0,8072.68,9482.4,10.200000000000045
3338,M,300.1,310.0,1669.0,37.8,189,0,6606.58,7144.2,9.899999999999977
3339,L,302.7,313.1,1573.0,42.7,114,0,7033.72,4867.8,10.400000000000034
3340,M,299.7,308.9,1592.0,44.5,210,0,7418.77,9345.0,9.199999999999989
3341,M,299.8,310.4,1401.0,43.8,59,0,6426.0,2584.2,10.599999999999966
3342,L,303.6,311.8,1401.0,32.8,164,0,4812.17,5379.2,8.199999999999989
3343,M,301.8,310.5,1665.0,32.4,33,0,5649.21,1069.2,8.699999999999989
3344,L,301.1,313.0,1701.0,34.0,0,0,6056.36,0.0,11.899999999999977
3345,L,303.9,312.7,1663.0,50.6,40,0,8811.94,2024.0,8.800000000000011
3346,M,301.0,309.0,1453.0,51.6,222,0,7851.34,11455.2,8.0
3347,L,296.0,304.8,1467.0,66.55000000000001,103,0,10223.67,6854.6500000000015,8.800000000000011
3348,L,301.7,313.4,1371.0,44.1,171,0,6331.47,7541.1,11.699999999999989
3349,L,296.8,305.0,1675.0,32.0,34,0,5612.98,1088.0,8.199999999999989
3350,L,300.9,309.9,1186.0,35.1,154,0,4359.34,5405.400000000001,9.0
3351,L,296.6,305.1,1143.0,38.3,148,1,4584.31,5668.4,8.5
3352,L,299.1,308.8,1179.0,54.9,199,0,6778.21,10925.1,9.699999999999989
3353,H,299.3,308.8,1154.0,47.2,81,0,5703.96,3823.2000000000003,9.5
3354,L,298.5,308.0,1780.0,26.5,22,0,4939.63,583.0,9.5
3355,L,299.3,311.2,1678.0,39.3,40,0,6905.79,1572.0,11.899999999999977
3356,L,302.1,310.9,1323.0,25.2,227,0,3491.31,5720.4,8.799999999999955
3357,M,298.6,308.5,1519.0,45.8,220,0,7285.37,10076.0,9.899999999999977
3358,L,301.1,311.4,1800.0,32.9,207,0,6201.5,6810.299999999999,10.299999999999955
3359,M,298.1,307.1,1627.0,33.8,177,0,5758.81,5982.599999999999,9.0
3360,M,299.6,310.1,1916.0,21.2,248,0,4253.63,5257.599999999999,10.5
3361,M,300.6,310.2,1517.0,47.4,201,0,7529.96,9527.4,9.599999999999966
3362,L,298.0,308.4,1420.0,51.9,208,0,7717.64,10795.199999999999,10.399999999999977
3363,M,297.4,307.3,1344.0,33.0,21,0,4644.53,693.0,9.900000000000034
3364,L,301.0,308.9,1542.0,38.3,39,0,6184.6,1493.6999999999998,7.899999999999977
3365,H,302.2,313.6,1705.0,35.1,129,0,6267.01,4527.900000000001,11.400000000000034
3366,M,299.8,311.9,1555.0,37.7,41,0,6139.04,1545.7,12.099999999999966
3367,L,299.1,308.9,1473.0,31.7,157,0,4889.79,4976.9,9.799999999999955
3368,L,300.3,309.4,1762.0,28.9,171,0,5332.52,4941.9,9.099999999999966
3369,L,300.1,311.6,1632.0,53.5,230,1,9143.29,12305.0,11.5
3370,M,300.5,312.4,1517.0,13.6,230,0,2160.49,3128.0,11.899999999999977
3371,L,294.9,304.8,1400.0,44.9,236,0,6582.68,10596.4,9.900000000000034
3372,L,297.9,307.6,1492.0,42.7,82,0,6671.53,3501.4,9.700000000000045
3373,L,298.3,308.2,1622.0,56.4,9,0,9579.85,507.59999999999997,9.899999999999977
3374,M,300.3,308.6,1398.0,37.5,83,0,5489.93,3112.5,8.300000000000011
3375,M,300.4,310.1,1317.0,36.2,190,0,4992.56,6878.000000000001,9.700000000000045
3376,M,301.3,313.0,1452.0,31.8,151,0,4835.29,4801.8,11.699999999999989
3377,M,300.5,310.3,1529.0,43.4,133,0,6949.06,5772.2,9.800000000000011
3378,L,297.4,306.4,1782.0,32.8,122,0,6120.83,4001.5999999999995,9.0
3379,L,302.9,313.4,1330.0,28.7,44,0,3997.26,1262.8,10.5
3380,M,302.5,311.9,1578.0,32.6,124,0,5387.08,4042.4,9.399999999999977
3381,L,297.5,307.4,1488.0,30.5,145,0,4752.6,4422.5,9.899999999999977
3382,L,300.7,309.4,1497.0,29.9,143,0,4687.29,4275.7,8.699999999999989
3383,L,298.8,307.8,1813.0,40.7,245,0,7727.18,9971.5,9.0
3384,L,300.3,311.0,1552.0,38.0,102,0,6175.95,3876.0,10.699999999999989
3385,L,302.1,312.2,1374.0,45.4,103,0,6532.38,4676.2,10.099999999999966
3386,M,304.3,313.5,1697.0,41.4,39,0,7357.17,1614.6,9.199999999999989
3387,L,301.5,311.6,1683.0,27.9,143,0,4917.19,3989.7,10.100000000000023
3388,L,300.6,310.0,1358.0,18.8,103,0,2673.54,1936.4,9.399999999999977
3389,L,299.3,308.5,1324.0,29.4,78,0,4076.28,2293.2,9.199999999999989
3390,M,300.4,311.5,1611.0,47.5,127,0,8013.42,6032.5,11.100000000000023
3391,L,302.7,313.5,1532.0,47.3,103,0,7588.37,4871.9,10.800000000000011
3392,M,299.9,309.9,1453.0,49.7,197,0,7562.24,9790.900000000001,10.0
3393,M,298.2,308.4,1727.0,48.2,224,0,8717.02,10796.800000000001,10.199999999999989
3394,L,296.8,306.8,1431.0,50.7,239,1,7597.6,12117.300000000001,10.0
3395,H,301.0,311.5,1613.0,43.9,140,0,7415.28,6146.0,10.5
3396,H,300.5,309.7,1748.0,57.9,195,0,10598.6,11290.5,9.199999999999989
3397,M,298.7,309.6,1477.0,42.8,223,0,6619.92,9544.4,10.900000000000034
3398,M,302.1,312.4,1210.0,59.8,49,0,7577.31,2930.2,10.299999999999955
3399,L,299.2,308.9,1465.0,33.7,156,0,5170.07,5257.200000000001,9.699999999999989
3400,L,299.7,309.2,1571.0,33.4,185,0,5494.79,6179.0,9.5
3401,L,300.0,310.8,1717.0,38.0,134,0,6832.55,5092.0,10.800000000000011
3402,L,299.3,309.1,1444.0,39.5,224,0,5973.01,8848.0,9.800000000000011
3403,H,300.5,309.8,1846.0,36.7,4,0,7094.57,146.8,9.300000000000011
3404,L,302.3,311.9,1305.0,45.3,249,1,6190.67,11279.699999999999,9.599999999999966
3405,M,297.7,308.5,1567.0,38.9,167,0,6383.33,6496.3,10.800000000000011
3406,M,301.0,309.4,1495.0,33.9,3,0,5307.25,101.69999999999999,8.399999999999977
3407,M,300.3,310.0,1779.0,36.0,6,0,6706.67,216.0,9.699999999999989
3408,H,300.3,311.4,1274.0,52.0,207,0,6937.47,10764.0,11.099999999999966
3409,L,301.7,311.6,1614.0,43.1,36,0,7284.66,1551.6000000000001,9.900000000000034
3410,L,300.1,310.4,1494.0,23.2,112,0,3629.67,2598.4,10.299999999999955
3411,L,301.0,312.0,1811.0,54.9,74,0,10411.65,4062.6,11.0
3412,L,301.4,312.3,1389.0,44.2,186,0,6429.14,8221.2,10.900000000000034
3413,L,299.0,308.6,1612.0,46.3,49,0,7815.82,2268.7,9.600000000000023
3414,L,300.6,310.5,1387.0,49.2,68,0,7146.12,3345.6000000000004,9.899999999999977
3415,M,299.5,310.4,1571.0,49.7,156,0,8176.38,7753.200000000001,10.899999999999977
3416,L,299.7,310.7,1471.0,30.7,182,0,4729.11,5587.4,11.0
3417,L,299.4,309.3,1469.0,29.2,118,0,4491.93,3445.6,9.900000000000034
3418,M,300.9,310.9,1182.0,63.8,88,1,7897.08,5614.4,10.0
3419,L,300.2,310.4,1612.0,32.9,194,0,5553.79,6382.599999999999,10.199999999999989
3420,L,300.8,312.2,1344.0,43.7,223,0,6150.48,9745.1,11.399999999999977
3421,M,300.0,311.0,1338.0,56.1,29,0,7860.45,1626.9,11.0
3422,M,296.8,307.5,1259.0,35.5,147,0,4680.4,5218.5,10.699999999999989
3423,M,300.1,309.0,1348.0,36.3,221,0,5124.19,8022.299999999999,8.899999999999977
3424,L,300.1,309.9,1627.0,49.1,66,0,8365.61,3240.6,9.799999999999955
3425,M,300.5,310.3,1618.0,42.0,60,0,7116.34,2520.0,9.800000000000011
3426,M,298.8,310.2,1656.0,44.8,43,0,7769.03,1926.3999999999999,11.399999999999977
3427,L,297.6,307.4,1354.0,39.1,55,0,5544.01,2150.5,9.799999999999955
3428,M,301.2,312.5,1576.0,34.7,78,0,5726.83,2706.6000000000004,11.300000000000011
3429,M,299.5,308.9,1427.0,36.6,187,0,5469.32,6844.2,9.399999999999977
3430,L,300.3,309.9,1708.0,51.8,168,0,9265.02,8702.4,9.599999999999966
3431,L,299.4,309.9,1614.0,37.0,77,0,6253.65,2849.0,10.5
3432,H,300.0,311.6,1420.0,44.2,39,0,6572.63,1723.8000000000002,11.600000000000023
3433,M,299.1,308.9,1724.0,30.3,49,0,5470.27,1484.7,9.799999999999955
3434,L,298.1,305.5,1628.0,60.2,137,0,10263.12,8247.4,7.399999999999977
3435,M,300.9,309.4,1289.0,43.1,16,1,5817.8,689.6,8.5
3436,L,298.8,309.1,1238.0,43.3,14,0,5613.54,606.1999999999999,10.300000000000011
3437,L,300.3,308.9,1296.0,49.1,92,1,6663.7,4517.2,8.599999999999966
3438,L,300.8,310.0,1833.0,35.1,180,0,6737.49,6318.0,9.199999999999989
3439,H,298.8,308.8,1356.0,51.8,225,0,7355.6,11655.0,10.0
3440,H,297.6,305.1,1873.0,24.8,226,0,4864.27,5604.8,7.5
3441,L,304.9,314.5,1346.0,33.8,200,1,4764.2,6759.999999999999,9.600000000000023
3442,L,298.9,307.8,1327.0,31.9,50,0,4432.92,1595.0,8.900000000000034
3443,L,301.2,309.7,1695.0,21.2,208,0,3763.0,4409.599999999999,8.5
3444,H,303.9,313.1,1703.0,34.6,120,0,6170.49,4152.0,9.200000000000045
3445,H,301.6,310.5,1637.0,39.4,65,0,6754.19,2561.0,8.899999999999977
3446,M,299.4,309.9,1659.0,29.0,25,0,5038.17,725.0,10.5
3447,M,299.9,311.1,1394.0,27.6,37,0,4029.03,1021.2,11.200000000000045
3448,M,298.3,308.0,1687.0,40.3,234,0,7119.49,9430.199999999999,9.699999999999989
3449,L,301.8,311.2,1580.0,39.1,124,0,6469.38,4848.400000000001,9.399999999999977
3450,L,301.1,310.7,1472.0,37.3,91,0,5749.7,3394.2999999999997,9.599999999999966
3451,L,299.0,307.9,1554.0,27.3,29,0,4442.65,791.7,8.899999999999977
3452,M,297.9,306.6,1727.0,36.0,234,0,6510.64,8424.0,8.700000000000045
3453,M,297.4,305.7,1608.0,33.3,54,0,5607.37,1798.1999999999998,8.300000000000011
3454,L,302.0,310.6,1151.0,40.8,136,0,4917.72,5548.799999999999,8.600000000000023
3455,H,300.2,311.9,1697.0,34.3,219,0,6095.43,7511.7,11.699999999999989
3456,L,300.4,309.7,1683.0,39.5,15,0,6961.61,592.5,9.300000000000011
3457,L,298.4,305.4,1470.0,26.8,23,0,4125.54,616.4,7.0
3458,M,297.1,306.5,1558.0,26.0,213,0,4241.99,5538.0,9.399999999999977
3459,M,301.9,310.3,1558.0,45.5,19,0,7423.48,864.5,8.400000000000034
3460,M,300.1,310.1,1183.0,47.5,61,0,5884.46,2897.5,10.0
3461,L,301.8,311.8,1466.0,36.0,51,0,5526.69,1836.0,10.0
3462,L,299.2,309.3,1473.0,40.2,125,0,6200.94,5025.0,10.100000000000023
3463,M,299.5,309.5,1509.0,35.4,77,0,5593.98,2725.7999999999997,10.0
3464,L,301.4,311.1,1443.0,50.8,51,0,7676.42,2590.7999999999997,9.700000000000045
3465,L,301.5,310.0,1656.0,37.9,42,0,6572.46,1591.8,8.5
3466,M,301.6,311.5,1393.0,34.9,95,0,5091.02,3315.5,9.899999999999977
3467,L,299.4,310.4,1700.0,49.5,137,0,8812.17,6781.5,11.0
3468,M,301.2,313.0,1648.0,32.2,65,0,5557.02,2093.0,11.800000000000011
3469,M,302.2,312.0,1781.0,41.5,70,0,7739.99,2905.0,9.800000000000011
3470,L,299.8,309.7,1848.0,29.5,192,0,5708.9,5664.0,9.899999999999977
3471,L,299.0,309.5,1849.0,46.5,100,0,9003.65,4650.0,10.5
3472,M,302.7,314.2,1325.0,48.0,14,0,6660.18,672.0,11.5
3473,M,298.7,308.2,1599.0,27.1,74,0,4537.81,2005.4,9.5
3474,M,301.3,312.0,1409.0,25.5,83,0,3762.53,2116.5,10.699999999999989
3475,M,299.9,309.1,2026.5,42.8,49,0,9082.78,2097.2,9.200000000000045
3476,M,296.3,306.6,1647.0,59.2,40,0,10210.43,2368.0,10.300000000000011
3477,H,302.3,313.2,1791.0,48.7,59,0,9133.84,2873.3,10.899999999999977
3478,L,294.5,303.85,1615.0,37.8,32,0,6392.83,1209.6,9.350000000000023
3479,L,296.0,305.5,1066.0,31.4,51,0,3505.22,1601.3999999999999,9.5
3480,L,301.1,312.0,1397.0,27.8,165,0,4066.96,4587.0,10.899999999999977
3481,L,301.1,311.7,1415.0,47.0,211,0,6964.39,9917.0,10.599999999999966
3482,L,298.7,309.8,1468.0,49.1,121,0,7548.07,5941.1,11.100000000000023
3483,L,300.3,311.1,1602.0,33.6,191,0,5636.77,6417.6,10.800000000000011
3484,H,294.9,304.6,1627.0,37.4,137,0,6372.18,5123.8,9.700000000000045
3485,L,301.4,313.6,1067.0,40.4,95,0,4514.13,3838.0,12.200000000000045
3486,L,300.5,310.6,1495.0,58.0,99,0,9080.25,5742.0,10.100000000000023
3487,L,299.9,306.9,1451.0,40.5,177,0,6153.91,7168.5,7.0
3488,L,300.0,309.8,1785.0,30.1,190,0,5626.44,5719.0,9.800000000000011
3489,L,301.0,310.5,1644.0,28.4,58,0,4889.32,1647.1999999999998,9.5
3490,L,299.9,310.7,1505.0,30.8,139,0,4854.18,4281.2,10.800000000000011
3491,L,296.3,305.8,1578.0,52.5,57,0,8675.51,2992.5,9.5
3492,M,304.4,315.5,1236.0,45.0,216,0,5824.51,9720.0,11.100000000000023
3493,M,302.4,313.0,1656.0,36.5,8,0,6329.68,292.0,10.600000000000023
3494,M,297.4,306.4,1467.0,13.34999999999999,176,0,2050.88,2349.5999999999985,9.0
3495,M,299.3,309.2,1393.0,31.4,188,0,4580.46,5903.2,9.899999999999977
3496,L,299.5,308.8,1773.0,43.3,80,0,8039.43,3464.0,9.300000000000011
3497,M,302.2,312.3,1586.0,43.4,205,0,7208.11,8897.0,10.100000000000023
3498,M,295.7,304.9,1418.0,43.3,215,0,6429.73,9309.5,9.199999999999989
3499,L,299.0,309.1,1429.0,26.5,104,0,3965.58,2756.0,10.100000000000023
3500,M,296.5,306.2,1603.0,41.7,50,0,7000.0,2085.0,9.699999999999989
3501,L,299.4,309.3,1589.0,30.2,172,0,5025.27,5194.4,9.900000000000034
3502,M,299.1,311.1,1543.0,39.9,66,0,6447.15,2633.4,12.0
3503,H,300.2,309.8,1322.0,32.3,113,0,4471.6,3649.8999999999996,9.600000000000023
3504,L,298.8,306.9,1349.0,50.6,104,1,7148.11,5262.400000000001,8.099999999999966
3505,M,298.5,309.5,1404.0,43.3,79,0,6366.25,3420.7,11.0
3506,M,301.2,312.2,1502.0,38.5,17,0,6055.63,654.5,11.0
3507,H,300.9,308.9,1530.0,53.6,230,0,8587.86,12328.0,8.0
3508,L,301.1,310.4,1509.0,36.2,188,0,5720.4,6805.6,9.299999999999955
3509,M,299.6,310.1,1517.0,25.8,177,0,4098.58,4566.6,10.5
3510,L,298.9,309.4,1874.0,50.4,141,0,9890.74,7106.4,10.5
3511,L,299.8,309.8,1690.0,42.4,137,0,7503.8,5808.8,10.0
3512,L,301.0,311.0,1750.0,36.7,201,0,6725.63,7376.700000000001,10.0
3513,H,295.6,304.7,1621.0,33.5,133,0,5686.65,4455.5,9.099999999999966
3514,M,300.8,308.4,1550.0,45.0,2,0,7304.2,90.0,7.599999999999966
3515,M,300.6,312.7,1611.0,48.0,112,0,8097.77,5376.0,12.099999999999966
3516,H,300.1,309.2,1578.0,32.3,85,0,5337.5,2745.4999999999995,9.099999999999966
3517,L,299.7,309.9,1682.0,45.5,129,0,8014.31,5869.5,10.199999999999989
3518,L,294.9,304.7,1363.0,42.4,230,0,6051.88,9752.0,9.800000000000011
3519,L,299.1,310.0,1667.0,31.6,75,0,5516.34,2370.0,10.899999999999977
3520,L,303.6,313.7,1567.0,39.9,120,0,6547.42,4788.0,10.099999999999966
3521,L,300.0,310.2,1214.0,34.5,128,0,4385.98,4416.0,10.199999999999989
3522,L,299.4,306.8,1553.0,52.3,179,0,8505.54,9361.699999999999,7.400000000000034
3523,L,300.0,309.2,1304.0,33.4,100,0,4560.92,3340.0,9.199999999999989
3524,L,300.7,311.5,1442.0,54.9,140,0,8290.22,7686.0,10.800000000000011
3525,L,301.3,312.0,1509.0,41.2,31,0,6510.51,1277.2,10.699999999999989
3526,L,299.5,308.6,1268.0,22.5,152,0,2987.65,3420.0,9.100000000000023
3527,H,300.8,309.3,1528.0,18.3,242,0,2928.22,4428.6,8.5
3528,M,303.4,313.5,1550.0,37.8,165,0,6135.53,6236.999999999999,10.100000000000023
3529,H,302.0,309.1,1673.0,53.2,132,0,9320.44,7022.400000000001,7.100000000000023
3530,L,304.7,313.5,1456.0,52.2,100,0,7959.04,5220.0,8.800000000000011
3531,L,298.7,310.4,1587.0,41.6,145,0,6913.51,6032.0,11.699999999999989
3532,M,303.4,314.8,1520.0,32.6,137,0,5189.07,4466.2,11.400000000000034
3533,L,298.4,308.9,1463.0,35.7,180,0,5469.42,6426.000000000001,10.5
3534,L,300.7,311.0,1238.0,42.0,210,0,5445.01,8820.0,10.300000000000011
3535,L,301.5,309.5,1518.0,50.7,161,0,8059.5,8162.700000000001,8.0
3536,L,299.0,308.2,1671.0,45.6,29,0,7979.39,1322.4,9.199999999999989
3537,L,300.2,309.9,1370.0,49.5,159,0,7101.57,7870.5,9.699999999999989
3538,L,301.8,311.1,1499.0,46.3,138,0,7267.94,6389.4,9.300000000000011
3539,M,298.6,308.2,1525.0,49.3,85,0,7873.09,4190.5,9.599999999999966
3540,L,303.3,314.6,1735.0,17.4,157,0,3161.38,2731.7999999999997,11.300000000000011
3541,L,297.2,306.7,1543.0,31.0,0,0,5009.06,0.0,9.5
3542,M,303.9,313.5,1589.0,28.9,5,0,4808.95,144.5,9.600000000000023
3543,L,302.0,312.7,1536.0,27.9,77,0,4487.7,2148.2999999999997,10.699999999999989
3544,L,299.8,308.4,1449.0,40.0,183,0,6069.56,7320.0,8.599999999999966
3545,M,299.2,308.4,1334.0,25.5,194,0,3562.25,4947.0,9.199999999999989
3546,L,299.0,308.2,1486.0,30.5,57,0,4746.21,1738.5,9.199999999999989
3547,L,299.7,309.8,1608.0,38.9,230,0,6550.35,8947.0,10.100000000000023
3548,L,299.9,309.6,1560.0,23.9,206,0,3904.37,4923.4,9.700000000000045
3549,L,302.5,312.2,1802.0,35.1,94,0,6623.55,3299.4,9.699999999999989
3550,L,303.9,313.3,1707.0,46.3,123,0,8276.43,5694.9,9.400000000000034
3551,M,300.4,309.3,1760.0,27.7,146,0,5105.3,4044.2,8.900000000000034
3552,L,298.3,308.9,1174.0,47.8,188,0,5876.58,8986.4,10.599999999999966
3553,L,298.9,308.6,1820.0,31.9,61,0,6079.82,1945.8999999999999,9.700000000000045
3554,L,299.6,310.3,1585.0,42.6,213,0,7070.78,9073.800000000001,10.699999999999989
3555,L,297.9,306.8,1611.0,28.9,70,0,4875.53,2023.0,8.900000000000034
3556,M,297.6,307.0,1698.0,44.4,218,1,7894.95,9679.199999999999,9.399999999999977
3557,L,304.2,314.0,1541.0,36.9,162,0,5954.67,5977.8,9.800000000000011
3558,L,300.6,310.5,1346.0,44.5,170,0,6272.4,7565.0,9.899999999999977
3559,L,298.3,309.1,1797.0,34.5,4,0,6492.26,138.0,10.800000000000011
3560,L,301.6,311.2,1400.0,45.4,127,0,6655.99,5765.8,9.599999999999966
3561,L,297.6,308.4,1361.0,48.3,45,0,6883.89,2173.5,10.799999999999955
3562,M,297.8,308.2,1496.0,41.1,34,0,6438.76,1397.4,10.399999999999977
3563,L,298.4,308.3,1468.0,35.1,99,0,5395.87,3474.9,9.900000000000034
3564,L,303.3,312.4,1538.0,37.6,100,0,6055.82,3760.0,9.099999999999966
3565,L,299.5,310.3,1520.0,27.3,123,0,4345.45,3357.9,10.800000000000011
3566,M,295.1,304.2,1779.0,41.9,214,0,7805.82,8966.6,9.099999999999966
3567,L,302.4,312.4,1620.0,46.1,163,0,7820.68,7514.3,10.0
3568,M,299.4,309.3,1384.0,55.5,3,0,8043.73,166.5,9.900000000000034
3569,M,296.3,306.1,1409.0,52.9,188,0,7805.4,9945.199999999999,9.800000000000011
3570,M,299.4,309.0,1468.0,30.2,1,0,4642.6,30.2,9.600000000000023
3571,L,301.0,310.2,1469.0,42.0,100,0,6461.0,4200.0,9.199999999999989
3572,L,300.8,309.2,1445.0,38.6,162,0,5840.95,6253.2,8.399999999999977
3573,M,303.6,315.0,1340.0,52.0,45,0,7296.87,2340.0,11.399999999999977
3574,H,298.3,307.8,1589.0,32.8,3,0,5457.91,98.39999999999999,9.5
3575,M,300.1,310.0,1456.0,48.6,127,0,7410.14,6172.2,9.899999999999977
3576,L,298.6,308.5,1367.0,30.1,187,0,4308.87,5628.7,9.899999999999977
3577,L,296.9,308.0,1624.0,38.8,47,0,6598.52,1823.6,11.100000000000023
3578,L,301.8,313.7,1689.0,31.1,119,0,5500.71,3700.9,11.899999999999977
3579,M,300.9,311.1,1494.0,20.3,3,0,3175.96,60.900000000000006,10.200000000000045
3580,L,300.6,310.4,1856.0,30.9,197,0,6005.72,6087.299999999999,9.799999999999955
3581,L,300.9,309.7,1934.0,37.3,50,0,7554.29,1864.9999999999998,8.800000000000011
3582,M,298.6,307.2,1626.0,54.1,16,0,9211.84,865.6,8.599999999999966
3583,L,298.0,306.2,1454.0,29.1,3,0,4430.84,87.30000000000001,8.199999999999989
3584,M,300.1,309.3,1586.0,33.9,85,0,5630.3,2881.5,9.199999999999989
3585,L,302.3,310.2,1318.0,25.6,184,1,3533.33,4710.400000000001,7.899999999999977
3586,L,303.2,314.3,1381.0,51.4,212,0,7433.36,10896.8,11.100000000000023
3587,L,301.6,312.0,1236.0,35.3,203,0,4569.01,7165.9,10.399999999999977
3588,M,300.1,309.8,1425.0,36.5,134,0,5446.74,4891.0,9.699999999999989
3589,L,300.5,311.6,1317.0,36.4,175,0,5020.14,6370.0,11.100000000000023
3590,L,300.0,309.0,1649.0,20.5,91,0,3540.0,1865.5,9.0
3591,H,297.9,307.1,1403.0,25.3,237,0,3717.12,5996.1,9.200000000000045
3592,L,300.0,308.1,1587.0,30.4,76,0,5052.18,2310.4,8.100000000000023
3593,L,297.3,308.1,1671.0,46.0,234,0,8049.39,10764.0,10.800000000000011
3594,L,299.8,308.9,1747.0,15.0,234,1,2744.18,3510.0,9.099999999999966
3595,L,303.3,313.3,1474.0,45.3,160,0,6992.37,7248.0,10.0
3596,M,301.6,312.6,1593.0,43.3,231,0,7223.24,10002.3,11.0
3597,L,298.2,309.5,1599.0,21.8,76,0,3650.34,1656.8,11.300000000000011
3598,L,299.9,309.8,1765.0,36.7,195,0,6783.27,7156.500000000001,9.900000000000034
3599,L,298.3,308.7,1678.0,51.5,127,0,9049.57,6540.5,10.399999999999977
3600,M,299.9,309.0,1771.0,29.2,183,0,5415.39,5343.599999999999,9.100000000000023
3601,L,302.1,313.8,1240.0,34.4,24,0,4466.93,825.5999999999999,11.699999999999989
3602,L,301.3,311.1,1419.0,66.55000000000001,242,1,9889.15,16105.100000000002,9.800000000000011
3603,L,305.0,315.0,1722.0,43.1,83,0,7772.11,3577.3,10.0
3604,L,302.4,312.0,1641.0,37.3,101,0,6409.82,3767.2999999999997,9.600000000000023
3605,L,300.4,311.6,1515.0,35.1,162,0,5568.63,5686.2,11.200000000000045
3606,L,301.4,311.6,1453.0,43.6,72,0,6634.08,3139.2000000000003,10.200000000000045
3607,M,299.6,310.4,1679.0,46.7,242,0,8211.0,11301.400000000001,10.799999999999955
3608,L,297.7,308.1,1183.0,18.4,93,0,2279.46,1711.1999999999998,10.400000000000034
3609,H,302.6,312.4,1679.0,17.7,166,0,3112.09,2938.2,9.799999999999955
3610,H,302.0,312.9,1554.0,30.0,22,0,4882.03,660.0,10.899999999999977
3611,L,299.5,309.9,1450.0,38.4,138,0,5830.8,5299.2,10.399999999999977
3612,L,300.5,309.6,1627.0,40.7,78,0,6934.43,3174.6000000000004,9.100000000000023
3613,L,302.5,311.5,1468.0,22.9,238,0,3520.38,5450.2,9.0
3614,M,301.7,311.8,1543.0,37.9,116,0,6123.98,4396.4,10.100000000000023
3615,L,297.1,308.0,1529.0,39.2,21,0,6276.57,823.2,10.899999999999977
3616,L,300.5,312.1,1671.0,31.4,80,0,5494.58,2512.0,11.600000000000023
3617,L,299.7,307.9,1566.0,34.6,174,0,5674.09,6020.400000000001,8.199999999999989
3618,M,302.2,312.3,1196.0,32.7,11,0,4095.51,359.70000000000005,10.100000000000023
3619,M,302.1,312.6,1288.0,44.5,242,0,6002.12,10769.0,10.5
3620,L,302.6,312.9,1343.0,40.0,162,0,5625.55,6480.0,10.299999999999955
3621,M,297.8,308.8,1619.0,28.5,33,0,4831.93,940.5,11.0
3622,L,298.4,309.1,1637.0,49.4,128,0,8468.46,6323.2,10.700000000000045
3623,L,302.2,311.2,1836.0,26.3,248,0,5056.58,6522.400000000001,9.0
3624,M,298.8,307.8,1356.0,22.8,159,0,3237.6,3625.2000000000003,9.0
3625,L,297.0,307.3,1772.0,37.5,131,0,6958.63,4912.5,10.300000000000011
3626,L,301.1,312.1,1191.0,37.4,151,0,4664.57,5647.4,11.0
3627,L,298.9,309.0,1541.0,40.6,198,0,6551.75,8038.8,10.100000000000023
3628,M,303.6,312.0,1581.0,28.1,75,0,4652.29,2107.5,8.399999999999977
3629,M,300.6,309.5,1581.0,48.8,149,0,8079.42,7271.2,8.899999999999977
3630,M,300.3,311.0,1482.0,57.0,240,1,8846.1,13680.0,10.699999999999989
3631,M,299.3,308.9,1559.0,39.7,162,0,6481.35,6431.400000000001,9.599999999999966
3632,L,303.2,313.3,1316.0,43.0,212,0,5925.88,9116.0,10.100000000000023
3633,L,300.7,311.8,1692.0,18.8,156,0,3331.09,2932.8,11.100000000000023
3634,L,299.2,308.0,1582.0,35.6,112,0,5897.73,3987.2000000000003,8.800000000000011
3635,L,298.4,308.0,1602.0,33.0,144,0,5536.11,4752.0,9.600000000000023
3636,L,299.9,309.3,1488.0,31.4,155,0,4892.84,4867.0,9.400000000000034
3637,H,298.0,308.4,1479.0,33.4,233,0,5173.01,7782.2,10.399999999999977
3638,L,302.1,312.8,1631.0,34.3,46,0,5858.37,1577.8,10.699999999999989
3639,L,296.4,304.9,1822.0,25.4,168,0,4846.3,4267.2,8.5
3640,L,299.7,309.7,1288.0,35.0,16,0,4720.77,560.0,10.0
3641,L,301.2,312.1,1279.0,29.5,3,0,3951.13,88.5,10.900000000000034
3642,H,300.7,308.8,1585.0,47.8,247,1,7933.88,11806.599999999999,8.100000000000023
3643,L,298.6,308.5,1478.0,43.2,40,0,6686.31,1728.0,9.899999999999977
3644,L,301.3,310.1,1560.0,43.2,133,0,7057.27,5745.6,8.800000000000011
3645,M,298.2,307.6,1533.0,49.6,206,0,7962.56,10217.6,9.400000000000034
3646,L,300.0,307.5,1649.0,31.7,171,0,5474.05,5420.7,7.5
3647,L,301.3,312.7,1486.0,42.6,151,0,6629.14,6432.6,11.399999999999977
3648,L,300.9,310.6,1321.0,50.6,53,0,6999.74,2681.8,9.700000000000045
3649,L,298.6,307.8,1396.0,31.0,199,0,4531.85,6169.0,9.199999999999989
3650,H,302.4,312.7,1509.0,19.7,246,0,3113.04,4846.2,10.300000000000011
3651,M,300.2,309.1,1313.0,33.0,104,0,4537.4,3432.0,8.900000000000034
3652,L,301.5,310.3,1531.0,49.4,90,0,7920.1,4446.0,8.800000000000011
3653,M,303.1,314.6,1548.0,30.4,126,0,4928.03,3830.3999999999996,11.5
3654,L,302.2,314.0,1473.0,35.3,30,0,5445.1,1059.0,11.800000000000011
3655,L,302.2,311.6,1575.0,32.1,8,0,5294.37,256.8,9.400000000000034
3656,L,300.4,311.5,1249.0,38.0,209,0,4970.21,7942.0,11.100000000000023
3657,L,301.6,311.9,1367.0,29.5,52,0,4222.98,1534.0,10.299999999999955
3658,L,300.4,309.0,1333.0,25.1,123,1,3503.74,3087.3,8.600000000000023
3659,M,297.6,306.7,1695.0,35.5,1,0,6301.25,35.5,9.099999999999966
3660,H,300.6,312.2,1950.0,37.2,213,0,7596.37,7923.6,11.599999999999966
3661,L,300.5,309.1,1380.0,51.0,147,0,7370.18,7497.0,8.600000000000023
3662,L,301.2,313.4,1495.0,40.6,119,0,6356.17,4831.400000000001,12.199999999999989
3663,L,299.7,309.2,1413.0,28.2,105,0,4172.73,2961.0,9.5
3664,L,298.5,310.1,1577.0,32.6,3,0,5383.66,97.80000000000001,11.600000000000023
3665,L,301.3,311.0,1429.0,47.0,229,0,7033.29,10763.0,9.699999999999989
3666,L,297.4,308.2,1588.0,35.7,171,0,5936.73,6104.700000000001,10.800000000000011
3667,M,302.9,314.3,1657.0,29.0,61,0,5032.1,1769.0,11.400000000000034
3668,L,299.5,310.9,1318.0,40.7,12,0,5617.44,488.40000000000003,11.399999999999977
3669,L,300.5,309.9,1586.0,32.0,112,0,5314.74,3584.0,9.399999999999977
3670,L,301.1,310.3,1216.0,44.7,147,0,5692.06,6570.900000000001,9.199999999999989
3671,L,301.2,311.1,1492.0,43.5,179,0,6796.52,7786.5,9.900000000000034
3672,L,297.2,305.9,1480.0,28.5,133,0,4417.08,3790.5,8.699999999999989
3673,M,301.6,311.9,1496.0,57.7,142,0,9039.33,8193.4,10.299999999999955
3674,L,300.6,309.8,1482.0,38.7,199,0,6006.03,7701.3,9.199999999999989
3675,M,298.7,309.8,1449.0,13.4,63,0,2033.3,844.2,11.100000000000023
3676,L,298.5,307.9,1490.0,43.7,93,0,6818.62,4064.1000000000004,9.399999999999977
3677,L,299.3,307.6,1580.0,14.0,163,0,2316.4,2282.0,8.300000000000011
3678,L,297.4,308.8,1585.0,50.3,163,0,8348.83,8198.9,11.400000000000034
3679,M,303.4,313.6,1558.0,40.5,130,0,6607.71,5265.0,10.200000000000045
3680,L,303.0,313.0,1435.0,38.4,90,0,5770.48,3456.0,10.0
3681,M,300.9,312.0,1731.0,39.1,221,0,7087.65,8641.1,11.100000000000023
3682,L,299.6,310.4,1811.0,44.9,122,0,8515.17,5477.8,10.799999999999955
3683,M,299.6,308.8,1307.0,34.3,220,0,4694.6,7545.999999999999,9.199999999999989
3684,L,301.5,311.1,1567.0,39.0,207,0,6399.74,8073.0,9.600000000000023
3685,M,303.5,312.4,1454.0,40.2,39,0,6120.95,1567.8000000000002,8.899999999999977
3686,L,298.9,307.4,1703.0,13.34999999999999,165,0,2380.81,2202.7499999999986,8.5
3687,H,297.8,308.3,1535.0,45.0,211,0,7233.52,9495.0,10.5
3688,L,303.1,313.5,1547.0,46.7,44,0,7565.47,2054.8,10.399999999999977
3689,L,296.4,307.2,1626.0,43.6,189,0,7423.96,8240.4,10.800000000000011
3690,L,298.0,309.3,1484.0,42.9,207,0,6666.84,8880.3,11.300000000000011
3691,M,299.5,310.3,1838.0,55.0,212,0,10586.12,11660.0,10.800000000000011
3692,L,296.9,307.7,1629.0,38.6,209,0,6584.72,8067.400000000001,10.800000000000011
3693,M,302.2,310.1,1704.0,39.0,104,0,6959.26,4056.0,7.900000000000034
3694,L,301.7,311.4,1498.0,32.6,119,0,5113.97,3879.4,9.699999999999989
3695,L,298.9,309.8,1516.0,20.0,94,0,3175.1,1880.0,10.900000000000034
3696,L,302.6,311.4,1683.0,43.6,65,0,7684.21,2834.0,8.799999999999955
3697,H,302.9,313.0,1665.0,33.6,23,0,5858.44,772.8000000000001,10.100000000000023
3698,M,299.8,310.3,1314.0,19.9,5,0,2738.27,99.5,10.5
3699,H,299.1,309.5,1560.0,38.3,125,0,6256.8,4787.5,10.399999999999977
3700,L,304.5,314.9,1622.0,38.0,237,0,6454.51,9006.0,10.399999999999977
3701,M,301.4,312.0,1514.0,36.8,80,0,5834.48,2944.0,10.600000000000023
3702,M,300.5,310.7,1605.0,40.4,89,0,6790.24,3595.6,10.199999999999989
3703,L,302.7,311.3,1522.0,23.5,238,0,3745.51,5593.0,8.600000000000023
3704,M,300.6,311.1,1135.0,48.9,243,0,5812.1,11882.699999999999,10.5
3705,H,299.0,309.3,1303.0,43.4,228,0,5921.92,9895.199999999999,10.300000000000011
3706,M,300.2,308.7,1712.0,51.4,129,0,9215.0,6630.599999999999,8.5
3707,M,302.1,313.5,1494.0,33.5,25,0,5241.12,837.5,11.399999999999977
3708,L,296.0,306.5,1571.0,43.3,43,0,7123.49,1861.8999999999999,10.5
3709,L,299.4,308.0,1537.0,20.4,228,0,3283.47,4651.2,8.600000000000023
3710,H,302.8,311.9,1390.0,30.8,0,0,4483.26,0.0,9.099999999999966
3711,L,299.0,308.4,1454.0,25.4,129,0,3867.47,3276.6,9.399999999999977
3712,M,303.1,312.5,1596.0,41.6,224,0,6952.72,9318.4,9.399999999999977
3713,M,302.8,313.1,1615.0,28.1,10,0,4752.34,281.0,10.300000000000011
3714,M,299.9,308.9,1929.0,34.7,157,0,7009.55,5447.900000000001,9.0
3715,H,298.9,310.0,1452.0,39.0,33,0,5930.07,1287.0,11.100000000000023
3716,L,299.4,310.5,1837.0,35.0,60,0,6732.96,2100.0,11.100000000000023
3717,L,305.3,315.9,1383.0,25.9,90,0,3751.03,2331.0,10.599999999999966
3718,L,303.7,313.8,1625.0,55.4,106,0,9427.4,5872.4,10.100000000000023
3719,L,300.3,311.2,1569.0,40.2,161,0,6605.07,6472.200000000001,10.899999999999977
3720,L,298.8,308.5,1515.0,55.5,198,0,8805.1,10989.0,9.699999999999989
3721,L,300.2,309.5,1536.0,28.8,102,0,4632.47,2937.6,9.300000000000011
3722,M,300.5,311.7,1426.0,35.3,230,0,5271.36,8118.999999999999,11.199999999999989
3723,H,297.5,307.8,1699.0,39.9,1,0,7098.96,39.9,10.300000000000011
3724,L,300.2,309.5,1387.0,54.3,63,0,7886.87,3420.8999999999996,9.300000000000011
3725,L,302.6,312.2,1594.0,55.5,93,0,9264.24,5161.5,9.599999999999966
3726,H,296.4,305.7,1673.0,34.7,239,0,6079.31,8293.300000000001,9.300000000000011
3727,L,301.7,313.7,1785.0,31.8,130,0,5944.21,4134.0,12.0
3728,L,302.7,312.8,1711.0,39.0,126,0,6987.84,4914.0,10.100000000000023
3729,L,298.9,309.0,1640.0,51.0,193,0,8758.76,9843.0,10.100000000000023
3730,L,303.4,314.1,1423.0,40.4,157,0,6020.25,6342.8,10.700000000000045
3731,L,298.6,307.4,1397.0,42.2,100,0,6173.59,4220.0,8.799999999999955
3732,H,300.9,312.0,1334.0,50.9,220,0,7110.53,11198.0,11.100000000000023
3733,L,299.4,308.8,1317.0,49.3,162,0,6799.25,7986.599999999999,9.400000000000034
3734,L,299.4,311.2,1537.0,49.7,121,0,7999.43,6013.700000000001,11.800000000000011
3735,L,298.8,308.5,1407.0,46.1,229,0,6792.41,10556.9,9.699999999999989
3736,L,301.4,312.4,1752.0,53.4,149,0,9797.25,7956.599999999999,11.0
3737,M,301.7,309.2,1434.0,27.8,228,0,4174.67,6338.400000000001,7.5
3738,M,299.9,308.7,1554.0,62.3,81,0,10138.36,5046.3,8.800000000000011
3739,M,297.3,307.0,1490.0,50.5,61,0,7879.64,3080.5,9.699999999999989
3740,L,300.8,308.8,1286.0,38.3,231,1,5157.85,8847.3,8.0
3741,H,300.8,311.4,1733.0,51.0,108,0,9255.45,5508.0,10.599999999999966
3742,M,299.6,309.9,1662.0,36.4,53,0,6335.21,1929.1999999999998,10.299999999999955
3743,M,303.7,312.7,1683.0,44.6,225,0,7860.45,10035.0,9.0
3744,L,296.9,306.9,1644.0,45.8,187,0,7884.89,8564.6,10.0
3745,L,295.6,306.4,1402.0,48.5,236,1,7120.63,11446.0,10.799999999999955
3746,L,298.5,306.4,1405.0,35.3,112,0,5193.73,3953.5999999999995,7.899999999999977
3747,M,301.4,310.1,1618.0,48.7,37,0,8251.56,1801.9,8.700000000000045
3748,L,297.9,307.6,1814.0,35.5,29,0,6743.64,1029.5,9.700000000000045
3749,L,298.0,308.1,1607.0,47.2,129,0,7943.04,6088.8,10.100000000000023
3750,M,301.9,311.8,1713.0,39.7,19,0,7121.58,754.3000000000001,9.900000000000034
3751,M,300.9,311.8,1443.0,21.7,171,0,3279.1,3710.7,10.900000000000034
3752,H,300.8,311.2,1734.0,32.6,207,0,5919.64,6748.200000000001,10.399999999999977
3753,L,301.6,312.3,1462.0,48.3,67,0,7394.74,3236.1,10.699999999999989
3754,M,299.1,307.8,1580.0,36.9,111,0,6105.37,4095.8999999999996,8.699999999999989
3755,L,299.2,309.4,1472.0,52.0,204,0,8015.67,10608.0,10.199999999999989
3756,L,301.6,311.3,1697.0,27.8,205,0,4940.32,5699.0,9.699999999999989
3757,L,297.3,308.8,1699.0,46.8,8,0,8326.6,374.4,11.5
3758,L,295.7,305.9,1273.0,39.4,235,0,5252.34,9259.0,10.199999999999989
3759,L,299.1,308.5,1775.0,37.4,141,0,6951.82,5273.4,9.399999999999977
3760,M,301.9,312.7,1963.0,28.2,10,0,5796.93,282.0,10.800000000000011
3761,L,300.5,311.1,1474.0,42.0,249,0,6482.99,10458.0,10.600000000000023
3762,M,301.7,310.9,1515.0,29.9,9,0,4743.65,269.09999999999997,9.199999999999989
3763,L,296.0,305.6,1759.0,33.6,221,0,6189.19,7425.6,9.600000000000023
3764,L,300.6,310.3,1549.0,38.5,198,0,6245.12,7623.0,9.699999999999989
3765,L,301.3,312.5,1537.0,36.3,56,0,5842.64,2032.7999999999997,11.199999999999989
3766,L,297.3,307.5,1877.0,50.1,5,0,9847.6,250.5,10.199999999999989
3767,L,301.7,312.5,1295.0,14.1,144,0,1912.13,2030.3999999999999,10.800000000000011
3768,L,299.8,309.3,1396.0,38.1,12,0,5569.79,457.20000000000005,9.5
3769,L,305.5999999999999,316.25000000000006,1612.0,36.3,58,0,6127.74,2105.3999999999996,10.650000000000148
3770,L,295.6,306.9,1248.0,39.8,46,0,5201.47,1830.8,11.299999999999955
3771,L,302.7,312.4,1471.0,34.5,249,0,5314.48,8590.5,9.699999999999989
3772,H,299.2,309.3,1469.0,50.1,123,0,7707.05,6162.3,10.100000000000023
3773,L,296.8,305.4,1710.0,37.3,119,0,6679.34,4438.7,8.599999999999966
3774,M,298.9,308.2,1662.0,41.2,3,0,7170.62,123.60000000000001,9.300000000000011
3775,M,300.6,310.2,1236.0,48.8,25,0,6316.36,1220.0,9.599999999999966
3776,H,302.1,311.0,1413.0,40.4,31,0,5977.95,1252.3999999999999,8.899999999999977
3777,M,303.4,314.8,1414.0,27.3,183,0,4042.41,4995.900000000001,11.400000000000034
3778,L,302.8,312.0,1499.0,35.7,194,0,5604.0,6925.8,9.199999999999989
3779,M,298.1,308.9,1341.0,38.7,138,0,5434.61,5340.6,10.799999999999955
3780,M,302.3,312.4,1618.0,23.5,117,0,3981.76,2749.5,10.099999999999966
3781,L,300.8,310.8,1413.0,32.8,211,0,4853.38,6920.799999999999,10.0
3782,L,298.7,310.2,1643.0,39.2,185,0,6744.54,7252.000000000001,11.5
3783,L,299.6,307.3,1537.0,59.9,51,0,9641.16,3054.9,7.699999999999989
3784,M,298.6,308.4,1363.0,43.6,156,0,6223.16,6801.6,9.799999999999955
3785,M,300.1,309.0,1786.0,41.5,129,0,7761.72,5353.5,8.899999999999977
3786,L,298.5,306.6,1791.0,56.7,234,1,10634.26,13267.800000000001,8.100000000000023
3787,L,297.9,306.7,1589.0,45.8,195,0,7621.11,8931.0,8.800000000000011
3788,L,301.0,311.0,1495.0,47.2,223,0,7389.44,10525.6,10.0
3789,L,301.3,310.5,1348.0,35.8,48,0,5053.61,1718.3999999999999,9.199999999999989
3790,H,299.6,310.5,1729.0,27.3,112,0,4942.95,3057.6,10.899999999999977
3791,L,302.7,312.5,1685.0,42.5,148,0,7499.24,6290.0,9.800000000000011
3792,L,299.5,309.2,1392.0,58.0,16,0,8454.65,928.0,9.699999999999989
3793,L,299.4,309.1,1415.0,55.0,108,0,8149.81,5940.0,9.700000000000045
3794,M,301.3,311.2,1619.0,46.5,204,1,7883.67,9486.0,9.899999999999977
3795,L,299.7,309.3,1327.0,33.1,95,0,4599.68,3144.5,9.600000000000023
3796,M,300.2,309.3,1426.0,24.5,242,0,3658.59,5929.0,9.100000000000023
3797,L,295.0,305.9,1351.0,31.7,130,0,4484.8,4121.0,10.899999999999977
3798,L,300.0,309.4,1357.0,42.1,41,0,5982.61,1726.1000000000001,9.399999999999977
3799,L,296.3,306.0,1409.0,35.2,175,0,5193.76,6160.000000000001,9.699999999999989
3800,L,297.6,308.0,1700.0,49.9,115,0,8883.38,5738.5,10.399999999999977
3801,L,297.3,307.6,1223.0,25.1,94,0,3214.61,2359.4,10.300000000000011
3802,H,297.9,307.0,1615.0,38.6,158,0,6528.12,6098.8,9.100000000000023
3803,M,298.9,309.7,1584.0,32.3,125,0,5357.8,4037.4999999999995,10.800000000000011
3804,H,299.0,309.6,1711.0,49.8,128,0,8922.94,6374.4,10.600000000000023
3805,L,301.3,311.5,1584.0,45.3,91,0,7514.19,4122.3,10.199999999999989
3806,H,300.4,310.0,1470.0,31.6,86,0,4864.44,2717.6,9.600000000000023
3807,L,296.2,305.8,1392.0,48.4,115,0,7055.26,5566.0,9.600000000000023
3808,L,300.2,310.0,1715.0,23.7,246,0,4256.39,5830.2,9.800000000000011
3809,L,300.6,309.4,1626.0,22.1,68,0,3763.06,1502.8000000000002,8.799999999999955
3810,L,299.3,309.3,1449.0,31.1,0,0,4719.08,0.0,10.0
3811,M,299.9,310.8,1700.0,20.2,79,0,3596.08,1595.8,10.900000000000034
3812,L,300.4,311.3,1458.0,38.8,202,1,5924.04,7837.599999999999,10.900000000000034
3813,L,301.5,311.1,1537.0,39.1,35,0,6293.31,1368.5,9.600000000000023
3814,M,296.9,307.9,1429.0,35.9,100,0,5372.24,3590.0,11.0
3815,L,299.5,311.4,1633.0,45.3,79,0,7746.63,3578.7,11.899999999999977
3816,L,303.0,312.7,1360.0,32.7,186,0,4657.1,6082.200000000001,9.699999999999989
3817,L,302.8,313.5,1484.0,27.0,60,0,4195.91,1620.0,10.699999999999989
3818,M,301.7,309.4,1420.0,32.0,75,0,4758.47,2400.0,7.699999999999989
3819,M,301.1,309.8,1585.0,27.7,221,0,4597.67,6121.7,8.699999999999989
3820,L,303.3,313.4,1607.0,33.8,235,0,5688.02,7942.999999999999,10.099999999999966
3821,L,303.8,312.8,1340.0,45.8,3,0,6426.86,137.39999999999998,9.0
3822,L,299.7,311.8,1610.0,22.4,118,0,3776.61,2643.2,12.100000000000023
3823,M,298.1,308.7,1273.0,36.5,48,0,4865.75,1752.0,10.599999999999966
3824,L,299.5,310.4,1930.0,49.4,40,0,9984.19,1976.0,10.899999999999977
3825,L,305.5999999999999,316.2,1446.0,50.6,229,1,7662.09,11587.4,10.60000000000008
3826,L,296.9,305.9,1725.0,33.1,187,0,5979.24,6189.7,9.0
3827,L,299.1,308.5,1574.0,61.9,199,1,10202.91,12318.1,9.399999999999977
3828,L,297.2,307.4,1581.0,29.4,199,0,4867.52,5850.599999999999,10.199999999999989
3829,M,300.2,309.6,1329.0,37.6,120,0,5232.89,4512.0,9.400000000000034
3830,L,297.6,308.3,1688.0,28.2,20,0,4984.83,564.0,10.699999999999989
3831,L,299.8,310.5,1546.0,44.2,39,0,7155.84,1723.8000000000002,10.699999999999989
3832,M,296.1,306.1,1622.0,66.55000000000001,199,1,11303.88,13243.450000000003,10.0
3833,M,301.2,309.4,1521.0,58.3,92,0,9285.95,5363.599999999999,8.199999999999989
3834,L,302.4,314.2,1561.0,48.3,78,0,7895.48,3767.3999999999996,11.800000000000011
3835,L,299.2,309.0,1379.0,33.8,77,0,4881.01,2602.6,9.800000000000011
3836,L,299.7,312.4,1510.0,38.2,101,0,6040.44,3858.2000000000003,12.699999999999989
3837,H,299.7,310.3,1462.0,51.0,201,0,7808.11,10251.0,10.600000000000023
3838,L,300.4,310.2,1411.0,47.4,218,0,7003.8,10333.199999999999,9.800000000000011
3839,H,299.9,310.4,1562.0,40.7,167,0,6657.39,6796.900000000001,10.5
3840,M,301.5,309.5,1603.0,41.3,244,1,6932.86,10077.199999999999,8.0
3841,L,302.5,313.5,1582.0,50.4,154,0,8349.6,7761.599999999999,11.0
3842,L,298.4,310.9,1519.0,52.9,169,0,8414.77,8940.1,12.5
3843,L,299.4,307.3,1611.0,25.0,103,0,4217.59,2575.0,7.900000000000034
3844,L,301.8,311.5,1581.0,42.2,249,0,6986.71,10507.800000000001,9.699999999999989
3845,L,297.2,307.1,1555.0,45.7,125,0,7441.75,5712.5,9.900000000000034
3846,M,296.1,306.9,1567.0,34.6,226,0,5677.72,7819.6,10.799999999999955
3847,H,300.5,312.6,1749.0,52.6,163,0,9633.95,8573.800000000001,12.100000000000023
3848,L,301.0,311.4,1322.0,37.0,138,0,5122.26,5106.0,10.399999999999977
3849,M,298.6,310.7,1480.0,52.9,76,0,8198.72,4020.4,12.099999999999966
3850,L,298.8,309.0,1598.0,36.2,34,0,6057.79,1230.8000000000002,10.199999999999989
3851,L,298.5,308.9,1254.0,42.5,244,0,5581.04,10370.0,10.399999999999977
3852,L,298.3,308.6,1785.0,42.3,84,0,7906.92,3553.2,10.300000000000011
3853,M,301.4,312.6,1583.0,56.5,36,0,9366.08,2034.0,11.200000000000045
3854,H,297.6,307.2,1709.0,47.3,235,0,8465.09,11115.5,9.599999999999966
3855,M,299.5,310.3,1738.0,35.3,139,0,6424.7,4906.7,10.800000000000011
3856,L,298.2,307.0,1611.0,37.2,177,0,6275.77,6584.400000000001,8.800000000000011
3857,L,297.1,306.8,1138.0,37.1,152,0,4421.25,5639.2,9.699999999999989
3858,L,301.7,311.1,1564.0,40.1,219,0,6567.65,8781.9,9.400000000000034
3859,L,299.0,309.0,1575.0,30.5,62,0,5030.48,1891.0,10.0
3860,M,300.4,310.1,1343.0,39.1,118,0,5498.97,4613.8,9.700000000000045
3861,M,297.0,308.1,1217.0,53.5,107,0,6818.25,5724.5,11.100000000000023
3862,M,298.5,307.6,1620.0,53.1,247,1,9008.2,13115.7,9.100000000000023
3863,L,301.5,309.8,1314.0,24.3,209,1,3343.72,5078.7,8.300000000000011
3864,L,305.2,313.8,1906.0,22.7,9,0,4530.83,204.29999999999998,8.600000000000023
3865,L,296.0,307.0,1585.0,34.0,57,0,5643.35,1938.0,11.0
3866,L,299.6,308.6,1779.0,22.2,102,0,4135.78,2264.4,9.0
3867,L,300.8,311.2,1543.0,27.3,2,0,4411.2,54.6,10.399999999999977
3868,M,298.8,308.5,1672.0,43.4,196,0,7598.97,8506.4,9.699999999999989
3869,M,301.7,312.5,1547.0,39.5,54,0,6399.06,2133.0,10.800000000000011
3870,L,298.3,308.0,1717.0,22.8,139,0,4099.53,3169.2000000000003,9.699999999999989
3871,L,300.3,313.1,1173.0,51.6,205,0,6338.35,10578.0,12.800000000000011
3872,L,299.0,310.9,1696.0,35.7,44,0,6340.49,1570.8000000000002,11.899999999999977
3873,L,302.4,312.1,1657.0,34.7,168,0,6021.17,5829.6,9.700000000000045
3874,M,298.6,308.2,1510.0,50.0,95,0,7906.34,4750.0,9.599999999999966
3875,L,299.3,312.4,1464.0,44.0,169,0,6745.63,7436.0,13.099999999999966
3876,L,301.9,310.8,1484.0,39.5,32,0,6138.46,1264.0,8.900000000000034
3877,L,297.9,307.9,1588.0,35.0,69,0,5820.32,2415.0,10.0
3878,M,300.1,310.2,1755.0,45.6,221,0,8380.51,10077.6,10.099999999999966
3879,L,296.4,306.4,1442.0,35.6,5,0,5375.81,178.0,10.0
3880,L,297.8,306.1,1233.0,37.6,222,1,4854.89,8347.2,8.300000000000011
3881,L,300.8,311.3,1982.0,28.2,129,0,5853.04,3637.7999999999997,10.5
3882,M,298.0,307.0,1658.0,51.3,153,0,8906.98,7848.9,9.0
3883,H,298.9,310.3,1467.0,55.4,47,0,8510.76,2603.7999999999997,11.400000000000034
3884,L,301.0,309.5,1750.0,42.0,223,0,7696.9,9366.0,8.5
3885,M,298.8,308.9,1705.0,35.1,56,0,6267.01,1965.6000000000001,10.099999999999966
3886,H,301.6,309.4,1626.0,49.2,68,0,8377.5,3345.6000000000004,7.7999999999999545
3887,H,300.4,308.3,1452.0,45.8,173,0,6964.03,7923.4,7.900000000000034
3888,M,300.9,310.0,1657.0,35.5,175,0,6159.98,6212.5,9.100000000000023
3889,M,302.5,311.8,1733.0,51.4,40,0,9328.04,2056.0,9.300000000000011
3890,L,300.6,312.1,1230.0,35.7,106,0,4598.35,3784.2000000000003,11.5
3891,M,303.1,313.0,1578.0,27.1,15,0,4478.21,406.5,9.899999999999977
3892,L,301.8,313.1,1591.0,39.2,179,0,6531.08,7016.8,11.300000000000011
3893,M,299.0,308.6,1585.0,50.7,11,0,8415.23,557.7,9.600000000000023
3894,L,302.6,313.2,1546.0,40.9,14,0,6621.58,572.6,10.599999999999966
3895,M,300.5,309.8,1750.0,28.2,212,0,5167.92,5978.4,9.300000000000011
3896,M,299.2,308.4,1500.0,35.9,100,0,5639.16,3590.0,9.199999999999989
3897,L,300.6,308.7,1537.0,51.8,20,0,8337.43,1036.0,8.099999999999966
3898,M,302.2,312.6,1594.0,42.6,152,0,7110.93,6475.2,10.400000000000034
3899,L,300.9,311.2,1506.0,39.7,208,0,6261.01,8257.6,10.300000000000011
3900,M,303.6,314.4,1289.0,38.6,199,0,5210.37,7681.400000000001,10.799999999999955
3901,L,302.2,312.4,1576.0,50.7,246,1,8367.44,12472.2,10.199999999999989
3902,L,301.0,313.1,1578.0,50.0,157,0,8262.39,7850.0,12.100000000000023
3903,H,297.9,308.1,1472.0,25.9,32,0,3992.42,828.8,10.200000000000045
3904,L,299.6,310.6,1514.0,49.3,193,0,7816.3,9514.9,11.0
3905,M,300.1,309.8,1046.5,45.0,32,0,4931.52,1440.0,9.699999999999989
3906,L,301.4,310.5,1754.0,55.8,243,1,10249.26,13559.4,9.100000000000023
3907,L,301.3,312.0,1699.0,39.2,155,0,6974.42,6076.0,10.699999999999989
3908,L,300.3,310.2,1298.0,51.2,89,0,6959.42,4556.8,9.899999999999977
3909,L,300.2,311.1,1417.0,44.6,40,0,6618.1,1784.0,10.900000000000034
3910,L,301.4,311.8,1797.0,28.8,128,0,5419.62,3686.4,10.400000000000034
3911,L,298.3,307.5,1331.0,50.1,62,0,6983.04,3106.2000000000003,9.199999999999989
3912,L,303.4,314.5,1623.0,48.0,162,0,8158.09,7776.0,11.100000000000023
3913,L,295.9,305.0,1449.0,33.4,175,0,5068.08,5845.0,9.100000000000023
3914,H,302.9,313.5,1611.0,42.8,234,0,7220.51,10015.199999999999,10.600000000000023
3915,H,299.9,311.2,1546.0,60.9,38,0,9859.51,2314.2,11.300000000000011
3916,L,302.0,311.6,1487.0,35.1,147,0,5465.71,5159.7,9.600000000000023
3917,M,300.7,311.9,1607.0,47.1,76,0,7926.21,3579.6,11.199999999999989
3918,L,300.7,311.1,1449.0,29.0,222,0,4400.43,6438.0,10.400000000000034
3919,M,301.1,312.0,1218.0,34.2,165,0,4362.16,5643.000000000001,10.899999999999977
3920,M,301.6,310.8,1371.0,48.0,22,0,6891.4,1056.0,9.199999999999989
3921,H,299.3,309.6,1350.0,42.5,139,0,6008.3,5907.5,10.300000000000011
3922,L,302.1,310.7,1250.0,37.9,5,1,4961.1,189.5,8.599999999999966
3923,M,297.8,309.5,1604.0,56.9,215,1,9557.52,12233.5,11.699999999999989
3924,L,300.0,308.0,1507.0,30.7,97,0,4844.85,2977.9,8.0
3925,H,301.7,311.3,1601.0,38.4,224,0,6438.0,8601.6,9.600000000000023
3926,L,302.0,311.1,1631.0,44.8,6,0,7651.75,268.79999999999995,9.100000000000023
3927,M,300.9,311.6,1673.0,31.2,50,0,5466.12,1560.0,10.700000000000045
3928,M,299.2,311.1,1610.0,45.0,13,0,7586.95,585.0,11.900000000000034
3929,M,301.8,312.4,1362.0,50.6,227,0,7216.99,11486.2,10.599999999999966
3930,L,298.7,311.6,1641.0,38.8,15,0,6667.59,582.0,12.900000000000034
3931,H,303.5,312.1,1577.0,33.1,237,0,5466.24,7844.700000000001,8.600000000000023
3932,L,299.8,308.5,1930.0,36.8,150,0,7437.62,5520.0,8.699999999999989
3933,M,296.9,306.0,1539.0,13.34999999999999,17,0,2151.54,226.94999999999985,9.100000000000023
3934,L,297.6,307.7,1606.0,49.9,220,0,8392.18,10978.0,10.099999999999966
3935,L,300.1,309.1,1521.0,42.5,134,0,6769.35,5695.0,9.0
3936,L,300.3,309.5,1546.0,38.1,67,0,6168.27,2552.7000000000003,9.199999999999989
3937,L,303.9,314.6,1534.0,23.3,24,0,3742.91,559.2,10.700000000000045
3938,L,297.9,306.7,1460.0,50.9,32,0,7782.14,1628.8,8.800000000000011
3939,L,300.1,308.9,1569.0,35.5,50,0,5832.84,1775.0,8.799999999999955
3940,L,297.9,307.5,1649.0,45.5,215,1,7857.07,9782.5,9.600000000000023
3941,M,299.0,308.7,1462.0,39.8,22,0,6093.39,875.5999999999999,9.699999999999989
3942,M,303.4,314.4,1687.0,23.8,49,0,4204.56,1166.2,11.0
3943,L,297.7,306.8,1665.0,52.5,148,0,9153.82,7770.0,9.100000000000023
3944,L,301.2,310.5,1380.0,50.6,230,1,7312.37,11638.0,9.300000000000011
3945,L,300.8,311.4,1365.0,47.5,62,0,6789.77,2945.0,10.599999999999966
3946,L,300.0,310.8,1618.0,43.0,148,0,7285.77,6364.0,10.800000000000011
3947,M,301.0,312.5,1432.0,28.0,121,0,4198.84,3388.0,11.5
3948,M,297.7,308.1,1350.0,48.6,111,0,6870.66,5394.6,10.400000000000034
3949,L,303.3,313.4,1845.0,61.9,26,0,11959.57,1609.3999999999999,10.099999999999966
3950,L,303.8,314.4,1365.0,41.1,208,0,5874.94,8548.800000000001,10.599999999999966
3951,L,300.1,309.8,1265.0,41.3,244,0,5471.03,10077.199999999999,9.699999999999989
3952,M,304.8,314.6,1397.0,28.9,153,0,4227.88,4421.7,9.800000000000011
3953,H,299.2,307.4,1579.0,19.3,18,0,3191.3,347.40000000000003,8.199999999999989
3954,L,300.8,311.7,1551.0,36.3,224,0,5895.86,8131.199999999999,10.899999999999977
3955,L,302.9,313.1,1875.0,54.7,57,0,10740.32,3117.9,10.200000000000045
3956,M,299.1,309.9,1400.0,53.3,239,1,7814.19,12738.699999999999,10.799999999999955
3957,H,297.2,304.4,1580.0,39.2,243,0,6485.92,9525.6,7.199999999999989
3958,L,296.8,306.7,1739.0,44.2,6,0,8049.16,265.20000000000005,9.899999999999977
3959,L,304.1,313.3,1420.0,27.8,222,0,4133.92,6171.6,9.199999999999989
3960,L,298.9,310.4,1663.0,41.0,230,0,7140.11,9430.0,11.5
3961,L,299.6,310.2,1210.0,34.7,142,0,4396.87,4927.400000000001,10.599999999999966
3962,L,297.8,308.0,1852.0,40.4,65,0,7835.22,2626.0,10.199999999999989
3963,L,301.9,311.5,1716.0,37.2,236,0,6684.81,8779.2,9.600000000000023
3964,L,298.4,308.8,1416.0,37.0,193,0,5486.48,7141.0,10.400000000000034
3965,L,299.0,308.1,1686.0,49.8,208,0,8792.56,10358.4,9.100000000000023
3966,M,300.6,310.5,1773.0,59.5,225,1,11047.25,13387.5,9.899999999999977
3967,L,297.9,307.3,1307.0,38.2,174,0,5228.39,6646.8,9.400000000000034
3968,L,299.6,311.9,1430.0,54.0,45,0,8086.46,2430.0,12.299999999999955
3969,L,302.8,314.3,1778.0,27.5,88,0,5120.27,2420.0,11.5
3970,L,300.9,311.9,1550.0,39.0,239,0,6330.31,9321.0,11.0
3971,H,300.3,308.8,1616.0,27.0,202,0,4569.13,5454.0,8.5
3972,L,300.4,311.3,1550.0,36.8,43,0,5973.21,1582.3999999999999,10.900000000000034
3973,L,299.2,309.4,1697.0,47.0,136,0,8352.34,6392.0,10.199999999999989
3974,M,304.0,315.2,1629.0,51.0,70,0,8700.01,3570.0,11.199999999999989
3975,L,298.4,308.7,1557.0,32.1,10,0,5233.86,321.0,10.300000000000011
3976,H,300.4,310.4,1161.0,44.5,114,0,5410.29,5073.0,10.0
3977,L,300.2,310.5,1652.0,52.2,55,0,9030.45,2871.0,10.300000000000011
3978,L,302.0,310.2,1668.0,50.7,131,0,8855.9,6641.700000000001,8.199999999999989
3979,L,302.2,311.4,1316.0,42.5,124,0,5856.98,5270.0,9.199999999999989
3980,L,299.9,310.3,1328.0,34.0,36,0,4728.31,1224.0,10.400000000000034
3981,M,300.6,311.7,1630.0,33.0,89,0,5632.88,2937.0,11.099999999999966
3982,M,300.7,310.1,1572.0,31.5,116,0,5185.51,3654.0,9.400000000000034
3983,L,295.5,305.4,1184.0,39.6,33,0,4909.93,1306.8,9.899999999999977
3984,L,296.8,305.2,1390.0,31.7,79,0,4614.27,2504.2999999999997,8.399999999999977
3985,M,298.8,310.2,1594.0,46.7,104,0,7795.32,4856.8,11.399999999999977
3986,H,298.9,310.0,1659.0,42.2,46,0,7331.41,1941.2,11.100000000000023
3987,L,297.6,308.3,1433.0,41.7,29,0,6257.64,1209.3000000000002,10.699999999999989
3988,L,301.5,311.9,1511.0,21.6,117,0,3417.8,2527.2000000000003,10.399999999999977
3989,L,300.0,311.6,1380.0,40.2,45,0,5809.43,1809.0000000000002,11.600000000000023
3990,M,299.6,308.8,1774.0,35.3,79,0,6557.78,2788.7,9.199999999999989
3991,L,297.5,306.6,1569.0,61.5,69,0,10104.78,4243.5,9.100000000000023
3992,L,299.9,311.0,1418.0,27.2,32,0,4039.0,870.4,11.100000000000023
3993,M,294.7,305.7,1331.0,37.9,49,0,5282.58,1857.1,11.0
3994,L,299.7,308.5,1311.0,43.7,14,0,5999.47,611.8000000000001,8.800000000000011
3995,L,300.1,309.6,1862.0,30.2,19,0,5888.64,573.8,9.5
3996,L,300.5,312.2,1506.0,59.1,203,1,9320.54,11997.300000000001,11.699999999999989
3997,L,296.9,307.3,1466.0,59.3,126,0,9103.69,7471.799999999999,10.400000000000034
3998,L,300.4,311.2,1499.0,31.4,87,0,4929.01,2731.7999999999997,10.800000000000011
3999,L,297.9,306.8,1425.0,34.0,39,0,5073.67,1326.0,8.900000000000034
4000,L,298.4,309.0,1518.0,61.3,31,0,9744.53,1900.3,10.600000000000023
4001,L,301.4,310.0,1544.0,53.8,232,1,8698.78,12481.599999999999,8.600000000000023
4002,M,304.0,312.0,1540.0,36.2,96,0,5837.92,3475.2000000000003,8.0
4003,M,300.1,310.8,1311.0,44.2,111,0,6068.11,4906.200000000001,10.699999999999989
4004,L,298.4,309.8,1697.0,26.1,237,0,4638.22,6185.700000000001,11.400000000000034
4005,L,300.4,310.1,1439.0,61.8,11,0,9312.75,679.8,9.700000000000045
4006,L,301.9,311.3,1420.0,40.6,14,0,6037.3,568.4,9.400000000000034
4007,L,301.2,313.0,1412.0,45.7,186,0,6757.4,8500.2,11.800000000000011
4008,L,305.5,315.3,1349.0,30.6,187,0,4322.77,5722.2,9.800000000000011
4009,M,298.6,308.5,1585.0,28.6,71,0,4747.05,2030.6000000000001,9.899999999999977
4010,L,300.5,312.2,1698.0,44.4,3,0,7894.95,133.2,11.699999999999989
4011,L,303.1,312.7,1408.0,59.0,26,0,8699.28,1534.0,9.599999999999966
4012,L,303.0,312.3,1208.0,34.5,100,0,4364.3,3450.0,9.300000000000011
4013,M,296.1,306.9,1354.0,30.1,185,0,4267.9,5568.5,10.799999999999955
4014,L,300.0,309.3,1457.0,42.9,180,0,6545.54,7722.0,9.300000000000011
4015,M,303.0,312.8,1317.0,56.2,205,0,7750.87,11521.0,9.800000000000011
4016,L,305.5999999999999,314.5,1430.0,33.5,38,0,5016.6,1273.0,8.900000000000091
4017,M,301.4,311.6,1439.0,37.4,142,0,5635.87,5310.8,10.200000000000045
4018,M,299.3,309.3,1535.0,48.2,18,0,7747.9,867.6,10.0
4019,L,298.0,308.9,1277.0,49.3,116,0,6592.75,5718.799999999999,10.899999999999977
4020,L,304.4,315.3,1641.0,37.1,13,0,6375.45,482.3,10.900000000000034
4021,L,301.5,312.0,1835.0,50.8,70,0,9761.77,3556.0,10.5
4022,L,298.3,308.7,1793.0,45.2,133,0,8486.87,6011.6,10.399999999999977
4023,M,299.6,309.5,1433.0,40.1,161,0,6017.54,6456.1,9.899999999999977
4024,M,300.6,311.2,1657.0,48.9,215,0,8485.16,10513.5,10.599999999999966
4025,M,301.1,310.0,1636.0,47.5,124,0,8137.77,5890.0,8.899999999999977
4026,M,298.2,305.9,1530.0,29.5,24,0,4726.53,708.0,7.699999999999989
4027,L,298.8,309.9,1569.0,54.7,168,0,8987.5,9189.6,11.099999999999966
4028,L,296.7,307.4,1660.0,43.3,88,0,7527.05,3810.3999999999996,10.699999999999989
4029,M,302.1,312.0,1696.0,53.6,49,0,9519.61,2626.4,9.899999999999977
4030,L,299.3,310.4,1392.0,40.4,110,0,5889.1,4444.0,11.099999999999966
4031,M,300.9,310.2,1671.0,42.4,78,0,7419.44,3307.2,9.300000000000011
4032,L,302.8,312.1,1836.0,43.9,169,0,8440.45,7419.099999999999,9.300000000000011
4033,L,300.4,309.6,1695.0,45.3,66,0,8040.75,2989.7999999999997,9.200000000000045
4034,H,299.8,310.3,1813.0,55.1,99,0,10461.12,5454.900000000001,10.5
4035,L,300.4,308.8,1075.0,44.5,193,1,5009.53,8588.5,8.400000000000034
4036,H,300.1,309.4,1644.0,39.6,21,0,6817.51,831.6,9.299999999999955
4037,H,302.5,312.8,1585.0,50.0,155,0,8299.04,7750.0,10.300000000000011
4038,M,300.6,309.4,1721.0,44.2,95,0,7965.84,4199.0,8.799999999999955
4039,M,298.9,308.3,1336.0,66.55000000000001,102,0,9310.72,6788.100000000001,9.400000000000034
4040,L,302.1,309.9,1447.0,42.8,216,0,6485.46,9244.8,7.7999999999999545
4041,M,302.5,313.1,1699.0,52.2,0,0,9287.36,0.0,10.600000000000023
4042,L,297.3,306.6,1348.0,48.7,171,0,6874.6,8327.7,9.300000000000011
4043,L,303.1,312.0,1581.0,19.5,150,0,3228.46,2925.0,8.899999999999977
4044,M,300.7,309.4,1534.0,32.6,4,0,5236.87,130.4,8.699999999999989
4045,L,300.6,310.1,1502.0,35.5,111,0,5583.76,3940.5,9.5
4046,L,302.0,310.4,1640.0,25.0,98,0,4293.51,2450.0,8.399999999999977
4047,L,298.9,310.8,1338.0,36.0,74,0,5044.14,2664.0,11.900000000000034
4048,L,301.9,309.5,1398.0,26.2,142,0,3835.63,3720.4,7.600000000000023
4049,M,299.2,308.8,1513.0,28.9,196,0,4578.94,5664.4,9.600000000000023
4050,L,297.1,307.2,1322.0,42.3,229,0,5855.99,9686.699999999999,10.099999999999966
4051,H,298.0,307.2,1758.0,59.0,131,0,10861.74,7729.0,9.199999999999989
4052,M,301.1,311.3,1395.0,26.3,171,0,3842.01,4497.3,10.199999999999989
4053,M,298.1,307.3,1678.0,27.8,73,0,4885.01,2029.4,9.199999999999989
4054,L,303.2,314.8,1381.0,34.6,200,0,5003.78,6920.0,11.600000000000023
4055,M,302.4,311.3,1664.0,38.4,32,0,6691.34,1228.8,8.900000000000034
4056,L,302.7,310.3,1250.0,24.5,187,1,3207.04,4581.5,7.600000000000023
4057,M,300.2,309.0,1790.0,32.9,105,0,6167.05,3454.5,8.800000000000011
4058,L,300.5,310.9,1741.0,32.0,197,0,5834.15,6304.0,10.399999999999977
4059,M,297.6,307.5,1439.0,43.1,45,0,6494.81,1939.5,9.899999999999977
4060,H,302.0,312.7,1390.0,44.1,249,0,6419.22,10980.9,10.699999999999989
4061,L,300.8,311.3,1619.0,38.4,26,0,6510.39,998.4,10.5
4062,L,301.1,310.5,1264.0,36.1,106,0,4778.4,3826.6000000000004,9.399999999999977
4063,M,303.4,312.9,1544.0,32.8,27,0,5303.34,885.5999999999999,9.5
4064,L,298.8,308.4,1393.0,40.4,173,0,5893.33,6989.2,9.599999999999966
4065,M,299.7,311.6,1492.0,30.2,106,0,4718.5,3201.2,11.900000000000034
4066,L,300.7,311.3,1422.0,55.3,33,0,8234.81,1824.8999999999999,10.600000000000023
4067,L,298.1,310.0,1395.0,25.0,156,0,3652.1,3900.0,11.899999999999977
4068,H,299.6,310.5,1843.0,33.4,95,0,6446.15,3173.0,10.899999999999977
4069,M,301.0,310.9,1677.0,48.5,126,0,8517.33,6111.0,9.899999999999977
4070,M,299.3,308.3,1273.0,35.9,182,0,4785.77,6533.8,9.0
4071,L,302.6,312.8,1381.0,46.6,56,0,6739.2,2609.6,10.199999999999989
4072,M,297.0,306.9,1691.0,57.0,123,0,10093.62,7011.0,9.899999999999977
4073,L,302.2,312.2,1711.0,48.2,149,0,8636.26,7181.8,10.0
4074,M,301.3,311.1,1290.0,27.9,142,0,3768.97,3961.7999999999997,9.800000000000011
4075,M,298.9,306.8,1663.0,28.4,26,0,4945.83,738.4,7.900000000000034
4076,L,298.2,309.4,1585.0,38.0,201,1,6307.27,7638.0,11.199999999999989
4077,L,295.8,305.8,1190.0,44.3,122,0,5520.51,5404.599999999999,10.0
4078,L,298.4,307.0,1465.0,51.9,88,0,7962.21,4567.2,8.600000000000023
4079,M,302.1,312.6,1513.0,32.1,59,0,5085.96,1893.9,10.5
4080,L,299.9,309.0,1546.0,35.1,74,0,5682.58,2597.4,9.100000000000023
4081,M,302.3,312.9,1301.0,37.4,71,0,5095.39,2655.4,10.599999999999966
4082,L,298.8,309.6,1401.0,37.2,148,0,5457.7,5505.6,10.800000000000011
4083,M,301.4,312.4,1426.0,54.8,199,0,8183.3,10905.199999999999,11.0
4084,M,298.6,308.4,1442.0,38.9,36,0,5874.13,1400.3999999999999,9.799999999999955
4085,L,298.1,307.7,1445.0,41.4,151,0,6264.65,6251.4,9.599999999999966
4086,L,299.8,309.2,1514.0,49.0,109,0,7768.74,5341.0,9.399999999999977
4087,L,298.7,307.9,1593.0,55.7,125,0,9291.79,6962.5,9.199999999999989
4088,M,296.9,306.9,1855.0,39.5,47,0,7673.08,1856.5,10.0
4089,M,299.6,309.4,1693.0,52.4,150,0,9290.02,7860.0,9.799999999999955
4090,L,300.2,309.4,1773.0,58.1,244,1,10787.32,14176.4,9.199999999999989
4091,M,302.5,311.4,1451.0,38.8,215,0,5895.6,8342.0,8.899999999999977
4092,L,301.9,311.8,1358.0,34.3,12,0,4877.78,411.59999999999997,9.900000000000034
4093,L,302.4,312.0,1681.0,61.7,117,0,10861.29,7218.900000000001,9.600000000000023
4094,H,301.4,310.3,1535.0,51.1,230,0,8214.06,11753.0,8.900000000000034
4095,L,300.7,311.5,1668.0,40.0,58,0,6986.9,2320.0,10.800000000000011
4096,L,297.5,309.3,1380.0,46.4,132,0,6705.42,6124.8,11.800000000000011
4097,L,300.3,311.3,1654.0,29.5,14,0,5109.59,413.0,11.0
4098,L,301.2,310.5,1506.0,50.9,23,0,8027.33,1170.7,9.300000000000011
4099,L,302.9,312.9,1455.0,22.0,74,0,3352.08,1628.0,10.0
4100,L,301.4,312.9,1472.0,50.6,183,0,7799.86,9259.800000000001,11.5
4101,M,302.5,311.3,1625.0,32.7,208,0,5564.55,6801.6,8.800000000000011
4102,L,297.9,308.7,1676.0,23.4,7,0,4106.94,163.79999999999998,10.800000000000011
4103,L,299.3,307.9,1472.0,20.0,105,0,3082.95,2100.0,8.599999999999966
4104,L,300.9,312.5,1599.0,35.2,215,0,5894.13,7568.000000000001,11.600000000000023
4105,L,302.3,311.9,1599.0,47.0,118,0,7870.0,5546.0,9.599999999999966
4106,M,299.7,311.9,1670.0,26.1,101,0,4564.42,2636.1000000000004,12.199999999999989
4107,H,299.8,311.6,1714.0,27.6,218,0,4953.91,6016.8,11.800000000000011
4108,L,301.4,311.3,1862.0,35.0,169,0,6824.59,5915.0,9.900000000000034
4109,M,297.7,307.0,1454.0,47.9,114,0,7293.37,5460.599999999999,9.300000000000011
4110,L,303.2,313.4,1799.0,49.2,134,0,9268.83,6592.8,10.199999999999989
4111,L,298.2,308.1,1558.0,41.3,115,0,6738.23,4749.5,9.900000000000034
4112,L,296.2,305.8,1342.0,49.7,151,0,6984.54,7504.700000000001,9.600000000000023
4113,L,300.0,308.4,1421.0,46.7,26,0,6949.28,1214.2,8.399999999999977
4114,L,303.4,312.9,1621.0,35.7,228,0,6060.1,8139.6,9.5
4115,M,301.2,310.1,1667.0,49.0,126,0,8553.82,6174.0,8.900000000000034
4116,L,301.5,312.1,1356.0,27.1,108,0,3848.2,2926.8,10.600000000000023
4117,H,300.1,311.1,1401.0,44.7,2,0,6558.04,89.4,11.0
4118,L,299.7,310.4,1442.0,28.3,213,0,4273.47,6027.900000000001,10.699999999999989
4119,L,296.9,307.3,1383.0,41.3,47,0,5981.37,1941.1,10.400000000000034
4120,M,295.5,304.6,1201.0,52.0,229,0,6539.96,11908.0,9.100000000000023
4121,L,300.4,310.6,1140.0,42.0,149,0,5013.98,6258.0,10.200000000000045
4122,L,302.6,313.4,1469.0,39.8,167,0,6122.57,6646.599999999999,10.799999999999955
4123,M,300.7,310.1,1583.0,42.2,47,0,6995.55,1983.4,9.400000000000034
4124,H,301.2,311.4,1655.0,46.5,176,0,8058.97,8184.0,10.199999999999989
4125,M,303.2,313.0,1294.0,61.2,28,0,8293.05,1713.6000000000001,9.800000000000011
4126,M,300.7,312.3,1297.0,46.4,201,0,6302.12,9326.4,11.600000000000023
4127,M,299.8,310.6,1443.0,34.9,16,0,5273.76,558.4,10.800000000000011
4128,H,298.4,309.0,1538.0,37.8,233,0,6088.03,8807.4,10.600000000000023
4129,L,304.0,312.3,1718.0,30.9,6,0,5559.17,185.39999999999998,8.300000000000011
4130,L,301.1,311.2,1666.0,27.6,170,0,4815.18,4692.0,10.099999999999966
4131,L,298.1,308.0,1472.0,15.7,34,0,2420.12,533.8,9.899999999999977
4132,L,297.7,307.5,1602.0,35.3,167,0,5921.96,5895.099999999999,9.800000000000011
4133,M,302.5,310.9,1387.0,25.9,194,0,3761.88,5024.599999999999,8.399999999999977
4134,M,297.9,306.8,1551.0,40.9,204,0,6642.99,8343.6,8.900000000000034
4135,L,303.7,313.6,1526.0,34.8,133,0,5561.12,4628.4,9.900000000000034
4136,L,294.5,305.6,1789.0,29.1,208,0,5451.7,6052.8,11.100000000000023
4137,M,302.8,312.3,1626.0,18.9,1,0,3218.18,18.9,9.5
4138,L,301.0,310.6,1400.0,36.4,38,0,5336.52,1383.2,9.600000000000023
4139,M,300.2,312.0,1401.0,22.4,123,0,3286.36,2755.2,11.800000000000011
4140,L,299.6,309.4,1478.0,46.9,101,0,7258.98,4736.9,9.799999999999955
4141,L,303.8,313.7,1257.0,42.4,32,0,5581.23,1356.8,9.899999999999977
4142,L,301.4,311.3,1496.0,37.6,105,0,5890.44,3948.0,9.900000000000034
4143,L,298.2,306.8,1512.0,54.3,150,0,8597.66,8145.0,8.600000000000023
4144,M,296.6,307.1,1621.0,40.0,115,0,6790.03,4600.0,10.5
4145,H,300.4,309.7,1647.0,43.7,32,0,7537.09,1398.4,9.300000000000011
4146,M,300.0,310.0,1555.0,46.7,88,0,7604.59,4109.6,10.0
4147,L,297.0,307.4,1246.0,34.8,77,0,4540.73,2679.6,10.399999999999977
4148,L,299.9,311.8,1319.0,34.8,226,0,4806.76,7864.799999999999,11.900000000000034
4149,M,298.9,307.5,1429.0,40.3,29,0,6030.67,1168.6999999999998,8.600000000000023
4150,M,300.0,310.9,1654.0,26.5,8,0,4589.97,212.0,10.899999999999977
4151,L,301.5,312.3,1648.0,57.7,93,0,9957.76,5366.1,10.800000000000011
4152,L,303.0,312.3,1493.0,41.5,125,0,6488.38,5187.5,9.300000000000011
4153,M,301.8,312.4,1960.0,37.9,70,0,7779.0,2653.0,10.599999999999966
4154,L,298.6,310.2,1817.0,60.7,61,0,11549.74,3702.7000000000003,11.599999999999966
4155,L,300.7,310.0,1759.0,28.9,199,0,5323.44,5751.099999999999,9.300000000000011
4156,L,300.1,310.4,1663.0,55.2,70,0,9613.02,3864.0,10.299999999999955
4157,L,297.3,307.7,1620.0,48.0,233,1,8143.01,11184.0,10.399999999999977
4158,M,300.8,311.3,1607.0,51.0,218,0,8582.52,11118.0,10.5
4159,H,303.7,314.5,1214.0,38.2,152,0,4856.36,5806.400000000001,10.800000000000011
4160,L,300.1,310.2,1349.0,40.5,174,0,5721.31,7047.0,10.099999999999966
4161,L,296.8,307.3,1498.0,36.5,50,0,5725.76,1825.0,10.5
4162,L,300.1,309.1,1560.0,49.8,215,0,8135.47,10707.0,9.0
4163,L,297.6,307.7,1515.0,43.8,27,0,6948.89,1182.6,10.099999999999966
4164,L,301.7,311.3,1586.0,34.3,97,0,5696.73,3327.1,9.600000000000023
4165,M,301.0,309.8,1161.0,34.8,115,0,4230.97,4001.9999999999995,8.800000000000011
4166,L,299.7,309.1,1628.0,39.8,201,0,6785.25,7999.799999999999,9.400000000000034
4167,L,299.3,309.6,1549.0,36.6,124,0,5936.92,4538.400000000001,10.300000000000011
4168,L,299.6,310.0,1504.0,54.3,163,0,8552.17,8850.9,10.399999999999977
4169,L,300.0,308.7,1703.0,47.9,206,0,8542.38,9867.4,8.699999999999989
4170,L,298.5,307.5,1350.0,47.9,188,0,6771.7,9005.199999999999,9.0
4171,L,297.2,307.9,1495.0,42.2,101,0,6606.66,4262.200000000001,10.699999999999989
4172,H,302.3,312.8,1588.0,31.7,66,0,5271.55,2092.2,10.5
4173,L,299.2,310.1,1385.0,46.8,203,0,6787.73,9500.4,10.900000000000034
4174,L,300.3,311.7,1179.0,19.0,160,0,2345.83,3040.0,11.399999999999977
4175,M,300.6,311.1,1331.0,41.6,189,0,5798.29,7862.400000000001,10.5
4176,H,300.6,310.2,1526.0,31.8,153,0,5081.71,4865.400000000001,9.599999999999966
4177,L,297.7,307.8,1493.0,31.0,191,0,4846.74,5921.0,10.100000000000023
4178,M,296.6,308.3,1534.0,35.3,247,0,5670.6,8719.099999999999,11.699999999999989
4179,L,298.8,311.6,1419.0,39.1,232,0,5810.16,9071.2,12.800000000000011
4180,L,300.8,311.3,1303.0,39.7,182,0,5417.06,7225.400000000001,10.5
4181,L,298.5,309.1,1562.0,47.8,232,1,7818.75,11089.599999999999,10.600000000000023
4182,M,299.3,310.0,1508.0,38.2,5,0,6032.44,191.0,10.699999999999989
4183,M,304.3,314.3,1652.0,38.9,66,0,6729.58,2567.4,10.0
4184,L,296.3,307.5,1404.0,26.0,218,0,3822.69,5668.0,11.199999999999989
4185,L,298.5,309.5,1176.0,27.3,232,0,3362.01,6333.6,11.0
4186,M,303.8,314.1,1071.0,42.8,13,0,4800.23,556.4,10.300000000000011
4187,L,299.9,309.6,1466.0,46.2,112,0,7092.59,5174.400000000001,9.700000000000045
4188,L,298.6,307.1,1560.0,37.3,176,0,6093.43,6564.799999999999,8.5
4189,M,302.3,313.1,1496.0,49.2,49,0,7707.71,2410.8,10.800000000000011
4190,M,300.1,310.3,1436.0,25.9,74,0,3894.78,1916.6,10.199999999999989
4191,M,299.3,308.6,1253.0,43.9,243,0,5760.29,10667.699999999999,9.300000000000011
4192,M,300.4,309.3,1199.0,31.4,242,0,3942.55,7598.799999999999,8.900000000000034
4193,L,298.7,309.3,1603.0,30.6,144,0,5136.69,4406.400000000001,10.600000000000023
4194,M,298.0,306.4,1497.0,32.3,182,0,5063.52,5878.599999999999,8.399999999999977
4195,M,299.8,310.1,1472.0,39.1,187,0,6027.17,7311.7,10.300000000000011
4196,L,298.0,308.8,1262.0,44.3,173,0,5854.53,7663.9,10.800000000000011
4197,L,300.0,310.6,1365.0,43.5,190,0,6218.0,8265.0,10.600000000000023
4198,L,300.7,310.3,1546.0,37.0,175,0,5990.18,6475.0,9.600000000000023
4199,L,301.7,310.5,1588.0,46.2,61,0,7682.83,2818.2000000000003,8.800000000000011
4200,M,302.3,312.8,1508.0,56.7,243,1,8953.92,13778.1,10.5
4201,M,299.2,310.4,1784.0,38.7,143,0,7229.94,5534.1,11.199999999999989
4202,L,301.0,310.4,1434.0,40.8,123,0,6126.86,5018.4,9.399999999999977
4203,L,301.0,311.5,1768.0,33.8,234,0,6257.89,7909.199999999999,10.5
4204,H,300.7,312.2,1576.0,36.0,192,0,5941.38,6912.0,11.5
4205,L,299.0,309.4,1557.0,52.3,47,0,8527.44,2458.1,10.399999999999977
4206,L,297.9,307.5,1704.0,52.4,53,0,9350.39,2777.2,9.600000000000023
4207,L,301.0,312.0,1426.0,37.9,189,0,5659.62,7163.099999999999,11.0
4208,L,296.6,305.8,1479.0,44.8,133,0,6938.65,5958.4,9.199999999999989
4209,L,299.5,308.2,1318.0,49.1,206,0,6776.81,10114.6,8.699999999999989
4210,L,294.9,305.7,1705.0,35.5,160,0,6338.42,5680.0,10.800000000000011
4211,L,297.3,306.9,1598.0,26.9,198,0,4501.5,5326.2,9.599999999999966
4212,L,298.2,307.9,1734.0,46.8,71,0,8498.13,3322.7999999999997,9.699999999999989
4213,L,302.2,311.6,1574.0,48.8,116,0,8043.65,5660.799999999999,9.400000000000034
4214,L,301.4,310.9,1735.0,47.4,169,0,8612.05,8010.599999999999,9.5
4215,M,298.9,310.3,1404.0,36.2,122,0,5322.36,4416.400000000001,11.400000000000034
4216,M,301.5,313.1,1714.0,55.1,29,0,9889.88,1597.9,11.600000000000023
4217,L,301.8,313.6,1466.0,42.7,6,0,6555.27,256.20000000000005,11.800000000000011
4218,L,299.7,310.8,1538.0,28.5,167,0,4590.18,4759.5,11.100000000000023
4219,M,297.2,307.7,1668.0,24.0,60,0,4192.14,1440.0,10.5
4220,L,299.6,308.2,1954.0,36.9,236,0,7550.57,8708.4,8.599999999999966
4221,L,299.8,309.6,1684.0,42.1,141,0,7424.25,5936.1,9.800000000000011
4222,M,297.5,309.7,1701.0,37.0,188,0,6590.75,6956.0,12.199999999999989
4223,M,300.7,310.3,1440.0,59.8,63,0,9017.63,3767.3999999999996,9.600000000000023
4224,M,300.6,312.1,1566.0,43.9,54,0,7199.21,2370.6,11.5
4225,L,300.9,310.9,1520.0,30.2,66,0,4807.06,1993.2,10.0
4226,M,300.6,307.9,1789.0,17.3,89,0,3241.05,1539.7,7.2999999999999545
4227,L,301.5,312.1,1511.0,42.2,171,0,6677.37,7216.200000000001,10.600000000000023
4228,M,299.6,310.9,1775.0,49.7,57,0,9238.11,2832.9,11.299999999999955
4229,L,300.4,310.4,1305.0,58.5,161,0,7994.57,9418.5,10.0
4230,L,299.2,310.4,1788.0,37.9,93,0,7096.36,3524.7,11.199999999999989
4231,M,298.8,307.2,1383.0,57.1,221,1,8269.65,12619.1,8.399999999999977
4232,L,302.7,311.3,1690.0,26.4,184,0,4672.18,4857.599999999999,8.600000000000023
4233,L,295.9,306.1,1383.0,36.5,156,0,5286.2,5694.0,10.200000000000045
4234,H,301.8,312.2,1648.0,29.8,164,0,5142.83,4887.2,10.399999999999977
4235,L,298.8,310.1,1365.0,47.8,235,1,6832.65,11233.0,11.300000000000011
4236,L,298.5,309.1,1723.0,26.9,88,0,4853.62,2367.2,10.600000000000023
4237,L,300.5,309.3,1689.0,43.9,67,0,7764.67,2941.2999999999997,8.800000000000011
4238,M,297.0,307.2,1430.0,27.5,61,0,4118.1,1677.5,10.199999999999989
4239,M,298.4,309.0,1641.0,57.4,0,0,9863.91,0.0,10.600000000000023
4240,L,298.3,306.4,1707.0,36.2,199,0,6470.99,7203.8,8.099999999999966
4241,M,299.6,309.5,1372.0,43.7,116,0,6278.62,5069.200000000001,9.899999999999977
4242,L,298.4,308.1,1352.0,22.1,179,0,3128.94,3955.9,9.700000000000045
4243,M,303.2,312.5,1346.0,25.0,56,0,3523.82,1400.0,9.300000000000011
4244,L,303.6,314.1,1320.0,32.2,56,0,4451.01,1803.2000000000003,10.5
4245,L,296.0,304.8,1345.0,48.4,65,0,6817.05,3146.0,8.800000000000011
4246,H,301.1,311.5,1703.0,46.5,80,0,8292.71,3720.0,10.399999999999977
4247,L,301.7,312.3,1637.0,50.7,247,1,8691.31,12522.900000000001,10.600000000000023
4248,L,301.1,312.2,1234.0,24.9,232,0,3217.68,5776.799999999999,11.099999999999966
4249,L,298.7,307.6,1446.0,44.9,60,0,6798.97,2694.0,8.900000000000034
4250,H,299.5,308.0,1330.0,34.3,51,1,4777.21,1749.3,8.5
4251,L,298.5,308.8,1692.0,31.9,106,0,5652.23,3381.3999999999996,10.300000000000011
4252,L,299.2,308.9,1457.0,34.5,48,0,5263.9,1656.0,9.699999999999989
4253,L,297.6,310.5,1261.0,38.7,22,0,5110.4,851.4000000000001,12.899999999999977
4254,L,299.8,310.2,1568.0,46.5,212,0,7635.33,9858.0,10.399999999999977
4255,L,297.0,307.1,1646.0,51.1,220,1,8808.04,11242.0,10.100000000000023
4256,M,299.6,309.4,1367.0,45.1,68,0,6456.15,3066.8,9.799999999999955
4257,H,297.5,306.3,1490.0,46.2,95,0,7208.7,4389.0,8.800000000000011
4258,L,300.4,311.0,1376.0,58.1,148,0,8371.88,8598.800000000001,10.600000000000023
4259,L,298.6,308.6,1760.0,46.8,185,0,8625.56,8658.0,10.0
4260,L,300.6,310.5,1460.0,37.8,8,0,5779.27,302.4,9.899999999999977
4261,L,302.2,312.3,1408.0,45.7,198,0,6738.26,9048.6,10.100000000000023
4262,M,303.2,313.4,1528.0,56.9,81,0,9104.67,4608.9,10.199999999999989
4263,L,294.9,303.85,1500.0,31.2,78,0,4900.88,2433.6,8.950000000000045
4264,L,298.3,309.2,1661.0,35.6,185,0,6192.25,6586.0,10.899999999999977
4265,M,299.4,308.5,1755.0,54.3,216,0,9979.43,11728.8,9.100000000000023
4266,L,300.9,310.8,1757.0,37.0,175,0,6807.73,6475.0,9.900000000000034
4267,M,296.7,308.0,1469.0,47.5,79,0,7307.08,3752.5,11.300000000000011
4268,L,298.0,309.8,1592.0,52.7,188,0,8785.82,9907.6,11.800000000000011
4269,M,300.3,308.6,1804.0,27.4,211,0,5176.26,5781.4,8.300000000000011
4270,H,300.2,310.2,1811.0,35.8,236,0,6789.38,8448.8,10.0
4271,M,300.8,311.0,1381.0,51.9,36,0,7505.67,1868.3999999999999,10.199999999999989
4272,H,300.9,309.4,1644.0,38.6,225,0,6645.35,8685.0,8.5
4273,L,300.7,311.5,1613.0,19.8,114,0,3344.48,2257.2000000000003,10.800000000000011
4274,L,300.4,310.5,1703.0,34.8,4,0,6206.15,139.2,10.100000000000023
4275,M,300.1,310.3,1760.0,47.8,160,0,8809.86,7648.0,10.199999999999989
4276,L,301.3,310.4,1351.0,52.6,192,0,7441.66,10099.2,9.099999999999966
4277,L,295.5,305.9,1414.0,40.4,239,0,5982.18,9655.6,10.399999999999977
4278,L,303.1,313.9,1700.0,44.7,112,0,7957.65,5006.400000000001,10.799999999999955
4279,L,295.6,305.7,1564.0,36.2,6,0,5928.9,217.20000000000002,10.099999999999966
4280,L,297.8,307.3,1139.0,48.9,41,0,5832.59,2004.8999999999999,9.5
4281,L,299.5,309.1,1239.0,54.1,59,0,7019.35,3191.9,9.600000000000023
4282,M,301.3,311.6,1656.0,47.6,131,0,8254.6,6235.6,10.300000000000011
4283,L,294.4000000000001,304.1,1688.0,38.7,3,0,6840.88,116.10000000000001,9.699999999999932
4284,L,299.9,310.8,1296.0,44.2,236,0,5998.68,10431.2,10.900000000000034
4285,L,301.6,311.1,1734.0,49.4,76,0,8970.25,3754.4,9.5
4286,L,302.0,310.8,1502.0,40.2,98,0,6323.02,3939.6000000000004,8.800000000000011
4287,M,298.6,309.0,1354.0,47.9,106,0,6791.77,5077.4,10.399999999999977
4288,L,299.4,308.9,1437.0,43.6,145,0,6561.03,6322.0,9.5
4289,L,298.8,309.6,1319.0,54.0,115,0,7458.77,6210.0,10.800000000000011
4290,M,299.2,309.2,1427.0,46.9,124,0,7008.51,5815.599999999999,10.0
4291,L,297.9,308.6,1203.0,34.9,234,0,4396.63,8166.599999999999,10.700000000000045
4292,L,298.2,307.2,1524.0,53.9,177,0,8602.06,9540.3,9.0
4293,L,300.9,311.0,1643.0,44.5,109,0,7656.43,4850.5,10.100000000000023
4294,H,300.3,309.6,1296.0,38.5,202,0,5225.1,7777.0,9.300000000000011
4295,L,301.0,309.8,1541.0,26.4,12,0,4260.25,316.79999999999995,8.800000000000011
4296,L,300.4,309.6,1393.0,42.2,234,0,6155.91,9874.800000000001,9.200000000000045
4297,L,301.4,310.9,1657.0,58.2,30,0,10098.9,1746.0,9.5
4298,L,301.8,313.0,1123.0,13.34999999999999,230,0,1569.96,3070.4999999999977,11.199999999999989
4299,L,296.5,305.9,1665.0,13.34999999999999,41,0,2327.68,547.3499999999996,9.399999999999977
4300,L,298.3,307.0,1212.0,47.5,69,0,6028.72,3277.5,8.699999999999989
4301,L,299.5,309.7,1500.0,42.3,229,0,6644.47,9686.699999999999,10.199999999999989
4302,H,300.0,310.0,1411.0,46.6,113,0,6885.6,5265.8,10.0
4303,M,298.7,308.2,1473.0,34.7,138,0,5352.55,4788.6,9.5
4304,L,301.8,311.7,1264.0,18.6,148,0,2462.0,2752.8,9.899999999999977
4305,M,304.0,314.9,1835.0,31.6,153,0,6072.28,4834.8,10.899999999999977
4306,L,300.4,311.0,1307.0,55.4,14,0,7582.53,775.6,10.600000000000023
4307,L,300.2,310.8,1321.0,35.4,151,0,4897.05,5345.4,10.600000000000023
4308,M,301.7,310.5,1859.0,35.5,187,0,6910.93,6638.5,8.800000000000011
4309,M,296.3,309.2,1595.0,13.7,81,0,2288.28,1109.7,12.899999999999977
4310,M,300.1,311.1,1313.0,21.9,199,0,3011.19,4358.099999999999,11.0
4311,L,302.0,312.5,1514.0,51.0,104,0,8085.83,5304.0,10.5
4312,H,298.7,307.5,1495.0,37.3,162,0,5839.54,6042.599999999999,8.800000000000011
4313,L,297.5,308.5,1235.0,49.8,27,0,6440.58,1344.6,11.0
4314,M,299.6,309.1,1402.0,32.4,156,0,4756.87,5054.4,9.5
4315,H,299.9,309.7,1533.0,25.3,238,0,4061.55,6021.400000000001,9.800000000000011
4316,L,298.2,306.5,1764.0,37.3,51,0,6890.27,1902.3,8.300000000000011
4317,M,304.2,313.0,1504.0,34.2,109,0,5386.45,3727.8,8.800000000000011
4318,L,299.0,309.5,1517.0,31.6,189,0,5019.97,5972.400000000001,10.5
4319,L,297.7,308.7,1392.0,31.9,55,0,4650.06,1754.5,11.0
4320,L,299.8,310.5,1734.0,38.6,1,0,7009.14,38.6,10.699999999999989
4321,L,301.8,312.5,1699.0,35.0,81,0,6227.16,2835.0,10.699999999999989
4322,H,300.0,310.0,1679.0,30.6,192,0,5380.23,5875.200000000001,10.0
4323,M,301.0,310.6,1558.0,57.9,62,0,9446.58,3589.7999999999997,9.600000000000023
4324,L,298.3,308.5,1251.0,44.5,59,0,5829.7,2625.5,10.199999999999989
4325,M,303.0,313.8,1732.0,41.5,193,0,7527.05,8009.5,10.800000000000011
4326,H,301.1,311.1,1548.0,39.2,108,0,6354.56,4233.6,10.0
4327,L,302.1,313.3,1482.0,46.5,108,0,7216.55,5022.0,11.199999999999989
4328,H,300.7,310.5,1618.0,45.2,141,0,7658.53,6373.200000000001,9.800000000000011
4329,L,301.6,310.7,1578.0,29.6,27,0,4891.33,799.2,9.099999999999966
4330,M,298.3,308.2,1346.0,24.6,43,0,3467.44,1057.8,9.899999999999977
4331,L,299.0,309.1,1480.0,17.3,120,0,2681.24,2076.0,10.100000000000023
4332,L,302.7,312.6,1197.0,57.7,187,1,7232.67,10789.9,9.900000000000034
4333,L,303.1,314.4,1553.0,35.5,148,0,5773.36,5254.0,11.299999999999955
4334,M,297.7,308.5,1776.0,45.8,211,0,8517.99,9663.8,10.800000000000011
4335,L,300.5,309.1,1216.0,41.9,33,1,5335.51,1382.7,8.600000000000023
4336,L,299.1,310.7,1561.0,49.0,225,1,8009.91,11025.0,11.599999999999966
4337,L,298.6,305.9,1657.0,39.3,109,0,6819.36,4283.7,7.2999999999999545
4338,H,300.6,312.7,1684.0,26.7,181,0,4708.49,4832.7,12.099999999999966
4339,L,302.3,312.0,1404.0,29.6,166,0,4351.99,4913.6,9.699999999999989
4340,L,300.9,310.7,1340.0,36.4,3,0,5107.81,109.19999999999999,9.800000000000011
4341,L,299.4,309.3,1432.0,24.1,234,0,3614.0,5639.400000000001,9.900000000000034
4342,L,301.0,311.4,1751.0,31.4,155,0,5757.64,4867.0,10.399999999999977
4343,M,299.3,309.3,1231.0,28.0,38,0,3609.48,1064.0,10.0
4344,M,300.8,310.7,1320.0,36.6,192,0,5059.22,7027.200000000001,9.899999999999977
4345,L,302.8,314.1,1455.0,35.0,172,0,5332.85,6020.0,11.300000000000011
4346,L,295.8,306.4,1363.0,41.1,71,0,5866.33,2918.1,10.599999999999966
4347,M,301.6,310.6,1530.0,48.4,60,0,7754.71,2904.0,9.0
4348,L,296.9,307.7,1791.0,37.5,59,0,7033.24,2212.5,10.800000000000011
4349,M,302.5,313.0,1322.0,24.9,143,0,3447.14,3560.7,10.5
4350,M,298.7,308.2,1511.0,19.5,50,0,3085.52,975.0,9.5
4351,M,297.6,308.4,1536.0,41.5,111,0,6675.26,4606.5,10.799999999999955
4352,L,301.4,311.2,1478.0,33.3,44,0,5154.03,1465.1999999999998,9.800000000000011
4353,L,300.7,310.5,1255.0,38.3,30,0,5033.51,1149.0,9.800000000000011
4354,H,298.0,307.8,1423.0,43.2,134,0,6437.5,5788.8,9.800000000000011
4355,L,297.5,305.1,1424.0,54.3,246,1,8097.27,13357.8,7.600000000000023
4356,M,299.6,309.1,1651.0,22.5,50,0,3890.08,1125.0,9.5
4357,L,297.6,308.3,1613.0,29.8,132,0,5033.61,3933.6,10.699999999999989
4358,M,297.9,307.9,1260.0,39.1,193,0,5159.12,7546.3,10.0
4359,L,300.2,308.9,1468.0,28.5,40,0,4381.27,1140.0,8.699999999999989
4360,L,298.1,309.0,1448.0,25.1,239,0,3806.02,5998.900000000001,10.899999999999977
4361,L,300.9,310.6,1887.0,52.9,116,0,10453.37,6136.4,9.700000000000045
4362,M,303.0,311.8,1590.0,29.5,67,0,4911.88,1976.5,8.800000000000011
4363,M,299.7,311.9,1345.0,26.9,9,0,3788.81,242.1,12.199999999999989
4364,L,300.3,309.2,1398.0,28.5,98,0,4172.35,2793.0,8.899999999999977
4365,L,304.0,314.9,1470.0,50.7,64,0,7804.66,3244.8,10.899999999999977
4366,M,297.6,306.9,1602.0,33.0,230,0,5536.11,7590.0,9.299999999999955
4367,L,302.4,312.5,1624.0,26.1,2,0,4438.69,52.2,10.100000000000023
4368,L,302.1,311.2,1573.0,31.5,170,0,5188.81,5355.0,9.099999999999966
4369,L,301.7,310.5,1500.0,39.4,172,0,6188.94,6776.8,8.800000000000011
4370,L,302.6,313.1,1513.0,48.8,153,0,7731.92,7466.4,10.5
4371,L,300.6,311.0,1514.0,47.9,80,0,7594.34,3832.0,10.399999999999977
4372,L,298.8,310.0,1218.0,32.2,249,0,4107.07,8017.800000000001,11.199999999999989
4373,L,302.2,312.2,1527.0,34.6,41,0,5532.78,1418.6000000000001,10.0
4374,L,302.3,314.5,1434.0,60.8,71,0,9130.22,4316.8,12.199999999999989
4375,L,302.2,312.5,1242.0,49.8,29,0,6477.08,1444.1999999999998,10.300000000000011
4376,L,300.1,310.7,1970.0,37.4,71,0,7715.54,2655.4,10.599999999999966
4377,L,298.6,307.2,1593.0,17.0,220,0,2835.92,3740.0,8.599999999999966
4378,M,300.4,309.8,1540.0,35.3,114,0,5692.78,4024.2,9.400000000000034
4379,L,301.9,312.4,1471.0,26.7,249,0,4112.94,6648.3,10.5
4380,L,302.0,312.0,1668.0,31.3,242,0,5467.25,7574.6,10.0
4381,L,299.1,309.3,1329.0,30.3,209,0,4216.93,6332.7,10.199999999999989
4382,L,300.6,309.8,1482.0,37.6,23,0,5835.32,864.8000000000001,9.199999999999989
4383,L,297.4,307.5,1367.0,40.6,72,0,5811.97,2923.2000000000003,10.100000000000023
4384,L,302.0,312.1,1667.0,32.6,83,0,5690.91,2705.8,10.100000000000023
4385,M,298.4,307.3,1390.0,27.2,115,0,3959.24,3128.0,8.900000000000034
4386,L,301.6,312.2,1735.0,38.1,171,0,6922.34,6515.1,10.599999999999966
4387,H,297.7,306.0,1520.0,34.9,140,0,5555.17,4886.0,8.300000000000011
4388,L,302.1,312.2,1676.0,21.0,36,0,3685.72,756.0,10.099999999999966
4389,L,300.6,312.4,1609.0,46.0,18,0,7750.73,828.0,11.799999999999955
4390,L,298.4,309.1,1727.0,32.6,4,0,5895.74,130.4,10.700000000000045
4391,L,301.4,312.1,1370.0,37.2,163,0,5336.94,6063.6,10.700000000000045
4392,L,298.8,307.9,1700.0,37.7,215,0,6711.49,8105.500000000001,9.099999999999966
4393,M,301.5,313.3,1204.0,39.7,244,0,5005.48,9686.800000000001,11.800000000000011
4394,L,299.5,310.8,1545.0,41.4,182,0,6698.19,7534.8,11.300000000000011
4395,H,296.6,305.7,1440.0,26.9,51,0,4056.42,1371.8999999999999,9.099999999999966
4396,M,298.0,307.6,1286.0,43.0,161,0,5790.79,6923.0,9.600000000000023
4397,L,299.1,310.4,1378.0,36.5,110,0,5267.09,4015.0,11.299999999999955
4398,L,302.7,314.5,1423.0,50.7,135,0,7555.12,6844.5,11.800000000000011
4399,L,301.8,310.5,1502.0,48.0,237,1,7549.88,11376.0,8.699999999999989
4400,L,303.2,312.2,1444.0,53.1,3,0,8029.53,159.3,9.0
4401,L,303.3,313.2,1552.0,30.6,235,0,4973.27,7191.0,9.899999999999977
4402,L,298.9,306.8,1389.0,52.7,248,1,7665.52,13069.6,7.900000000000034
4403,L,299.6,309.6,1452.0,40.8,101,0,6203.77,4120.799999999999,10.0
4404,L,299.2,310.4,1486.0,46.8,199,0,7282.71,9313.199999999999,11.199999999999989
4405,H,298.7,307.2,1570.0,46.6,72,0,7661.51,3355.2000000000003,8.5
4406,M,296.3,306.4,1689.0,44.5,40,0,7870.79,1780.0,10.099999999999966
4407,H,300.0,309.4,1690.0,29.1,239,0,5150.01,6954.900000000001,9.399999999999977
4408,L,297.4,309.1,1580.0,49.4,168,0,8173.59,8299.199999999999,11.700000000000045
4409,L,299.9,309.4,1615.0,43.4,246,0,7339.91,10676.4,9.5
4410,L,304.2,315.8,1593.0,25.2,30,0,4203.83,756.0,11.600000000000023
4411,L,299.0,308.4,1481.0,35.1,94,0,5443.66,3299.4,9.399999999999977
4412,L,300.4,311.2,1699.0,27.8,59,0,4946.14,1640.2,10.800000000000011
4413,M,301.8,312.1,1374.0,25.7,178,0,3697.84,4574.599999999999,10.300000000000011
4414,M,300.6,310.4,1171.0,48.4,39,0,5935.14,1887.6,9.799999999999955
4415,L,300.6,309.8,1351.0,25.2,198,0,3565.21,4989.599999999999,9.199999999999989
4416,L,299.3,309.6,1789.0,26.7,24,0,5002.08,640.8,10.300000000000011
4417,L,299.5,309.1,1485.0,59.6,204,1,9268.33,12158.4,9.600000000000023
4418,L,298.1,307.4,1587.0,35.4,196,0,5883.13,6938.4,9.299999999999955
4419,L,301.7,313.2,1488.0,46.5,60,0,7245.77,2790.0,11.5
4420,L,296.5,307.1,1638.0,51.1,243,1,8765.23,12417.300000000001,10.600000000000023
4421,L,301.9,312.6,1550.0,47.6,145,0,7726.22,6902.0,10.700000000000045
4422,H,297.2,306.8,1525.0,41.4,70,0,6611.48,2898.0,9.600000000000023
4423,L,301.9,311.7,1647.0,39.5,165,0,6812.7,6517.5,9.800000000000011
4424,M,299.3,309.0,1454.0,45.3,63,0,6897.49,2853.8999999999996,9.699999999999989
4425,L,297.5,307.9,1604.0,37.7,181,0,6332.49,6823.700000000001,10.399999999999977
4426,L,301.2,311.8,1506.0,46.8,105,0,7380.73,4914.0,10.600000000000023
4427,L,301.9,311.8,1518.0,37.3,78,0,5929.38,2909.3999999999996,9.900000000000034
4428,L,299.1,308.3,1391.0,38.5,247,0,5608.11,9509.5,9.199999999999989
4429,L,301.4,312.2,1499.0,58.6,176,0,9198.73,10313.6,10.800000000000011
4430,M,295.4,305.5,1441.0,35.1,44,0,5296.63,1544.4,10.100000000000023
4431,M,297.4,305.9,1740.0,40.1,189,0,7306.72,7578.900000000001,8.5
4432,L,302.6,310.4,1236.0,44.2,224,1,5720.97,9900.800000000001,7.7999999999999545
4433,L,299.6,309.9,1697.0,44.8,51,0,7961.38,2284.7999999999997,10.299999999999955
4434,H,296.3,305.4,1225.0,42.8,30,0,5490.46,1284.0,9.099999999999966
4435,L,298.6,309.0,1634.0,27.4,183,0,4688.47,5014.2,10.399999999999977
4436,L,298.2,307.4,1388.0,41.5,116,0,6032.07,4814.0,9.199999999999989
4437,L,299.7,309.8,1639.0,42.3,72,0,7260.19,3045.6,10.100000000000023
4438,M,299.3,308.9,1516.0,51.3,146,0,8144.14,7489.799999999999,9.599999999999966
4439,H,300.4,312.1,1281.0,47.3,123,0,6345.11,5817.9,11.700000000000045
4440,L,299.9,310.8,1781.0,51.9,69,0,9679.66,3581.1,10.900000000000034
4441,M,302.7,314.1,1677.0,29.9,181,0,5250.89,5411.9,11.400000000000034
4442,M,300.8,310.9,1628.0,30.0,99,0,5114.51,2970.0,10.099999999999966
4443,L,300.9,311.7,1423.0,43.2,223,0,6437.5,9633.6,10.800000000000011
4444,L,302.3,312.4,1683.0,51.2,155,0,9023.66,7936.0,10.099999999999966
4445,L,299.2,310.7,1308.0,37.9,186,0,5191.29,7049.4,11.5
4446,H,297.5,307.4,1139.0,32.5,61,0,3876.46,1982.5,9.899999999999977
4447,L,302.4,311.0,1258.0,23.9,177,0,3148.53,4230.3,8.600000000000023
4448,M,300.3,308.3,1372.0,43.5,165,1,6249.88,7177.5,8.0
4449,L,300.3,311.9,1402.0,38.8,9,0,5696.5,349.2,11.599999999999966
4450,M,298.7,309.2,1460.0,35.6,162,0,5442.91,5767.2,10.5
4451,L,298.8,309.3,1468.0,48.9,45,0,7517.33,2200.5,10.5
4452,L,301.7,313.2,1421.0,39.0,23,0,5803.46,897.0,11.5
4453,M,302.0,310.3,1159.0,39.9,97,1,4842.67,3870.2999999999997,8.300000000000011
4454,M,301.6,311.2,1572.0,48.9,114,0,8049.89,5574.599999999999,9.599999999999966
4455,M,301.6,311.3,1490.0,61.7,72,0,9627.2,4442.400000000001,9.699999999999989
4456,L,301.1,311.9,1413.0,35.5,218,0,5252.9,7739.0,10.799999999999955
4457,M,300.3,309.6,1788.0,31.2,97,0,5841.85,3026.4,9.300000000000011
4458,L,299.6,308.4,1494.0,30.0,206,0,4693.54,6180.0,8.799999999999955
4459,L,302.4,311.2,1548.0,44.6,90,0,7229.94,4014.0,8.800000000000011
4460,L,299.3,310.4,1680.0,29.0,90,0,5101.95,2610.0,11.099999999999966
4461,L,300.7,310.0,1271.0,36.2,126,0,4818.18,4561.200000000001,9.300000000000011
4462,L,298.4,307.8,1533.0,37.1,159,0,5955.86,5898.900000000001,9.400000000000034
4463,H,298.7,309.3,1679.0,55.4,236,1,9740.68,13074.4,10.600000000000023
4464,L,299.5,308.8,1521.0,51.8,26,0,8250.64,1346.8,9.300000000000011
4465,M,298.4,306.7,1304.0,24.6,25,1,3359.24,615.0,8.300000000000011
4466,L,301.6,310.0,1451.0,55.7,171,0,8463.52,9524.7,8.399999999999977
4467,L,297.3,307.2,1571.0,27.8,144,0,4573.51,4003.2000000000003,9.899999999999977
4468,L,300.2,310.7,1160.0,41.5,143,0,5041.21,5934.5,10.5
4469,H,300.3,310.1,1295.0,31.6,226,0,4285.34,7141.6,9.800000000000011
4470,M,296.4,306.8,1891.0,36.0,153,0,7128.9,5508.0,10.400000000000034
4471,H,299.1,307.5,1624.0,30.1,101,0,5118.95,3040.1000000000004,8.399999999999977
4472,H,300.5,309.0,1803.0,56.6,55,0,10686.63,3113.0,8.5
4473,L,300.9,313.1,1693.0,38.5,221,0,6825.69,8508.5,12.200000000000045
4474,L,299.6,310.8,1608.0,42.1,233,0,7089.19,9809.300000000001,11.199999999999989
4475,M,301.4,312.1,1482.0,29.2,164,0,4531.68,4788.8,10.700000000000045
4476,L,299.8,309.1,1606.0,25.8,205,0,4339.04,5289.0,9.300000000000011
4477,L,300.0,309.8,1797.0,35.5,81,0,6680.44,2875.5,9.800000000000011
4478,L,300.5,310.5,1685.0,45.1,219,1,7958.02,9876.9,10.0
4479,L,301.9,313.2,1567.0,38.7,231,0,6350.51,8939.7,11.300000000000011
4480,L,298.6,309.1,1507.0,49.6,143,0,7827.51,7092.8,10.5
4481,L,299.0,309.6,1627.0,41.1,1,0,7002.58,41.1,10.600000000000023
4482,L,298.7,308.5,1442.0,40.0,211,0,6040.24,8440.0,9.800000000000011
4483,L,299.3,310.1,1627.0,45.2,157,0,7701.13,7096.400000000001,10.800000000000011
4484,L,302.9,313.2,1413.0,40.9,72,0,6051.93,2944.7999999999997,10.300000000000011
4485,L,301.1,311.2,1474.0,49.3,182,0,7609.8,8972.6,10.099999999999966
4486,M,297.7,307.0,1354.0,45.4,190,0,6437.29,8626.0,9.300000000000011
4487,L,298.8,308.7,1459.0,49.0,114,0,7486.52,5586.0,9.899999999999977
4488,L,300.7,309.7,1415.0,47.0,63,0,6964.39,2961.0,9.0
4489,M,298.2,308.1,1840.0,53.4,64,0,10289.34,3417.6,9.900000000000034
4490,L,298.5,308.6,1377.0,48.2,154,0,6950.4,7422.8,10.100000000000023
4491,L,302.7,310.3,1606.0,57.3,245,1,9636.71,14038.5,7.600000000000023
4492,M,298.8,308.5,1368.0,34.5,136,0,4942.35,4692.0,9.699999999999989
4493,L,301.9,310.7,1546.0,48.2,211,0,7803.42,10170.2,8.800000000000011
4494,M,302.5,313.0,1589.0,26.1,90,0,4343.03,2349.0,10.5
4495,M,298.5,309.2,1206.0,49.3,166,0,6226.2,8183.799999999999,10.699999999999989
4496,M,298.2,307.8,1287.0,40.5,162,0,5458.36,6561.0,9.600000000000023
4497,L,299.4,310.0,1367.0,49.2,160,0,7043.07,7872.0,10.600000000000023
4498,L,297.8,308.4,1304.0,56.6,140,0,7728.99,7924.0,10.599999999999966
4499,L,300.2,310.0,1553.0,47.9,77,0,7789.97,3688.2999999999997,9.800000000000011
4500,L,299.6,311.1,1581.0,35.8,180,0,5927.12,6443.999999999999,11.5
4501,L,300.7,310.0,1347.0,29.1,0,0,4104.77,0.0,9.300000000000011
4502,L,302.8,314.3,1560.0,45.2,177,0,7384.0,8000.400000000001,11.5
4503,L,301.6,311.4,1462.0,37.1,70,0,5680.02,2597.0,9.799999999999955
4504,L,301.0,310.1,1520.0,46.5,174,0,7401.59,8091.0,9.100000000000023
4505,L,296.1,305.7,1425.0,34.9,224,0,5207.98,7817.599999999999,9.599999999999966
4506,L,300.9,309.8,1625.0,30.6,245,0,5207.19,7497.0,8.900000000000034
4507,M,303.4,314.2,1830.0,37.5,102,0,7186.39,3825.0,10.800000000000011
4508,L,294.4000000000001,303.85,1676.0,44.9,243,0,7880.41,10910.699999999999,9.449999999999932
4509,L,301.4,312.8,1787.0,41.1,179,0,7691.22,7356.900000000001,11.400000000000034
4510,H,299.7,308.7,1286.0,31.8,33,0,4282.49,1049.4,9.0
4511,L,298.3,309.1,1417.0,57.8,237,1,8576.82,13698.599999999999,10.800000000000011
4512,L,301.6,311.6,1639.0,38.5,116,0,6607.97,4466.0,10.0
4513,L,303.4,313.7,1807.0,17.4,91,0,3292.58,1583.3999999999999,10.300000000000011
4514,M,301.6,311.0,1654.0,49.2,6,0,8521.76,295.20000000000005,9.399999999999977
4515,L,299.3,309.6,1354.0,39.8,173,0,5643.26,6885.4,10.300000000000011
4516,L,298.1,308.2,1460.0,38.2,115,0,5840.43,4393.0,10.099999999999966
4517,L,300.3,308.8,1597.0,38.0,215,0,6355.02,8170.0,8.5
4518,M,301.7,310.8,1508.0,38.1,78,0,6016.65,2971.8,9.100000000000023
4519,L,299.2,308.7,1395.0,56.5,23,0,8253.75,1299.5,9.5
4520,L,299.4,308.7,1486.0,44.5,90,0,6924.8,4005.0,9.300000000000011
4521,M,305.5999999999999,316.25000000000006,1535.0,42.5,38,0,6831.66,1615.0,10.650000000000148
4522,L,302.2,312.2,1343.0,37.3,189,0,5245.82,7049.7,10.0
4523,M,302.3,311.5,1714.0,57.1,194,0,10248.86,11077.4,9.199999999999989
4524,L,297.1,306.6,1459.0,48.3,73,0,7379.57,3525.8999999999996,9.5
4525,M,298.6,308.1,1525.0,49.8,203,0,7952.94,10109.4,9.5
4526,L,300.1,309.9,1723.0,42.7,168,0,7704.45,7173.6,9.799999999999955
4527,M,298.0,306.9,1515.0,49.9,156,0,7916.66,7784.4,8.899999999999977
4528,H,303.2,312.4,1713.0,43.8,199,0,7857.06,8716.199999999999,9.199999999999989
4529,L,302.8,313.6,1353.0,36.2,201,0,5129.03,7276.200000000001,10.800000000000011
4530,L,298.9,309.1,1615.0,43.6,16,0,7373.74,697.6,10.200000000000045
4531,L,303.6,313.4,1688.0,60.8,136,0,10747.43,8268.8,9.799999999999955
4532,L,300.0,310.0,1389.0,41.9,118,0,6094.6,4944.2,10.0
4533,L,305.2,315.1,1506.0,52.6,233,1,8295.44,12255.800000000001,9.900000000000034
4534,L,300.3,310.1,1509.0,51.8,249,1,8185.55,12898.199999999999,9.800000000000011
4535,L,301.2,311.7,1575.0,45.5,14,0,7504.48,637.0,10.5
4536,L,302.8,313.2,1622.0,56.4,3,0,9579.85,169.2,10.399999999999977
4537,L,302.6,311.0,1374.0,18.3,148,1,2633.09,2708.4,8.399999999999977
4538,M,301.0,310.9,1527.0,21.6,70,0,3453.99,1512.0,9.899999999999977
4539,L,299.7,308.2,1822.0,57.1,175,0,10894.65,9992.5,8.5
4540,L,301.0,311.7,1726.0,33.5,135,0,6055.0,4522.5,10.699999999999989
4541,L,298.4,309.1,1680.0,41.0,45,0,7213.1,1845.0,10.700000000000045
4542,L,300.3,309.7,1503.0,57.3,211,1,9018.66,12090.3,9.399999999999977
4543,L,297.8,307.7,1919.0,41.9,134,0,8420.11,5614.599999999999,9.899999999999977
4544,L,296.4,304.3,1722.0,56.7,109,0,10224.56,6180.3,7.900000000000034
4545,L,300.1,311.1,1544.0,36.0,197,0,5820.74,7092.0,11.0
4546,M,302.5,313.2,1577.0,46.0,136,0,7596.58,6256.0,10.699999999999989
4547,L,301.9,313.0,1455.0,40.5,205,0,6170.87,8302.5,11.100000000000023
4548,M,299.8,311.3,1608.0,54.7,175,0,9210.9,9572.5,11.5
4549,M,303.5,312.3,1644.0,37.3,99,0,6421.54,3692.7,8.800000000000011
4550,M,298.9,309.7,1663.0,30.3,51,0,5276.71,1545.3,10.800000000000011
4551,H,296.2,307.6,1505.0,35.2,156,0,5547.63,5491.200000000001,11.400000000000034
4552,L,295.6,304.1,1274.0,35.7,2,1,4762.84,71.4,8.5
4553,L,297.6,307.5,1581.0,33.5,108,0,5546.32,3618.0,9.899999999999977
4554,M,301.6,311.3,1664.0,33.0,158,0,5750.37,5214.0,9.699999999999989
4555,L,298.7,309.6,1362.0,51.1,87,0,7288.31,4445.7,10.900000000000034
4556,L,300.9,308.5,1521.0,53.9,62,0,8585.12,3341.7999999999997,7.600000000000023
4557,M,303.3,315.1,1778.0,43.8,151,0,8155.2,6613.799999999999,11.800000000000011
4558,M,297.8,307.7,1322.0,33.5,175,0,4637.72,5862.5,9.899999999999977
4559,H,301.0,311.9,1487.0,34.1,99,0,5309.99,3375.9,10.899999999999977
4560,H,301.1,311.0,1804.0,19.3,34,0,3646.05,656.2,9.899999999999977
4561,M,298.3,308.8,1566.0,43.7,117,0,7166.41,5112.900000000001,10.5
4562,L,302.7,310.4,1443.0,33.1,24,0,5001.76,794.4000000000001,7.699999999999989
4563,M,299.4,309.0,1536.0,54.6,183,0,8782.39,9991.800000000001,9.600000000000023
4564,L,299.2,310.1,1685.0,26.2,102,0,4623.06,2672.4,10.900000000000034
4565,L,304.2,314.5,1501.0,34.0,246,0,5344.27,8364.0,10.300000000000011
4566,M,301.0,309.4,1644.0,38.9,20,0,6697.0,778.0,8.399999999999977
4567,L,301.9,311.9,1580.0,44.5,142,0,7362.85,6319.0,10.0
4568,L,302.7,311.9,1594.0,57.9,225,1,9664.86,13027.5,9.199999999999989
4569,L,298.7,307.8,1656.0,26.3,200,1,4560.84,5260.0,9.100000000000023
4570,M,302.5,311.0,1485.0,36.9,130,0,5738.28,4797.0,8.5
4571,L,299.0,309.6,1368.0,25.7,120,0,3681.7,3084.0,10.600000000000023
4572,M,298.9,310.0,1622.0,47.8,9,0,8119.09,430.2,11.100000000000023
4573,L,299.5,311.6,1514.0,33.5,177,0,5311.28,5929.5,12.100000000000023
4574,M,298.8,307.3,1457.0,38.9,206,0,5935.23,8013.4,8.5
4575,M,301.6,312.4,1632.0,38.2,125,0,6528.48,4775.0,10.799999999999955
4576,L,300.5,311.4,1766.0,41.1,79,0,7600.83,3246.9,10.899999999999977
4577,L,299.0,308.4,1510.0,38.3,12,0,6056.26,459.59999999999997,9.399999999999977
4578,L,301.3,310.4,1539.0,30.2,43,0,4867.14,1298.6,9.099999999999966
4579,H,299.4,308.4,1326.0,40.7,235,0,5651.54,9564.5,9.0
4580,M,299.3,308.8,1498.0,32.0,128,0,5019.85,4096.0,9.5
4581,H,300.1,310.3,1577.0,48.0,174,0,7926.87,8352.0,10.199999999999989
4582,L,300.9,312.3,1534.0,40.5,249,0,6505.92,10084.5,11.400000000000034
4583,M,300.8,311.9,1473.0,29.5,54,0,4550.44,1593.0,11.099999999999966
4584,M,299.3,307.7,1667.0,63.9,160,0,11154.88,10224.0,8.399999999999977
4585,M,301.7,310.9,1548.0,56.4,199,0,9142.79,11223.6,9.199999999999989
4586,H,299.6,310.9,2001.0,64.2,15,0,13452.74,963.0,11.299999999999955
4587,L,298.7,308.0,1575.0,36.5,47,0,6020.08,1715.5,9.300000000000011
4588,L,297.1,307.0,1046.5,31.6,34,0,3463.02,1074.4,9.899999999999977
4589,M,302.0,310.3,1338.0,47.9,50,1,6711.51,2395.0,8.300000000000011
4590,M,300.0,311.2,1633.0,50.9,187,0,8704.27,9518.3,11.199999999999989
4591,L,300.4,308.5,1422.0,41.9,77,0,6239.39,3226.2999999999997,8.100000000000023
4592,L,302.1,310.4,1433.0,18.9,104,0,2836.2,1965.6,8.299999999999955
4593,L,299.0,310.1,1316.0,30.1,90,0,4148.12,2709.0,11.100000000000023
4594,L,297.3,309.2,1452.0,44.1,171,0,6705.54,7541.1,11.899999999999977
4595,L,300.1,309.8,1572.0,33.3,175,0,5481.83,5827.499999999999,9.699999999999989
4596,M,300.6,310.6,1607.0,26.3,128,0,4425.89,3366.4,10.0
4597,M,299.5,310.4,1355.0,37.3,230,0,5292.69,8579.0,10.899999999999977
4598,L,302.9,313.2,1682.0,13.34999999999999,241,0,2351.45,3217.3499999999976,10.300000000000011
4599,L,295.0,304.7,1324.0,33.9,106,0,4700.2,3593.3999999999996,9.699999999999989
4600,L,302.2,311.8,1616.0,35.7,93,0,6041.41,3320.1000000000004,9.600000000000023
4601,L,301.6,310.0,1598.0,43.0,34,0,7195.71,1462.0,8.399999999999977
4602,M,300.9,311.1,1370.0,45.4,137,0,6513.36,6219.8,10.200000000000045
4603,H,294.4000000000001,303.85,1349.0,43.7,94,0,6173.37,4107.8,9.449999999999932
4604,L,302.6,312.1,1606.0,48.8,11,0,8207.18,536.8,9.5
4605,M,297.9,306.9,1437.0,38.2,103,0,5748.42,3934.6000000000004,9.0
4606,M,299.0,308.1,1503.0,25.4,34,0,3997.8,863.5999999999999,9.100000000000023
4607,M,299.7,310.3,1661.0,40.3,225,0,7009.76,9067.5,10.600000000000023
4608,L,300.8,311.7,1623.0,31.2,166,0,5302.76,5179.2,10.899999999999977
4609,H,301.3,311.0,1374.0,26.4,127,0,3798.56,3352.7999999999997,9.699999999999989
4610,L,301.8,311.4,1528.0,45.7,95,0,7312.54,4341.5,9.599999999999966
4611,L,301.6,310.8,1370.0,25.8,203,0,3701.42,5237.400000000001,9.199999999999989
4612,L,300.5,311.4,1693.0,46.7,172,0,8279.47,8032.400000000001,10.899999999999977
4613,L,300.8,310.9,1813.0,27.0,27,0,5126.14,729.0,10.099999999999966
4614,L,297.8,308.2,1386.0,37.0,210,0,5370.24,7770.0,10.399999999999977
4615,L,298.5,308.9,1532.0,34.3,151,0,5502.77,5179.299999999999,10.399999999999977
4616,L,301.8,311.5,1702.0,51.2,147,0,9125.53,7526.400000000001,9.699999999999989
4617,M,301.7,310.5,1542.0,45.8,213,0,7395.69,9755.4,8.800000000000011
4618,M,301.4,310.5,1638.0,31.7,10,0,5437.53,317.0,9.100000000000023
4619,L,299.0,310.1,1547.0,38.3,27,0,6204.66,1034.1,11.100000000000023
4620,M,301.8,311.1,1348.0,53.1,236,1,7495.71,12531.6,9.300000000000011
4621,M,297.7,307.3,1559.0,54.8,231,1,8946.54,12658.8,9.600000000000023
4622,M,302.2,311.0,1739.0,26.3,19,0,4789.43,499.7,8.800000000000011
4623,L,299.5,308.3,1594.0,53.0,196,0,8846.93,10388.0,8.800000000000011
4624,M,303.4,312.6,1828.0,52.2,242,1,9992.53,12632.400000000001,9.200000000000045
4625,H,297.0,308.6,1220.0,41.7,190,0,5327.51,7923.000000000001,11.600000000000023
4626,M,303.5,314.2,1605.0,39.0,115,0,6554.93,4485.0,10.699999999999989
4627,L,299.3,308.8,1422.0,34.4,57,0,5122.56,1960.8,9.5
4628,L,299.2,310.3,1381.0,27.4,39,0,3962.53,1068.6,11.100000000000023
4629,M,300.4,310.2,1776.0,43.3,6,0,8053.03,259.79999999999995,9.800000000000011
4630,L,298.6,310.0,1492.0,38.2,85,0,5968.44,3247.0000000000005,11.399999999999977
4631,L,299.9,312.1,1475.0,44.2,164,0,6827.2,7248.8,12.200000000000045
4632,L,298.5,309.6,1599.0,44.5,232,0,7451.39,10324.0,11.100000000000023
4633,M,298.6,308.7,1152.0,65.0,156,1,7841.42,10140.0,10.099999999999966
4634,M,301.0,311.7,1780.0,51.8,75,0,9655.58,3885.0,10.699999999999989
4635,L,298.2,308.2,1878.0,45.3,92,0,8908.87,4167.599999999999,10.0
4636,H,298.5,306.6,1701.0,18.6,163,0,3313.19,3031.8,8.100000000000023
4637,L,297.3,306.6,1611.0,43.8,34,0,7389.21,1489.1999999999998,9.300000000000011
4638,M,299.0,308.0,1499.0,55.7,106,0,8743.5,5904.200000000001,9.0
4639,M,302.6,311.9,1345.0,35.6,149,0,5014.19,5304.400000000001,9.299999999999955
4640,M,298.3,310.1,1751.0,61.7,17,0,11313.58,1048.9,11.800000000000011
4641,H,298.5,309.7,1702.0,45.3,184,0,8073.96,8335.199999999999,11.199999999999989
4642,L,300.4,310.8,1618.0,42.8,85,0,7251.88,3637.9999999999995,10.400000000000034
4643,M,299.3,310.1,1597.0,30.0,82,0,5017.12,2460.0,10.800000000000011
4644,L,304.5,312.6,1591.0,54.9,33,0,9146.84,1811.7,8.100000000000023
4645,M,299.7,310.4,1443.0,31.6,200,1,4775.1,6320.0,10.699999999999989
4646,M,300.7,311.6,1985.0,34.3,73,0,7129.9,2503.8999999999996,10.900000000000034
4647,M,301.9,309.6,1486.0,21.2,82,0,3299.01,1738.3999999999999,7.7000000000000455
4648,L,301.8,312.6,1461.0,48.8,101,0,7466.18,4928.799999999999,10.800000000000011
4649,M,300.5,309.0,1738.0,45.8,8,0,8335.73,366.4,8.5
4650,L,299.7,307.7,1532.0,40.0,50,0,6417.23,2000.0,8.0
4651,L,304.0,315.4,1534.0,47.3,27,0,7598.28,1277.1,11.399999999999977
4652,M,299.8,308.8,1791.0,46.3,221,0,8683.71,10232.3,9.0
4653,L,299.1,308.4,1659.0,36.3,24,0,6306.4,871.1999999999999,9.299999999999955
4654,M,298.7,309.7,1668.0,32.1,209,0,5606.99,6708.900000000001,11.0
4655,L,296.5,306.2,1284.0,22.8,179,0,3065.69,4081.2000000000003,9.699999999999989
4656,L,301.6,311.5,1609.0,38.1,25,0,6419.62,952.5,9.899999999999977
4657,M,295.3,305.1,1357.0,26.9,146,0,3822.62,3927.3999999999996,9.800000000000011
4658,L,300.0,310.3,1456.0,41.5,246,1,6327.59,10209.0,10.300000000000011
4659,L,299.6,309.4,1569.0,38.3,218,0,6292.89,8349.4,9.799999999999955
4660,M,304.5,314.6,1531.0,35.9,99,0,5755.7,3554.1,10.100000000000023
4661,L,296.3,305.8,1655.0,50.3,67,0,8717.55,3370.1,9.5
4662,M,298.2,308.5,1675.0,30.1,48,0,5279.71,1444.8000000000002,10.300000000000011
4663,L,299.7,310.0,1689.0,21.5,25,0,3802.74,537.5,10.300000000000011
4664,M,299.6,311.5,1297.0,37.7,44,0,5120.47,1658.8000000000002,11.899999999999977
4665,M,298.9,308.5,1960.0,32.5,66,0,6670.65,2145.0,9.600000000000023
4666,M,299.8,309.7,1533.0,41.1,244,0,6598.0,10028.4,9.899999999999977
4667,L,297.5,307.7,1755.0,30.8,116,0,5660.52,3572.8,10.199999999999989
4668,M,300.7,311.7,1087.0,44.1,99,0,5019.92,4365.900000000001,11.0
4669,M,295.4,304.3,1490.0,30.2,134,0,4712.18,4046.7999999999997,8.900000000000034
4670,M,299.9,310.1,1276.0,30.1,9,0,4022.03,270.90000000000003,10.200000000000045
4671,L,298.8,306.3,1383.0,46.0,236,0,6662.06,10856.0,7.5
4672,M,302.0,311.8,1547.0,39.4,249,0,6382.86,9810.6,9.800000000000011
4673,M,303.5,314.6,1478.0,28.1,195,0,4349.2,5479.5,11.100000000000023
4674,L,299.3,308.6,1773.0,30.4,134,0,5644.31,4073.6,9.300000000000011
4675,L,302.8,313.0,1854.0,36.2,149,0,7028.25,5393.8,10.199999999999989
4676,M,299.4,308.8,1364.0,28.5,221,0,4070.88,6298.5,9.400000000000034
4677,L,298.1,307.2,1450.0,37.0,213,0,5618.21,7881.0,9.099999999999966
4678,H,303.5,314.5,1353.0,37.4,52,0,5299.05,1944.8,11.0
4679,M,301.0,310.0,1744.0,30.8,28,0,5625.04,862.4,9.0
4680,M,300.0,310.3,1566.0,46.4,138,0,7609.19,6403.2,10.300000000000011
4681,L,301.4,311.7,1543.0,29.7,126,0,4799.0,3742.2,10.300000000000011
4682,L,300.5,309.7,1593.0,52.3,190,0,8724.61,9937.0,9.199999999999989
4683,H,299.9,310.0,1482.0,37.7,207,0,5850.84,7803.900000000001,10.100000000000023
4684,L,297.3,306.4,1384.0,33.3,188,0,4826.24,6260.4,9.099999999999966
4685,M,299.5,310.0,1547.0,45.3,55,0,7338.67,2491.5,10.5
4686,L,301.2,309.9,1490.0,40.2,120,0,6272.5,4824.0,8.699999999999989
4687,L,299.8,309.4,1600.0,47.5,235,1,7958.7,11162.5,9.599999999999966
4688,L,301.8,311.6,1245.0,20.0,56,0,2607.52,1120.0,9.800000000000011
4689,L,300.8,311.9,1571.0,45.0,133,0,7403.16,5985.0,11.099999999999966
4690,H,298.2,308.4,1414.0,34.7,36,0,5138.16,1249.2,10.199999999999989
4691,L,297.4,308.3,1565.0,40.3,12,0,6604.62,483.59999999999997,10.900000000000034
4692,L,299.7,310.2,1700.0,39.0,224,0,6942.92,8736.0,10.5
4693,L,299.0,309.5,1438.0,53.3,46,0,8026.29,2451.7999999999997,10.5
4694,L,300.7,310.3,1752.0,21.4,242,0,3926.24,5178.799999999999,9.600000000000023
4695,L,298.6,309.6,1226.0,56.0,199,1,7189.64,11144.0,11.0
4696,M,298.8,308.4,1814.0,46.9,74,0,8909.2,3470.6,9.599999999999966
4697,L,302.1,310.4,1759.0,41.4,224,0,7625.96,9273.6,8.299999999999955
4698,L,300.3,310.1,1379.0,25.6,191,0,3696.86,4889.6,9.800000000000011
4699,L,298.6,309.0,1380.0,23.2,96,0,3352.71,2227.2,10.399999999999977
4700,H,300.0,308.4,1270.0,34.3,171,1,4561.7,5865.299999999999,8.399999999999977
4701,L,302.8,311.9,1702.0,46.2,175,0,8234.37,8085.000000000001,9.099999999999966
4702,L,300.6,309.4,1478.0,39.8,231,0,6160.08,9193.8,8.799999999999955
4703,M,301.2,312.0,1465.0,45.7,90,0,7011.04,4113.0,10.800000000000011
4704,L,298.5,310.2,1337.0,25.3,237,0,3542.26,5996.1,11.699999999999989
4705,L,302.1,311.8,1862.0,40.3,102,0,7858.02,4110.599999999999,9.699999999999989
4706,L,304.6,315.2,1363.0,50.8,145,0,7250.84,7366.0,10.599999999999966
4707,M,298.4,308.9,1542.0,54.4,117,0,8784.4,6364.8,10.5
4708,L,297.6,309.2,1576.0,27.4,172,0,4522.05,4712.8,11.599999999999966
4709,M,300.4,309.7,1466.0,36.4,159,0,5588.1,5787.599999999999,9.300000000000011
4710,M,301.8,311.5,1430.0,36.5,236,0,5465.85,8614.0,9.699999999999989
4711,L,299.8,309.5,1471.0,33.7,232,0,5191.24,7818.400000000001,9.699999999999989
4712,L,297.9,308.0,1639.0,48.9,23,0,8392.98,1124.7,10.100000000000023
4713,L,299.8,312.3,1475.0,66.55000000000001,85,0,10279.42,5656.750000000001,12.5
4714,M,301.2,311.2,1828.0,28.8,177,0,5513.12,5097.6,10.0
4715,L,299.2,308.3,1398.0,44.1,58,0,6456.16,2557.8,9.100000000000023
4716,L,301.2,310.1,1672.0,42.8,2,0,7493.91,85.6,8.900000000000034
4717,L,302.3,313.6,1223.0,43.1,66,0,5519.91,2844.6,11.300000000000011
4718,H,300.5,309.6,1398.0,53.2,13,0,7788.39,691.6,9.100000000000023
4719,L,299.9,310.6,1391.0,43.6,95,0,6351.0,4142.0,10.700000000000045
4720,H,301.7,311.0,1340.0,18.6,200,0,2610.04,3720.0000000000005,9.300000000000011
4721,L,298.3,307.0,1588.0,25.6,15,0,4257.15,384.0,8.699999999999989
4722,L,298.1,308.7,1518.0,29.3,216,0,4657.66,6328.8,10.599999999999966
4723,L,299.5,308.8,1130.0,32.4,196,0,3834.0,6350.4,9.300000000000011
4724,L,299.0,309.4,1895.0,38.5,189,0,7640.09,7276.5,10.399999999999977
4725,L,298.4,308.9,1569.0,37.8,204,0,6210.74,7711.2,10.5
4726,L,303.7,314.2,1538.0,21.7,186,0,3494.98,4036.2,10.5
4727,H,304.3,314.1,1772.0,23.9,94,0,4434.97,2246.6,9.800000000000011
4728,M,299.3,310.0,1715.0,18.8,148,0,3376.37,2782.4,10.699999999999989
4729,M,300.2,309.3,1484.0,24.4,167,0,3791.86,4074.7999999999997,9.100000000000023
4730,L,299.6,307.2,1188.0,49.8,60,1,6195.47,2988.0,7.599999999999966
4731,L,302.2,312.9,1639.0,37.2,50,0,6384.85,1860.0000000000002,10.699999999999989
4732,L,302.6,312.8,1365.0,30.4,200,0,4345.45,6080.0,10.199999999999989
4733,M,296.4,305.8,1759.0,20.8,84,0,3831.4,1747.2,9.400000000000034
4734,H,301.0,309.5,1399.0,29.8,200,0,4365.79,5960.0,8.5
4735,L,297.4,305.3,1457.0,45.9,9,0,7003.27,413.09999999999997,7.900000000000034
4736,L,303.5,313.6,1297.0,44.6,168,0,6057.64,7492.8,10.100000000000023
4737,L,300.9,312.5,1312.0,37.4,235,0,5138.47,8789.0,11.600000000000023
4738,L,298.4,308.2,1518.0,37.2,11,0,5913.48,409.20000000000005,9.800000000000011
4739,L,299.5,309.2,1501.0,22.3,202,0,3505.21,4504.6,9.699999999999989
4740,M,299.4,309.4,1452.0,32.2,211,0,4896.11,6794.200000000001,10.0
4741,M,301.1,313.2,1905.0,45.4,241,0,9056.9,10941.4,12.099999999999966
4742,L,302.1,312.8,1646.0,33.2,191,0,5722.64,6341.200000000001,10.699999999999989
4743,L,297.7,306.8,1539.0,56.1,127,0,9041.28,7124.7,9.100000000000023
4744,H,303.7,313.7,1046.5,51.9,166,0,5687.68,8615.4,10.0
4745,L,303.2,313.5,1685.0,35.4,96,0,6246.43,3398.3999999999996,10.300000000000011
4746,L,298.2,307.2,2026.5,37.3,191,0,7915.6,7124.299999999999,9.0
4747,L,300.1,310.9,1504.0,62.0,198,1,9764.91,12276.0,10.799999999999955
4748,L,303.4,312.6,1392.0,48.3,0,0,7040.69,0.0,9.200000000000045
4749,L,302.5,311.0,1567.0,40.6,13,0,6662.29,527.8000000000001,8.5
4750,M,299.3,309.4,1281.0,41.7,172,0,5593.89,7172.400000000001,10.099999999999966
4751,L,301.6,311.5,1620.0,41.4,148,0,7023.34,6127.2,9.899999999999977
4752,L,305.5999999999999,316.0,1806.0,39.7,172,0,7508.22,6828.400000000001,10.400000000000091
4753,M,300.2,309.4,1417.0,29.2,112,0,4332.93,3270.4,9.199999999999989
4754,L,298.7,308.1,1423.0,35.9,199,0,5349.68,7144.099999999999,9.400000000000034
4755,M,300.3,311.5,1523.0,25.6,80,0,4082.9,2048.0,11.199999999999989
4756,M,300.5,310.9,1448.0,47.1,61,0,7141.97,2873.1,10.399999999999977
4757,L,299.0,308.0,1267.0,38.6,44,0,5121.45,1698.4,9.0
4758,M,300.9,308.9,1469.0,47.6,181,0,7322.47,8615.6,8.0
4759,L,297.5,306.6,1432.0,27.2,126,0,4078.88,3427.2,9.100000000000023
4760,H,298.7,308.8,1782.0,54.1,112,0,10095.63,6059.2,10.100000000000023
4761,L,301.5,310.9,1744.0,52.8,78,0,9642.93,4118.4,9.399999999999977
4762,H,296.5,305.8,1788.0,24.2,129,0,4531.18,3121.7999999999997,9.300000000000011
4763,M,301.8,311.2,1681.0,34.9,140,0,6143.58,4886.0,9.399999999999977
4764,L,296.0,305.9,1574.0,35.9,243,0,5917.36,8723.699999999999,9.899999999999977
4765,L,296.5,307.3,1381.0,25.6,156,0,3702.22,3993.6000000000004,10.800000000000011
4766,H,299.0,309.0,1775.0,37.3,155,0,6933.23,5781.5,10.0
4767,M,300.6,310.6,1600.0,45.5,7,0,7623.6,318.5,10.0
4768,L,302.7,312.4,1314.0,35.2,162,0,4843.58,5702.400000000001,9.699999999999989
4769,M,300.1,309.6,1374.0,22.8,23,0,3280.58,524.4,9.5
4770,L,299.5,310.4,1311.0,47.6,6,0,6534.89,285.6,10.899999999999977
4771,L,301.2,311.9,1170.0,32.0,27,0,3920.71,864.0,10.699999999999989
4772,L,298.3,310.3,1607.0,33.1,213,0,5570.22,7050.3,12.0
4773,L,300.3,310.9,1316.0,56.6,89,0,7800.11,5037.400000000001,10.599999999999966
4774,M,297.6,307.1,1402.0,43.9,208,0,6445.27,9131.199999999999,9.5
4775,L,300.2,309.3,1544.0,31.8,190,0,5141.66,6042.0,9.100000000000023
4776,M,299.7,310.7,1504.0,28.1,229,0,4425.71,6434.900000000001,11.0
4777,L,298.4,307.6,1410.0,49.5,5,0,7308.92,247.5,9.200000000000045
4778,L,300.3,311.1,1809.0,48.8,121,0,9244.58,5904.799999999999,10.800000000000011
4779,L,300.3,309.6,1264.0,34.9,119,0,4619.57,4153.099999999999,9.300000000000011
4780,L,302.4,312.7,1272.0,27.4,10,0,3649.78,274.0,10.300000000000011
4781,L,296.8,305.7,1619.0,43.7,37,0,7408.95,1616.9,8.899999999999977
4782,L,299.8,310.6,1425.0,45.8,193,0,6834.53,8839.4,10.800000000000011
4783,L,298.5,307.2,1418.0,36.2,190,0,5375.43,6878.000000000001,8.699999999999989
4784,L,301.7,312.0,1344.0,28.9,31,0,4067.48,895.9,10.300000000000011
4785,L,301.5,311.3,1598.0,40.1,25,0,6710.42,1002.5,9.800000000000011
4786,L,301.0,311.1,1578.0,44.5,222,0,7353.53,9879.0,10.100000000000023
4787,M,298.6,308.2,1559.0,35.0,31,0,5714.03,1085.0,9.599999999999966
4788,H,301.8,311.4,1433.0,42.5,162,0,6377.69,6885.0,9.599999999999966
4789,L,296.9,307.1,1403.0,43.5,129,0,6391.1,5611.5,10.200000000000045
4790,L,296.5,305.5,1508.0,51.3,130,0,8101.16,6669.0,9.0
4791,L,297.4,306.4,1711.0,35.7,160,0,6396.57,5712.0,9.0
4792,H,299.9,309.6,1818.0,28.6,6,0,5444.88,171.60000000000002,9.700000000000045
4793,L,301.4,311.0,1736.0,39.2,212,0,7126.3,8310.400000000001,9.600000000000023
4794,L,294.4000000000001,303.85,1628.0,56.7,175,0,9666.43,9922.5,9.449999999999932
4795,L,302.6,313.6,1713.0,22.3,88,0,4000.28,1962.4,11.0
4796,L,300.3,309.9,1326.0,16.9,79,0,2346.71,1335.1,9.599999999999966
4797,L,296.9,306.6,1410.0,38.8,150,0,5729.01,5820.0,9.700000000000045
4798,M,300.2,308.9,1631.0,36.1,80,0,6165.8,2888.0,8.699999999999989
4799,L,302.2,314.3,1516.0,37.8,96,0,6000.94,3628.7999999999997,12.100000000000023
4800,M,301.2,313.6,1598.0,37.5,209,0,6275.33,7837.5,12.400000000000034
4801,L,302.2,311.4,1713.0,49.9,102,0,8951.31,5089.8,9.199999999999989
4802,L,297.3,308.5,1685.0,39.5,214,1,6969.89,8453.0,11.199999999999989
4803,H,299.2,309.1,1342.0,48.1,8,0,6759.68,384.8,9.900000000000034
4804,L,298.2,309.8,1540.0,15.2,66,0,2451.28,1003.1999999999999,11.600000000000023
4805,M,303.4,313.8,1373.0,34.6,175,0,4974.8,6055.0,10.400000000000034
4806,L,301.3,311.4,1398.0,31.8,162,0,4655.46,5151.6,10.099999999999966
4807,L,305.5999999999999,313.2,1231.0,17.1,61,1,2204.36,1043.1000000000001,7.60000000000008
4808,H,299.1,308.2,1561.0,40.9,151,0,6685.82,6175.9,9.099999999999966
4809,L,298.6,308.6,1218.0,38.9,69,0,4961.64,2684.1,10.0
4810,M,299.7,309.9,1608.0,35.2,210,0,5927.31,7392.000000000001,10.199999999999989
4811,L,302.8,311.5,1781.0,38.6,247,0,7199.13,9534.2,8.699999999999989
4812,M,299.3,308.5,1632.0,40.9,77,0,6989.92,3149.2999999999997,9.199999999999989
4813,L,300.2,310.8,1547.0,50.0,2,0,8100.07,100.0,10.600000000000023
4814,L,300.2,308.8,1812.0,46.3,5,0,8785.53,231.5,8.600000000000023
4815,M,300.1,310.2,1596.0,43.2,208,0,7220.13,8985.6,10.099999999999966
4816,H,298.7,309.9,1383.0,62.9,163,0,9109.64,10252.699999999999,11.199999999999989
4817,H,299.7,310.1,1560.0,32.8,85,0,5358.3,2787.9999999999995,10.400000000000034
4818,M,299.6,310.0,1888.0,26.4,52,0,5219.57,1372.8,10.399999999999977
4819,M,300.0,308.0,1342.0,51.6,131,1,7251.55,6759.6,8.0
4820,L,301.9,311.1,1290.0,58.5,9,0,7902.68,526.5,9.200000000000045
4821,L,303.5,315.6,1648.0,33.6,223,0,5798.63,7492.8,12.100000000000023
4822,L,298.3,307.7,1497.0,53.6,238,1,8402.63,12756.800000000001,9.399999999999977
4823,L,299.2,310.5,1442.0,34.6,112,0,5224.8,3875.2000000000003,11.300000000000011
4824,L,298.3,307.7,1312.0,45.7,243,1,6278.83,11105.1,9.399999999999977
4825,L,300.4,310.1,1188.0,46.3,48,0,5760.05,2222.3999999999996,9.700000000000045
4826,L,298.9,309.4,1277.0,33.6,170,0,4493.23,5712.0,10.5
4827,M,300.5,310.6,1827.0,58.3,249,1,11154.13,14516.699999999999,10.100000000000023
4828,L,302.2,312.6,1536.0,59.4,195,1,9554.46,11583.0,10.400000000000034
4829,L,294.9,304.1,1186.0,29.7,12,0,3688.67,356.4,9.200000000000045
4830,L,301.0,309.8,1749.0,41.9,82,0,7674.19,3435.7999999999997,8.800000000000011
4831,M,299.1,308.2,1759.0,49.0,109,0,9025.9,5341.0,9.099999999999966
4832,M,300.9,310.4,1758.0,21.1,118,0,3884.45,2489.8,9.5
4833,M,298.2,308.0,1462.0,40.2,170,0,6154.63,6834.000000000001,9.800000000000011
4834,L,302.4,313.4,1489.0,23.4,245,0,3648.71,5733.0,11.0
4835,L,301.8,311.9,1562.0,46.5,101,0,7606.11,4696.5,10.099999999999966
4836,L,301.1,311.6,1788.0,40.8,175,0,7639.35,7139.999999999999,10.5
4837,L,301.6,311.7,1438.0,36.2,217,0,5451.25,7855.400000000001,10.099999999999966
4838,L,298.5,307.4,1402.0,24.3,157,0,3567.66,3815.1,8.899999999999977
4839,L,298.8,308.8,1662.0,33.9,42,0,5900.1,1423.8,10.0
4840,L,301.5,311.6,1754.0,45.1,158,0,8283.9,7125.8,10.100000000000023
4841,H,298.5,309.2,1528.0,39.5,50,0,6320.47,1975.0,10.699999999999989
4842,H,302.9,311.8,1658.0,51.8,37,0,8993.79,1916.6,8.900000000000034
4843,L,299.4,307.3,1558.0,51.1,203,0,8337.14,10373.300000000001,7.900000000000034
4844,L,301.0,311.2,1493.0,50.7,146,0,7926.77,7402.200000000001,10.199999999999989
4845,L,304.2,314.6,1389.0,34.5,150,0,5018.22,5175.0,10.400000000000034
4846,L,298.6,308.4,1331.0,42.8,177,0,5965.55,7575.599999999999,9.799999999999955
4847,H,300.1,310.2,1427.0,30.3,173,0,4527.88,5241.900000000001,10.099999999999966
4848,L,302.1,313.0,1363.0,27.4,40,0,3910.88,1096.0,10.899999999999977
4849,M,301.9,311.4,1588.0,51.7,201,0,8597.45,10391.7,9.5
4850,L,299.3,309.1,1755.0,28.1,78,0,5164.31,2191.8,9.800000000000011
4851,H,299.0,309.0,1574.0,27.0,113,0,4450.38,3051.0,10.0
4852,L,299.5,308.3,1373.0,40.9,144,0,5880.61,5889.599999999999,8.800000000000011
4853,M,302.9,312.7,1691.0,37.2,179,0,6587.42,6658.8,9.800000000000011
4854,L,299.4,309.4,1591.0,38.1,12,0,6347.81,457.20000000000005,10.0
4855,M,300.2,311.8,1626.0,62.9,151,0,10710.25,9497.9,11.600000000000023
4856,L,299.1,308.8,1445.0,30.0,79,0,4539.6,2370.0,9.699999999999989
4857,L,301.4,311.6,1740.0,44.8,230,0,8163.11,10304.0,10.200000000000045
4858,H,300.3,311.2,1739.0,40.8,101,0,7429.99,4120.799999999999,10.899999999999977
4859,H,298.0,307.2,1505.0,50.0,157,0,7880.16,7850.0,9.199999999999989
4860,M,298.1,309.4,1666.0,32.1,108,0,5600.27,3466.8,11.299999999999955
4861,M,296.0,307.8,1735.0,37.7,121,0,6849.67,4561.700000000001,11.800000000000011
4862,M,298.3,308.3,1454.0,41.0,43,0,6242.76,1763.0,10.0
4863,L,301.6,311.0,1523.0,25.6,118,0,4082.9,3020.8,9.399999999999977
4864,L,302.6,314.3,1552.0,21.9,14,0,3559.3,306.59999999999997,11.699999999999989
4865,L,301.4,312.2,1341.0,39.7,3,0,5575.04,119.10000000000001,10.800000000000011
4866,M,301.1,311.2,1617.0,53.2,247,1,9008.45,13140.400000000001,10.099999999999966
4867,L,299.7,311.2,1721.0,36.4,235,0,6560.11,8554.0,11.5
4868,L,301.5,312.9,1512.0,37.8,51,0,5985.11,1927.8,11.399999999999977
4869,L,300.6,310.2,1598.0,51.4,201,0,8601.39,10331.4,9.599999999999966
4870,M,303.6,313.9,1788.0,38.4,103,0,7189.97,3955.2,10.299999999999955
4871,L,299.8,310.4,1465.0,47.6,45,0,7302.53,2142.0,10.599999999999966
4872,L,302.7,312.7,1602.0,66.5,58,0,11156.11,3857.0,10.0
4873,L,301.7,310.4,1436.0,34.2,173,0,5142.91,5916.6,8.699999999999989
4874,L,301.5,310.5,1431.0,38.1,31,0,5709.44,1181.1000000000001,9.0
4875,L,296.0,304.6,1599.0,43.8,148,0,7334.17,6482.4,8.600000000000023
4876,M,301.9,312.4,1581.0,54.8,28,0,9072.79,1534.3999999999999,10.5
4877,M,299.7,308.6,1637.0,38.8,157,0,6651.34,6091.599999999999,8.900000000000034
4878,M,299.1,309.3,1551.0,47.2,120,0,7666.24,5664.0,10.199999999999989
4879,L,297.0,308.9,1621.0,43.4,6,0,7367.18,260.4,11.899999999999977
4880,M,300.0,311.4,1836.0,39.2,41,0,7536.81,1607.2,11.399999999999977
4881,L,300.1,308.2,1727.0,35.7,220,0,6456.38,7854.000000000001,8.099999999999966
4882,L,297.4,306.1,1598.0,33.8,73,0,5656.17,2467.3999999999996,8.700000000000045
4883,M,297.1,306.3,1628.0,66.55000000000001,245,1,11345.69,16304.750000000004,9.199999999999989
4884,L,301.0,309.8,1484.0,24.6,177,0,3822.94,4354.2,8.800000000000011
4885,L,301.7,310.1,1509.0,25.5,85,0,4029.56,2167.5,8.400000000000034
4886,M,300.4,310.4,1626.0,42.3,16,0,7202.6,676.8,10.0
4887,L,302.3,313.0,1553.0,41.9,145,0,6814.19,6075.5,10.699999999999989
4888,M,299.8,310.8,1679.0,44.1,237,0,7753.86,10451.7,11.0
4889,L,299.9,309.4,1764.0,31.2,132,0,5763.44,4118.4,9.5
4890,M,298.2,307.9,1519.0,29.7,188,0,4724.36,5583.599999999999,9.699999999999989
4891,L,296.9,307.2,1178.0,37.1,166,0,4576.65,6158.6,10.300000000000011
4892,L,303.7,313.6,1902.0,48.9,208,0,9739.75,10171.199999999999,9.900000000000034
4893,M,302.3,313.1,1421.0,29.8,97,0,4434.44,2890.6,10.800000000000011
4894,L,297.2,307.6,1572.0,41.4,195,0,6815.25,8073.0,10.400000000000034
4895,L,300.3,309.9,1668.0,34.8,168,0,6078.6,5846.4,9.599999999999966
4896,L,299.8,307.9,1790.0,24.7,71,0,4629.97,1753.7,8.099999999999966
4897,L,299.5,311.0,1861.0,27.1,25,0,5281.34,677.5,11.5
4898,L,299.2,308.5,1472.0,49.0,88,0,7553.23,4312.0,9.300000000000011
4899,L,300.8,311.1,1750.0,33.9,227,0,6212.5,7695.299999999999,10.300000000000011
4900,H,301.6,309.7,1573.0,52.3,234,0,8615.07,12238.199999999999,8.099999999999966
4901,L,300.8,310.8,2026.5,39.5,38,0,8382.48,1501.0,10.0
4902,L,299.8,309.9,1734.0,26.3,202,0,4775.66,5312.6,10.099999999999966
4903,L,299.7,309.8,1506.0,44.7,66,0,7049.55,2950.2000000000003,10.100000000000023
4904,L,301.9,314.9,1396.0,31.9,43,0,4663.42,1371.7,13.0
4905,H,300.9,310.3,1067.0,36.1,103,0,4033.67,3718.3,9.400000000000034
4906,L,300.1,311.0,1658.0,51.2,63,0,8889.62,3225.6000000000004,10.899999999999977
4907,H,299.9,310.5,1718.0,27.1,219,1,4875.52,5934.900000000001,10.600000000000023
4908,L,300.7,310.0,1671.0,35.4,166,0,6194.53,5876.4,9.300000000000011
4909,M,299.1,309.9,1116.0,29.1,183,0,3400.84,5325.3,10.799999999999955
4910,L,301.6,311.5,1312.0,28.0,216,0,3846.98,6048.0,9.899999999999977
4911,M,297.8,308.7,1624.0,35.2,85,0,5986.28,2992.0000000000005,10.899999999999977
4912,L,299.2,311.1,1857.0,31.4,140,0,6106.19,4396.0,11.900000000000034
4913,L,301.2,311.4,1528.0,37.2,131,0,5952.44,4873.200000000001,10.199999999999989
4914,L,297.7,307.5,1733.0,46.3,27,0,8402.49,1250.1,9.800000000000011
4915,L,296.9,307.9,1352.0,32.4,82,0,4587.23,2656.7999999999997,11.0
4916,H,300.1,311.5,1575.0,25.3,2,0,4172.82,50.6,11.399999999999977
4917,L,296.6,305.7,1488.0,46.3,26,0,7214.6,1203.8,9.099999999999966
4918,L,297.4,306.9,1750.0,32.4,188,0,5937.61,6091.2,9.5
4919,M,301.5,312.2,1441.0,58.1,74,0,8767.36,4299.400000000001,10.699999999999989
4920,L,299.6,309.5,1838.0,35.8,133,0,6890.6,4761.4,9.899999999999977
4921,H,302.6,311.6,1482.0,38.5,47,0,5975.0,1809.5,9.0
4922,M,297.6,308.1,1346.0,17.0,222,0,2396.2,3774.0,10.5
4923,L,299.8,310.5,1352.0,28.3,55,0,4006.75,1556.5,10.699999999999989
4924,M,300.8,310.5,1426.0,17.2,28,0,2568.48,481.59999999999997,9.699999999999989
4925,L,297.7,307.7,1604.0,42.8,199,0,7189.14,8517.199999999999,10.0
4926,L,302.1,311.5,1428.0,39.1,74,0,5847.01,2893.4,9.399999999999977
4927,L,301.0,309.9,1391.0,46.2,119,0,6729.73,5497.8,8.899999999999977
4928,L,296.8,306.3,1697.0,47.9,200,0,8512.28,9580.0,9.5
4929,M,299.9,310.0,1046.5,49.5,30,0,5424.67,1485.0,10.100000000000023
4930,H,300.8,309.3,1461.0,37.7,64,0,5767.93,2412.8,8.5
4931,L,298.8,308.4,1299.0,40.8,70,0,5550.06,2856.0,9.599999999999966
4932,L,297.0,307.1,1382.0,45.7,73,0,6613.83,3336.1000000000004,10.100000000000023
4933,H,300.6,311.8,1581.0,32.0,136,0,5297.98,4352.0,11.199999999999989
4934,L,304.4,314.1,1501.0,30.6,62,0,4809.84,1897.2,9.700000000000045
4935,L,299.2,308.0,1485.0,55.2,76,0,8584.09,4195.2,8.800000000000011
4936,L,303.1,312.9,1750.0,21.9,26,0,4013.38,569.4,9.799999999999955
4937,H,298.5,307.9,1535.0,44.9,17,0,7217.44,763.3,9.399999999999977
4938,L,300.4,311.0,1861.0,43.3,143,0,8438.45,6191.9,10.600000000000023
4939,M,301.5,311.2,1665.0,28.7,131,0,5004.09,3759.7,9.699999999999989
4940,M,300.0,307.3,1364.0,33.2,221,1,4742.21,7337.200000000001,7.300000000000011
4941,L,299.4,313.1,1884.0,36.3,165,0,7161.7,5989.499999999999,13.700000000000045
4942,L,301.5,311.6,1587.0,42.1,147,0,6996.61,6188.7,10.100000000000023
4943,M,303.8,313.9,1873.0,43.4,168,0,8512.48,7291.2,10.099999999999966
4944,L,300.6,309.1,1490.0,39.6,185,0,6178.88,7326.0,8.5
4945,M,299.0,307.5,1586.0,41.8,75,0,6942.38,3135.0,8.5
4946,H,299.6,309.5,1615.0,46.5,27,0,7864.19,1255.5,9.899999999999977
4947,M,305.0,315.4,1507.0,46.0,43,0,7259.38,1978.0,10.399999999999977
4948,M,300.3,311.0,1765.0,55.2,64,0,10202.64,3532.8,10.699999999999989
4949,M,298.8,309.0,1883.0,50.3,136,0,9918.52,6840.799999999999,10.199999999999989
4950,M,297.7,306.5,1127.0,40.1,105,0,4732.57,4210.5,8.800000000000011
4951,L,296.3,303.85,1683.0,46.3,112,0,8160.07,5185.599999999999,7.550000000000011
4952,L,300.7,310.6,1377.0,44.1,160,0,6359.18,7056.0,9.900000000000034
4953,L,301.3,310.8,1073.0,41.5,244,0,4663.12,10126.0,9.5
4954,M,299.2,307.9,1630.0,31.2,192,0,5325.63,5990.4,8.699999999999989
4955,L,300.0,310.8,1630.0,41.5,105,0,7083.77,4357.5,10.800000000000011
4956,M,297.7,306.1,1659.0,19.3,8,0,3352.99,154.4,8.400000000000034
4957,L,300.3,310.9,1604.0,50.6,213,0,8499.31,10777.800000000001,10.599999999999966
4958,M,301.0,309.6,1694.0,43.4,61,0,7698.95,2647.4,8.600000000000023
4959,L,298.9,309.1,1430.0,38.3,200,0,5735.4,7659.999999999999,10.200000000000045
4960,M,303.4,314.3,1585.0,35.7,68,0,5925.51,2427.6000000000004,10.900000000000034
4961,L,298.3,308.0,1662.0,46.4,117,0,8075.65,5428.8,9.699999999999989
4962,L,300.6,312.3,1780.0,58.2,129,0,10848.55,7507.8,11.699999999999989
4963,L,301.7,313.6,1545.0,43.6,205,0,7054.13,8938.0,11.900000000000034
4964,M,299.8,310.1,1499.0,58.8,203,0,9230.12,11936.4,10.300000000000011
4965,L,299.6,310.2,1528.0,47.7,28,0,7632.56,1335.6000000000001,10.599999999999966
4966,L,297.1,308.2,1324.0,31.9,207,0,4422.9,6603.299999999999,11.099999999999966
4967,H,302.7,313.3,1675.0,44.8,47,0,7858.17,2105.6,10.600000000000023
4968,M,299.7,310.1,1277.0,43.8,72,0,5857.25,3153.6,10.400000000000034
4969,H,301.1,310.6,1607.0,31.9,50,0,5368.28,1595.0,9.5
4970,L,301.3,309.7,1553.0,35.8,31,0,5822.15,1109.8,8.399999999999977
4971,L,298.7,307.4,1260.0,35.6,116,0,4697.31,4129.6,8.699999999999989
4972,M,299.6,312.0,1270.0,40.9,151,0,5439.46,6175.9,12.399999999999977
4973,L,302.7,313.0,1385.0,37.1,116,0,5380.87,4303.6,10.300000000000011
4974,M,297.8,307.5,1476.0,42.6,185,0,6584.53,7881.0,9.699999999999989
4975,L,304.3,315.5,1803.0,44.2,147,0,8345.39,6497.400000000001,11.199999999999989
4976,L,298.5,307.8,1518.0,52.5,83,0,8345.64,4357.5,9.300000000000011
4977,L,297.6,308.2,1635.0,45.4,116,0,7773.24,5266.4,10.599999999999966
4978,L,300.3,310.3,1764.0,32.9,242,0,6077.47,7961.799999999999,10.0
4979,L,304.4,314.9,1730.0,60.9,233,1,11032.96,14189.699999999999,10.5
4980,L,296.2,305.8,1536.0,33.0,170,0,5308.03,5610.0,9.600000000000023
4981,H,299.7,308.8,1411.0,36.0,115,0,5319.34,4140.0,9.100000000000023
4982,L,301.0,310.1,1627.0,45.9,132,0,7820.4,6058.8,9.100000000000023
4983,M,300.1,309.3,1415.0,66.55000000000001,211,1,9861.28,14042.050000000003,9.199999999999989
4984,M,300.8,310.8,1862.0,43.9,207,0,8559.98,9087.3,10.0
4985,L,298.6,307.0,1693.0,33.5,146,0,5939.23,4891.0,8.399999999999977
4986,L,298.8,307.6,1575.0,23.6,75,0,3892.43,1770.0,8.800000000000011
4987,M,299.7,309.8,1629.0,22.9,80,0,3906.48,1832.0,10.100000000000023
4988,M,297.7,307.6,1569.0,40.0,97,0,6572.21,3880.0,9.900000000000034
4989,M,299.9,310.1,1472.0,45.3,154,0,6982.88,6976.2,10.200000000000045
4990,M,299.2,309.2,1627.0,25.8,40,0,4395.78,1032.0,10.0
4991,H,299.1,311.6,1494.0,42.1,123,0,6586.6,5178.3,12.5
4992,L,300.6,310.8,1884.0,26.8,217,0,5287.43,5815.6,10.199999999999989
4993,L,296.4,306.0,1414.0,30.7,241,0,4545.86,7398.7,9.600000000000023
4994,M,299.5,309.6,1629.0,46.2,33,0,7881.19,1524.6000000000001,10.100000000000023
4995,L,304.6,315.7,1397.0,32.5,20,0,4754.54,650.0,11.099999999999966
4996,M,297.8,307.8,1396.0,52.9,169,0,7733.39,8940.1,10.0
4997,L,302.6,313.3,1218.0,34.1,104,0,4349.41,3546.4,10.699999999999989
4998,L,300.1,310.5,1611.0,51.0,66,0,8603.88,3366.0,10.399999999999977
4999,M,298.8,308.5,1442.0,62.5,232,1,9437.87,14500.0,9.699999999999989
5000,L,297.4,307.5,1731.0,32.5,99,0,5891.27,3217.5,10.100000000000023
5001,L,300.3,311.9,1611.0,64.5,220,1,10881.38,14190.0,11.599999999999966
5002,L,302.9,313.1,1564.0,40.0,236,0,6551.27,9440.0,10.200000000000045
5003,M,299.2,308.2,1285.0,33.6,82,0,4521.38,2755.2000000000003,9.0
5004,L,299.8,309.5,1642.0,37.0,20,0,6362.14,740.0,9.699999999999989
5005,M,302.0,309.9,1419.0,35.9,203,0,5334.64,7287.7,7.899999999999977
5006,L,300.7,310.8,1281.0,53.9,235,1,7230.47,12666.5,10.100000000000023
5007,M,296.9,308.2,1615.0,53.0,214,0,8963.49,11342.0,11.300000000000011
5008,M,300.2,308.9,1312.0,52.9,174,0,7268.05,9204.6,8.699999999999989
5009,L,303.0,313.2,1163.0,27.0,155,0,3288.31,4185.0,10.199999999999989
5010,L,299.9,310.9,1770.0,41.8,190,0,7747.8,7941.999999999999,11.0
5011,L,294.5,305.6,1437.0,24.5,191,0,3686.82,4679.5,11.100000000000023
5012,M,300.8,312.1,1225.0,50.0,54,0,6414.09,2700.0,11.300000000000011
5013,L,299.6,307.7,1365.0,35.1,11,1,5017.28,386.1,8.099999999999966
5014,M,296.3,306.8,1408.0,44.9,129,0,6620.3,5792.099999999999,10.5
5015,L,296.6,305.1,1742.0,34.9,186,0,6366.52,6491.4,8.5
5016,L,302.0,311.0,1240.0,22.4,29,0,2908.7,649.5999999999999,9.0
5017,L,298.5,309.4,1298.0,48.7,11,0,6619.61,535.7,10.899999999999977
5018,L,298.2,308.3,1713.0,49.5,230,1,8879.55,11385.0,10.100000000000023
5019,L,299.9,310.7,1457.0,41.3,166,0,6301.42,6855.799999999999,10.800000000000011
5020,M,298.7,307.8,1578.0,18.9,17,0,3123.18,321.29999999999995,9.100000000000023
5021,M,300.2,311.7,1450.0,47.4,121,0,7197.39,5735.4,11.5
5022,L,299.6,310.3,1899.0,32.6,248,0,6482.93,8084.8,10.699999999999989
5023,H,297.6,308.5,1307.0,45.0,125,0,6159.09,5625.0,10.899999999999977
5024,M,299.0,307.9,1588.0,35.0,23,0,5820.32,805.0,8.899999999999977
5025,H,300.9,312.1,1807.0,36.0,139,0,6812.23,5004.0,11.200000000000045
5026,L,300.1,309.8,1470.0,44.9,81,0,6911.82,3636.9,9.699999999999989
5027,L,299.8,309.2,1403.0,31.7,133,0,4657.42,4216.099999999999,9.399999999999977
5028,L,303.9,314.5,1675.0,38.2,7,0,6700.49,267.40000000000003,10.600000000000023
5029,M,301.5,312.0,1717.0,45.0,56,0,8091.17,2520.0,10.5
5030,L,301.7,310.9,1394.0,61.5,48,0,8977.73,2952.0,9.199999999999989
5031,L,299.7,311.7,1799.0,39.2,142,0,7384.92,5566.400000000001,12.0
5032,L,300.4,312.3,1547.0,48.3,235,1,7824.67,11350.5,11.900000000000034
5033,L,299.1,309.7,1629.0,28.2,6,0,4810.6,169.2,10.599999999999966
5034,M,301.6,312.0,1804.0,56.8,220,1,10730.34,12496.0,10.399999999999977
5035,L,299.8,310.1,1675.0,31.9,57,0,5595.44,1818.3,10.300000000000011
5036,L,300.4,308.9,1537.0,38.6,52,0,6212.83,2007.2,8.5
5037,M,300.3,310.4,1417.0,45.0,152,0,6677.46,6840.0,10.099999999999966
5038,H,300.0,310.1,2022.0,32.1,204,0,6796.96,6548.400000000001,10.100000000000023
5039,M,305.5999999999999,315.3,1396.0,50.7,188,0,7411.77,9531.6,9.700000000000102
5040,H,298.7,308.4,1594.0,33.3,223,0,5558.55,7425.9,9.699999999999989
5041,M,298.6,306.3,1629.0,48.2,139,0,8222.36,6699.8,7.699999999999989
5042,L,301.4,310.3,1637.0,50.5,111,0,8657.03,5605.5,8.900000000000034
5043,L,298.8,309.7,1918.0,45.7,24,0,9178.96,1096.8000000000002,10.899999999999977
5044,M,299.4,311.1,1546.0,47.0,146,0,7609.15,6862.0,11.700000000000045
5045,M,297.8,306.9,1520.0,65.1,41,0,10362.23,2669.1,9.099999999999966
5046,M,301.0,311.2,1815.0,44.0,246,0,8362.92,10824.0,10.199999999999989
5047,L,301.0,312.1,1513.0,41.0,79,0,6496.08,3239.0,11.100000000000023
5048,L,299.4,308.8,1694.0,43.2,11,0,7663.48,475.20000000000005,9.400000000000034
5049,L,301.4,312.1,1572.0,52.6,187,0,8658.98,9836.2,10.700000000000045
5050,L,296.3,306.2,1702.0,63.1,226,1,11246.5,14260.6,9.899999999999977
5051,L,298.6,309.8,1667.0,38.2,35,0,6668.49,1337.0,11.199999999999989
5052,M,299.7,308.4,1465.0,30.8,151,0,4725.16,4650.8,8.699999999999989
5053,L,297.7,306.6,1207.0,51.5,32,0,6509.43,1648.0,8.900000000000034
5054,L,296.5,306.8,1238.0,26.3,163,0,3409.61,4286.900000000001,10.300000000000011
5055,L,299.4,309.5,1208.0,42.5,131,0,5376.31,5567.5,10.100000000000023
5056,M,301.4,311.3,1521.0,42.9,226,0,6833.06,9695.4,9.900000000000034
5057,L,302.6,313.1,1116.0,38.8,177,0,4534.45,6867.599999999999,10.5
5058,L,298.9,308.0,1509.0,39.4,55,0,6226.07,2167.0,9.100000000000023
5059,L,301.5,310.1,1561.0,23.4,117,0,3825.14,2737.7999999999997,8.600000000000023
5060,L,301.3,310.8,1691.0,31.3,113,0,5542.64,3536.9,9.5
5061,H,302.4,312.0,1628.0,49.2,7,0,8387.8,344.40000000000003,9.600000000000023
5062,H,299.3,309.0,1699.0,19.6,188,0,3487.21,3684.8,9.699999999999989
5063,L,296.4,307.7,1612.0,39.0,7,0,6583.52,273.0,11.300000000000011
5064,L,300.1,310.9,1480.0,36.8,134,0,5703.46,4931.2,10.799999999999955
5065,M,298.0,308.5,1519.0,20.1,103,0,3197.29,2070.3,10.5
5066,L,298.6,308.8,1385.0,56.8,152,0,8238.09,8633.6,10.199999999999989
5067,L,299.4,309.0,1578.0,29.6,175,0,4891.33,5180.0,9.600000000000023
5068,L,299.3,308.5,1254.0,45.4,34,0,5961.86,1543.6,9.199999999999989
5069,H,300.3,309.1,1728.0,35.2,78,0,6369.64,2745.6000000000004,8.800000000000011
5070,L,301.4,310.7,1366.0,31.5,145,0,4505.99,4567.5,9.300000000000011
5071,L,299.3,309.2,1565.0,37.5,10,0,6145.74,375.0,9.899999999999977
5072,M,300.8,309.6,1595.0,36.4,221,0,6079.82,8044.4,8.800000000000011
5073,L,300.0,310.2,1746.0,38.0,156,0,6947.95,5928.0,10.199999999999989
5074,L,301.9,311.7,1237.0,32.1,86,0,4158.18,2760.6,9.800000000000011
5075,H,299.6,309.2,1479.0,29.8,97,0,4615.44,2890.6,9.599999999999966
5076,L,299.8,311.0,1636.0,49.9,210,0,8548.94,10479.0,11.199999999999989
5077,M,299.3,306.8,1851.0,40.0,15,0,7753.45,600.0,7.5
5078,L,299.7,309.3,1531.0,39.3,5,0,6300.81,196.5,9.600000000000023
5079,L,298.4,306.1,1431.0,31.0,232,0,4645.47,7192.0,7.7000000000000455
5080,L,298.2,308.5,1900.0,55.6,14,0,11062.59,778.4,10.300000000000011
5081,L,301.6,312.3,1681.0,39.0,72,0,6865.32,2808.0,10.699999999999989
5082,L,297.8,306.5,1783.0,21.0,28,0,3921.02,588.0,8.699999999999989
5083,M,299.4,308.1,1321.0,42.6,191,0,5893.06,8136.6,8.700000000000045
5084,L,302.0,310.3,1631.0,32.3,233,0,5516.77,7525.9,8.300000000000011
5085,L,299.3,309.4,1344.0,49.0,65,0,6896.42,3185.0,10.099999999999966
5086,L,301.7,311.3,1304.0,50.2,110,0,6855.04,5522.0,9.600000000000023
5087,M,298.8,308.5,1642.0,49.1,96,0,8442.74,4713.6,9.699999999999989
5088,L,297.9,307.5,1654.0,35.3,229,0,6114.19,8083.699999999999,9.600000000000023
5089,L,296.8,305.8,1451.0,38.8,214,0,5895.6,8303.199999999999,9.0
5090,L,302.6,313.8,1794.0,42.4,119,0,7965.57,5045.599999999999,11.199999999999989
5091,L,297.7,308.0,1471.0,48.8,140,0,7517.29,6832.0,10.300000000000011
5092,L,301.5,310.3,1489.0,29.6,211,0,4615.46,6245.6,8.800000000000011
5093,M,298.0,307.3,1531.0,40.8,70,0,6541.3,2856.0,9.300000000000011
5094,L,302.6,311.8,1494.0,58.5,56,0,9152.4,3276.0,9.199999999999989
5095,L,304.4,315.8,1766.0,34.6,208,0,6398.75,7196.8,11.400000000000034
5096,L,296.6,307.3,1351.0,39.6,178,0,5602.47,7048.8,10.699999999999989
5097,M,297.8,307.7,1402.0,65.9,212,1,9675.25,13970.800000000001,9.899999999999977
5098,L,301.5,313.3,1324.0,37.5,27,0,5199.34,1012.5,11.800000000000011
5099,L,301.0,312.5,1875.0,24.6,93,0,4830.2,2287.8,11.5
5100,L,301.6,311.3,1479.0,39.3,150,0,6086.8,5895.0,9.699999999999989
5101,L,298.9,308.4,1400.0,56.6,124,0,8297.99,7018.400000000001,9.5
5102,L,304.0,313.6,1486.0,50.4,84,0,7842.92,4233.599999999999,9.600000000000023
5103,L,300.2,309.3,1689.0,30.1,112,0,5323.84,3371.2000000000003,9.100000000000023
5104,L,297.6,309.3,1656.0,44.0,0,0,7630.3,0.0,11.699999999999989
5105,L,299.5,308.5,1435.0,38.1,208,0,5725.4,7924.8,9.0
5106,L,297.6,308.5,1466.0,48.0,95,0,7368.92,4560.0,10.899999999999977
5107,L,303.2,313.9,1277.0,33.8,87,0,4519.98,2940.6,10.699999999999989
5108,L,298.7,308.4,1562.0,44.8,198,0,7328.04,8870.4,9.699999999999989
5109,M,301.0,312.8,1767.0,58.9,162,0,10898.84,9541.8,11.800000000000011
5110,H,299.1,307.5,1433.0,13.9,35,0,2085.88,486.5,8.399999999999977
5111,H,298.8,308.7,1651.0,45.8,13,0,7918.47,595.4,9.899999999999977
5112,M,296.2,305.7,1433.0,53.0,183,0,7953.36,9699.0,9.5
5113,M,301.2,312.2,1341.0,24.4,61,0,3426.47,1488.3999999999999,11.0
5114,M,302.6,313.0,1659.0,32.7,139,0,5680.97,4545.3,10.399999999999977
5115,L,298.2,306.4,1958.0,36.0,102,0,7381.49,3672.0,8.199999999999989
5116,M,296.9,308.1,1635.0,32.6,86,0,5581.67,2803.6,11.200000000000045
5117,L,301.6,312.1,1463.0,31.9,141,0,4887.24,4497.9,10.5
5118,L,296.7,305.7,1475.0,36.2,189,0,5591.51,6841.8,9.0
5119,M,302.4,312.1,1879.0,48.4,117,0,9523.59,5662.8,9.700000000000045
5120,L,298.2,306.9,1592.0,54.7,216,1,9119.25,11815.2,8.699999999999989
5121,L,297.8,307.6,1400.0,52.9,21,0,7755.55,1110.8999999999999,9.800000000000011
5122,H,300.5,310.6,1526.0,49.8,236,0,7958.16,11752.8,10.100000000000023
5123,L,297.9,307.6,1576.0,58.1,112,0,9588.73,6507.2,9.700000000000045
5124,L,298.6,308.1,1621.0,60.1,100,0,10202.02,6010.0,9.5
5125,H,300.7,309.1,1808.0,41.6,28,0,7876.27,1164.8,8.400000000000034
5126,M,295.1,305.5,1766.0,54.2,199,0,10023.48,10785.800000000001,10.399999999999977
5127,L,303.3,311.4,1573.0,44.1,74,0,7264.34,3263.4,8.099999999999966
5128,L,300.1,310.1,1530.0,37.7,93,0,6040.34,3506.1000000000004,10.0
5129,L,297.4,305.6,1608.0,39.4,186,0,6634.54,7328.4,8.200000000000045
5130,M,298.0,308.0,1429.0,50.0,85,0,7482.23,4250.0,10.0
5131,L,302.0,312.0,1713.0,54.5,14,0,9776.48,763.0,10.0
5132,L,301.2,311.6,1501.0,45.7,148,0,7183.32,6763.6,10.400000000000034
5133,L,302.8,313.6,1625.0,36.0,110,0,6126.11,3960.0,10.800000000000011
5134,L,298.6,309.7,1844.0,35.0,88,0,6758.61,3080.0,11.099999999999966
5135,H,300.6,309.0,1636.0,21.4,246,0,3666.28,5264.4,8.399999999999977
5136,L,300.9,310.8,1579.0,43.5,76,0,7192.83,3306.0,9.900000000000034
5137,M,301.4,313.4,1445.0,42.8,70,0,6476.5,2996.0,12.0
5138,L,302.3,312.4,1524.0,29.5,112,0,4707.99,3304.0,10.099999999999966
5139,M,298.6,307.7,1334.0,44.6,209,0,6230.45,9321.4,9.099999999999966
5140,H,299.8,309.7,1633.0,44.4,139,0,7592.73,6171.599999999999,9.899999999999977
5141,L,298.8,308.4,1155.0,25.1,60,0,3035.88,1506.0,9.599999999999966
5142,L,299.9,308.7,1711.0,36.7,46,0,6575.74,1688.2,8.800000000000011
5143,L,301.4,312.3,1668.0,53.9,25,0,9414.85,1347.5,10.900000000000034
5144,M,296.7,307.3,1555.0,33.6,68,0,5471.4,2284.8,10.600000000000023
5145,L,302.2,310.9,1442.0,40.1,242,0,6055.34,9704.2,8.699999999999989
5146,M,297.7,307.6,1535.0,41.5,199,0,6670.91,8258.5,9.900000000000034
5147,M,299.4,308.8,1220.0,39.6,163,0,5059.22,6454.8,9.400000000000034
5148,M,302.5,310.9,1685.0,46.8,182,0,8257.99,8517.6,8.399999999999977
5149,M,300.7,309.2,1508.0,49.2,68,0,7769.54,3345.6000000000004,8.5
5150,L,300.7,309.4,1809.0,52.5,85,0,9945.5,4462.5,8.699999999999989
5151,L,297.6,307.6,1608.0,36.8,214,0,6196.73,7875.2,10.0
5152,L,297.9,307.5,1579.0,45.1,71,0,7457.4,3202.1,9.600000000000023
5153,H,301.9,310.9,1609.0,48.3,242,0,8138.26,11688.599999999999,9.0
5154,M,298.8,308.4,1363.0,38.7,146,0,5523.77,5650.200000000001,9.599999999999966
5155,M,299.0,309.8,1457.0,32.7,161,0,4989.26,5264.700000000001,10.800000000000011
5156,L,301.9,312.3,1561.0,41.3,197,0,6751.21,8136.099999999999,10.400000000000034
5157,L,297.9,308.9,1483.0,33.9,190,0,5264.65,6441.0,11.0
5158,M,300.5,310.3,1434.0,32.9,125,0,4940.53,4112.5,9.800000000000011
5159,L,300.1,311.7,1487.0,42.1,177,0,6555.74,7451.7,11.599999999999966
5160,L,300.0,310.3,1545.0,38.0,240,0,6148.1,9120.0,10.300000000000011
5161,M,299.0,308.5,1953.0,41.6,16,0,8507.94,665.6,9.5
5162,L,298.8,308.9,1479.0,24.4,120,0,3779.08,2928.0,10.099999999999966
5163,L,297.8,306.6,1416.0,38.2,80,0,5664.42,3056.0,8.800000000000011
5164,L,301.0,310.7,1510.0,17.4,78,0,2751.41,1357.1999999999998,9.699999999999989
5165,L,298.7,309.1,1806.0,29.5,38,0,5579.15,1121.0,10.400000000000034
5166,H,301.9,312.5,1819.0,39.0,100,0,7428.92,3900.0,10.600000000000023
5167,L,299.6,309.1,1886.0,52.0,158,0,10270.08,8216.0,9.5
5168,L,297.9,310.6,1548.0,45.2,149,0,7327.2,6734.8,12.700000000000045
5169,L,299.5,309.4,1652.0,40.8,57,0,7058.28,2325.6,9.899999999999977
5170,M,299.2,307.5,1350.0,36.1,24,1,5103.52,866.4000000000001,8.300000000000011
5171,L,302.0,313.2,1474.0,37.4,18,0,5772.95,673.1999999999999,11.199999999999989
5172,L,299.3,309.9,1338.0,52.9,53,0,7412.09,2803.7,10.599999999999966
5173,L,299.4,309.7,1622.0,28.9,198,0,4908.82,5722.2,10.300000000000011
5174,L,302.8,312.4,1544.0,32.7,1,0,5287.17,32.7,9.599999999999966
5175,L,301.0,311.4,1578.0,50.5,78,0,8345.01,3939.0,10.399999999999977
5176,M,303.3,314.9,1386.0,36.5,21,0,5297.67,766.5,11.599999999999966
5177,M,302.5,312.7,1690.0,59.2,237,1,10477.0,14030.400000000001,10.199999999999989
5178,L,298.2,306.8,1107.0,46.8,165,1,5425.28,7721.999999999999,8.600000000000023
5179,L,302.0,308.5,1492.0,51.4,116,0,8030.83,5962.4,6.5
5180,H,303.1,313.4,1518.0,23.7,6,0,3767.46,142.2,10.299999999999955
5181,L,303.1,312.1,1176.0,50.5,104,0,6219.1,5252.0,9.0
5182,M,302.0,311.9,1606.0,31.4,86,0,5280.85,2700.4,9.899999999999977
5183,L,301.9,311.1,1506.0,47.0,65,0,7412.27,3055.0,9.200000000000045
5184,H,299.4,308.5,1638.0,36.3,115,0,6226.57,4174.5,9.100000000000023
5185,M,298.3,307.6,1895.0,42.1,32,0,8354.49,1347.2,9.300000000000011
5186,H,299.3,308.6,1596.0,28.9,81,0,4830.14,2340.9,9.300000000000011
5187,M,296.7,307.4,1712.0,22.8,120,0,4087.59,2736.0,10.699999999999989
5188,L,302.7,313.3,1785.0,41.4,107,0,7738.69,4429.8,10.600000000000023
5189,H,299.4,308.2,1626.0,37.0,134,0,6300.15,4958.0,8.800000000000011
5190,L,302.6,311.5,1383.0,31.0,58,0,4489.65,1798.0,8.899999999999977
5191,L,297.5,307.9,1244.0,23.1,215,1,3009.27,4966.5,10.399999999999977
5192,M,302.2,313.2,1605.0,13.34999999999999,247,0,2243.8,3297.4499999999975,11.0
5193,M,299.0,310.0,1466.0,45.1,10,0,6923.71,451.0,11.0
5194,H,297.4,306.4,1767.0,37.4,139,0,6920.49,5198.599999999999,9.0
5195,L,303.3,314.2,1452.0,33.9,145,0,5154.6,4915.5,10.899999999999977
5196,M,302.2,310.4,1535.0,42.0,228,0,6751.28,9576.0,8.199999999999989
5197,M,300.4,310.2,1330.0,50.0,128,0,6963.86,6400.0,9.800000000000011
5198,L,300.1,310.6,1476.0,42.6,188,0,6584.53,8008.8,10.5
5199,L,300.9,308.8,1369.0,35.5,120,1,5089.33,4260.0,7.900000000000034
5200,L,300.4,312.5,1385.0,61.1,244,1,8861.75,14908.4,12.100000000000023
5201,L,298.4,309.7,1528.0,33.6,0,0,5376.4,0.0,11.300000000000011
5202,H,299.2,309.8,1429.0,25.9,26,0,3875.79,673.4,10.600000000000023
5203,M,303.9,313.0,2008.0,40.9,246,0,8600.34,10061.4,9.100000000000023
5204,M,305.3,315.3,1687.0,37.4,72,0,6607.17,2692.7999999999997,10.0
5205,H,303.1,313.9,1732.0,49.3,192,0,8941.77,9465.599999999999,10.799999999999955
5206,L,301.0,309.8,1518.0,34.7,219,0,5516.07,7599.3,8.800000000000011
5207,M,299.3,309.1,1556.0,38.3,75,0,6240.75,2872.5,9.800000000000011
5208,L,298.4,309.3,1461.0,31.3,63,0,4788.76,1971.9,10.900000000000034
5209,M,298.5,307.0,2007.0,47.9,48,0,10067.27,2299.2,8.5
5210,L,298.9,309.2,1518.0,41.3,207,0,6565.24,8549.099999999999,10.300000000000011
5211,H,304.3,312.5,1429.0,37.2,112,0,5566.78,4166.400000000001,8.199999999999989
5212,L,303.6,312.7,1403.0,38.4,198,0,5641.8,7603.2,9.099999999999966
5213,L,301.5,311.0,1598.0,39.7,249,0,6643.48,9885.300000000001,9.5
5214,M,298.1,308.6,1792.0,25.6,162,0,4804.04,4147.2,10.5
5215,L,301.8,311.1,1732.0,51.5,184,0,9340.79,9476.0,9.300000000000011
5216,M,299.5,309.6,1402.0,50.9,168,0,7472.99,8551.199999999999,10.100000000000023
5217,L,295.7,305.0,1398.0,40.3,150,0,5899.85,6045.0,9.300000000000011
5218,M,300.6,310.0,1761.0,39.2,34,0,7228.93,1332.8000000000002,9.399999999999977
5219,L,298.3,309.6,1914.0,30.0,79,0,6013.01,2370.0,11.300000000000011
5220,L,298.4,307.2,1512.0,57.1,47,0,9041.0,2683.7000000000003,8.800000000000011
5221,L,299.5,310.3,1753.0,54.7,169,0,10041.48,9244.300000000001,10.800000000000011
5222,L,299.0,309.0,1275.0,43.8,199,0,5848.07,8716.199999999999,10.0
5223,L,299.9,309.4,1387.0,48.1,239,1,6986.35,11495.9,9.5
5224,L,299.8,308.6,1357.0,52.2,79,0,7417.87,4123.8,8.800000000000011
5225,L,296.2,305.1,1611.0,50.1,5,0,8452.05,250.5,8.900000000000034
5226,L,303.0,312.3,1505.0,31.4,99,0,4948.74,3108.6,9.300000000000011
5227,L,298.0,307.9,1580.0,36.8,119,0,6088.83,4379.2,9.899999999999977
5228,M,298.1,308.7,1756.0,44.6,94,0,8201.4,4192.400000000001,10.599999999999966
5229,L,299.3,309.0,1421.0,41.9,110,0,6235.0,4609.0,9.699999999999989
5230,L,299.8,309.6,1554.0,47.4,91,0,7713.62,4313.4,9.800000000000011
5231,M,302.9,312.8,1298.0,46.3,34,0,6293.39,1574.1999999999998,9.900000000000034
5232,L,300.5,311.0,1746.0,42.4,16,0,7752.45,678.4,10.5
5233,M,301.1,311.8,1734.0,14.0,174,0,2542.18,2436.0,10.699999999999989
5234,L,300.5,309.2,1602.0,51.6,29,0,8656.47,1496.4,8.699999999999989
5235,L,300.5,310.2,1559.0,48.3,243,1,7885.37,11736.9,9.699999999999989
5236,L,300.6,311.8,1446.0,60.5,8,0,9161.2,484.0,11.199999999999989
5237,M,296.1,304.8,1288.0,35.1,22,0,4734.25,772.2,8.699999999999989
5238,M,299.5,309.6,1592.0,21.5,44,0,3584.35,946.0,10.100000000000023
5239,L,302.3,312.2,1673.0,38.1,64,0,6674.97,2438.4,9.899999999999977
5240,L,305.5999999999999,316.25000000000006,1899.0,44.4,139,0,8829.51,6171.599999999999,10.650000000000148
5241,H,297.6,309.2,1467.0,35.5,80,0,5453.65,2840.0,11.599999999999966
5242,L,300.8,310.9,1586.0,53.6,173,0,8902.18,9272.800000000001,10.099999999999966
5243,L,298.9,310.4,1737.0,33.3,160,0,6057.21,5328.0,11.5
5244,H,304.1,314.1,1742.0,38.9,127,0,7096.21,4940.3,10.0
5245,M,297.3,307.8,1426.0,37.4,21,0,5584.96,785.4,10.5
5246,L,301.2,310.7,1488.0,66.55000000000001,9,0,10370.02,598.95,9.5
5247,M,297.2,306.6,1443.0,30.9,89,0,4669.32,2750.1,9.400000000000034
5248,M,299.4,309.8,1376.0,45.7,141,0,6585.11,6443.700000000001,10.400000000000034
5249,L,299.9,310.4,1801.0,27.9,216,1,5261.95,6026.4,10.5
5250,L,302.1,312.7,1549.0,43.3,238,0,7023.73,10305.4,10.599999999999966
5251,L,297.8,308.2,1524.0,30.4,138,0,4851.62,4195.2,10.399999999999977
5252,H,301.3,310.0,1582.0,50.9,146,0,8432.43,7431.4,8.699999999999989
5253,M,300.0,309.2,1547.0,48.9,234,0,7921.87,11442.6,9.199999999999989
5254,L,300.5,311.4,1498.0,42.6,50,0,6682.67,2130.0,10.899999999999977
5255,M,301.9,310.0,1401.0,26.0,27,0,3814.52,702.0,8.100000000000023
5256,L,297.4,307.7,1818.0,39.4,26,0,7500.99,1024.3999999999999,10.300000000000011
5257,L,301.6,311.5,1435.0,36.9,246,1,5545.07,9077.4,9.899999999999977
5258,L,298.9,309.7,1371.0,48.2,138,0,6920.11,6651.6,10.800000000000011
5259,L,302.2,312.6,1523.0,30.9,149,0,4928.18,4604.099999999999,10.400000000000034
5260,M,300.7,310.0,1924.0,51.4,152,0,10356.11,7812.8,9.300000000000011
5261,L,299.6,308.9,1390.0,49.5,221,0,7205.24,10939.5,9.299999999999955
5262,M,298.8,308.3,1665.0,26.2,18,0,4568.19,471.59999999999997,9.5
5263,L,301.6,312.2,1493.0,37.7,191,0,5894.27,7200.700000000001,10.599999999999966
5264,L,302.5,310.2,1581.0,39.4,166,0,6523.14,6540.4,7.699999999999989
5265,H,298.9,309.1,1703.0,49.9,6,0,8899.05,299.4,10.200000000000045
5266,L,297.7,306.9,1230.0,33.1,248,1,4263.46,8208.800000000001,9.199999999999989
5267,L,301.4,311.6,1377.0,42.0,133,0,6056.36,5586.0,10.200000000000045
5268,L,297.1,307.4,1700.0,50.8,136,0,9043.6,6908.799999999999,10.299999999999955
5269,M,297.4,305.7,1555.0,42.4,117,0,6904.38,4960.8,8.300000000000011
5270,L,297.9,307.6,1575.0,21.4,145,0,3529.58,3103.0,9.700000000000045
5271,L,299.2,309.3,1665.0,35.0,158,0,6102.54,5530.0,10.100000000000023
5272,L,297.3,307.4,1378.0,48.9,197,0,7056.46,9633.3,10.099999999999966
5273,L,296.1,306.0,1726.0,47.7,61,0,8621.6,2909.7000000000003,9.899999999999977
5274,M,297.7,306.5,1684.0,17.5,60,0,3086.09,1050.0,8.800000000000011
5275,L,301.3,310.2,1580.0,41.9,173,0,6932.66,7248.7,8.899999999999977
5276,L,297.5,306.1,1621.0,49.3,244,1,8368.71,12029.199999999999,8.600000000000023
5277,L,299.3,309.9,1746.0,45.3,85,0,8282.68,3850.4999999999995,10.599999999999966
5278,L,303.9,313.8,1431.0,46.4,8,0,6953.22,371.2,9.900000000000034
5279,H,299.9,309.8,1656.0,60.4,222,1,10474.32,13408.8,9.900000000000034
5280,L,300.7,309.0,1850.0,39.5,21,0,7652.4,829.5,8.300000000000011
5281,H,298.1,308.1,1652.0,42.9,52,0,7421.57,2230.7999999999997,10.0
5282,L,304.3,315.0,1498.0,30.5,20,0,4784.54,610.0,10.699999999999989
5283,L,298.9,307.1,1952.0,33.6,162,0,6868.28,5443.2,8.200000000000045
5284,M,299.5,309.0,1579.0,36.6,156,0,6051.9,5709.6,9.5
5285,L,302.6,311.1,1788.0,48.4,84,0,9062.36,4065.6,8.5
5286,M,299.6,309.2,1462.0,32.5,52,0,4975.76,1690.0,9.599999999999966
5287,H,300.1,309.2,1729.0,52.2,61,0,9451.36,3184.2000000000003,9.099999999999966
5288,L,299.4,309.8,1440.0,29.0,185,0,4373.1,5365.0,10.400000000000034
5289,L,299.5,309.6,1595.0,46.3,60,0,7733.4,2778.0,10.100000000000023
5290,M,300.7,312.0,1429.0,45.4,162,0,6793.86,7354.8,11.300000000000011
5291,L,301.1,311.1,1878.0,42.5,86,0,8358.21,3655.0,10.0
5292,L,298.7,309.1,1498.0,49.7,167,0,7796.45,8299.9,10.400000000000034
5293,L,298.5,307.9,1339.0,32.5,235,0,4557.14,7637.5,9.399999999999977
5294,L,298.8,307.7,1555.0,35.3,214,0,5748.22,7554.2,8.899999999999977
5295,M,297.2,308.0,1634.0,30.3,81,0,5184.7,2454.3,10.800000000000011
5296,L,296.8,308.1,1533.0,40.0,58,0,6421.42,2320.0,11.300000000000011
5297,L,300.6,311.3,1392.0,38.7,86,0,5641.3,3328.2000000000003,10.699999999999989
5298,M,301.9,312.0,1723.0,48.4,0,0,8732.92,0.0,10.100000000000023
5299,L,301.7,310.8,1763.0,43.8,242,0,8086.4,10599.599999999999,9.100000000000023
5300,L,295.2,306.4,1243.0,46.8,171,0,6091.8,8002.799999999999,11.199999999999989
5301,M,299.5,310.1,1381.0,37.9,57,0,5481.02,2160.2999999999997,10.600000000000023
5302,L,297.8,309.8,1509.0,43.9,211,0,6937.17,9262.9,12.0
5303,M,300.3,309.1,1442.0,58.0,181,0,8758.34,10498.0,8.800000000000011
5304,M,299.2,310.0,1632.0,26.5,207,0,4528.92,5485.5,10.800000000000011
5305,L,301.2,311.7,1867.0,21.6,136,0,4223.05,2937.6000000000004,10.5
5306,L,300.0,309.6,1469.0,46.2,24,0,7107.1,1108.8000000000002,9.600000000000023
5307,L,296.2,307.6,1820.0,31.4,165,0,5984.52,5181.0,11.400000000000034
5308,L,298.1,308.5,1275.0,26.1,152,0,3484.81,3967.2000000000003,10.399999999999977
5309,M,300.0,309.1,1619.0,45.2,229,0,7663.27,10350.800000000001,9.100000000000023
5310,M,300.2,310.1,1431.0,29.9,6,0,4480.63,179.39999999999998,9.900000000000034
5311,L,297.2,306.2,1623.0,55.2,173,0,9381.8,9549.6,9.0
5312,M,296.9,306.5,1223.0,41.5,79,0,5315.0,3278.5,9.600000000000023
5313,H,300.1,310.8,1307.0,37.9,117,0,5187.32,4434.3,10.699999999999989
5314,H,297.2,308.2,1623.0,31.7,34,0,5387.74,1077.8,11.0
5315,L,296.7,306.9,1425.0,42.0,94,0,6267.48,3948.0,10.199999999999989
5316,L,299.1,308.4,1480.0,24.1,188,0,3735.14,4530.8,9.299999999999955
5317,L,299.0,309.4,1866.0,15.3,0,0,2989.73,0.0,10.399999999999977
5318,H,298.2,309.0,1562.0,24.4,147,0,3991.16,3586.7999999999997,10.800000000000011
5319,L,298.6,306.6,1699.0,51.2,240,1,9109.45,12288.0,8.0
5320,L,300.0,310.1,1402.0,30.7,185,0,4507.28,5679.5,10.100000000000023
5321,L,298.6,308.4,1297.0,25.6,218,0,3477.03,5580.8,9.799999999999955
5322,L,300.1,311.1,1523.0,39.0,192,0,6220.04,7488.0,11.0
5323,L,299.2,309.6,1271.0,62.1,36,0,8265.44,2235.6,10.400000000000034
5324,H,300.3,310.8,1412.0,50.8,151,0,7511.51,7670.799999999999,10.5
5325,L,301.8,311.3,1580.0,31.9,112,0,5278.09,3572.7999999999997,9.5
5326,L,301.7,311.7,1518.0,31.7,132,0,5039.18,4184.4,10.0
5327,L,302.6,313.5,1597.0,32.0,138,0,5351.6,4416.0,10.899999999999977
5328,L,301.7,311.6,1645.0,30.8,119,0,5305.73,3665.2000000000003,9.900000000000034
5329,L,300.5,310.7,1323.0,45.3,162,0,6276.05,7338.599999999999,10.199999999999989
5330,L,299.1,307.6,1369.0,36.6,28,1,5247.03,1024.8,8.5
5331,L,299.2,309.2,1148.0,28.8,117,0,3462.29,3369.6,10.0
5332,L,298.2,306.2,1471.0,26.6,150,0,4097.54,3990.0,8.0
5333,L,300.0,309.5,1669.0,62.8,201,1,10976.01,12622.8,9.5
5334,L,301.4,311.5,1804.0,47.3,221,0,8935.65,10453.3,10.100000000000023
5335,H,298.5,309.3,1572.0,31.4,222,0,5169.05,6970.799999999999,10.800000000000011
5336,H,299.9,308.9,1783.0,52.0,151,0,9709.2,7852.0,9.0
5337,L,298.6,309.0,1606.0,28.4,77,0,4776.31,2186.7999999999997,10.399999999999977
5338,L,300.4,311.9,1557.0,38.5,114,0,6277.37,4389.0,11.5
5339,H,298.9,308.3,1428.0,37.4,124,0,5592.79,4637.599999999999,9.400000000000034
5340,L,298.5,307.0,1111.0,41.7,74,1,4851.53,3085.8,8.5
5341,M,298.6,308.9,1756.0,30.5,64,0,5608.58,1952.0,10.299999999999955
5342,H,301.0,309.8,1528.0,41.2,171,0,6592.49,7045.200000000001,8.800000000000011
5343,L,299.8,309.0,1786.0,22.5,153,0,4208.16,3442.5,9.199999999999989
5344,L,299.1,310.1,1368.0,36.1,183,0,5171.56,6606.3,11.0
5345,H,300.5,312.4,1972.0,53.2,19,0,10986.19,1010.8000000000001,11.899999999999977
5346,L,299.2,308.2,1493.0,50.1,65,0,7832.96,3256.5,9.0
5347,L,302.3,311.5,1414.0,33.0,32,0,4886.43,1056.0,9.199999999999989
5348,L,298.1,307.6,1499.0,24.7,174,0,3877.28,4297.8,9.5
5349,L,299.6,309.1,1568.0,18.2,236,1,2988.45,4295.2,9.5
5350,M,297.2,309.1,1525.0,46.1,245,0,7362.06,11294.5,11.900000000000034
5351,M,299.3,308.8,1445.0,42.7,44,0,6461.37,1878.8000000000002,9.5
5352,H,296.6,306.3,1215.0,43.7,172,0,5560.15,7516.400000000001,9.699999999999989
5353,L,301.5,313.1,1394.0,56.7,208,1,8277.03,11793.6,11.600000000000023
5354,L,301.5,312.1,1730.0,41.4,197,0,7500.24,8155.799999999999,10.600000000000023
5355,L,301.6,312.6,1380.0,42.2,11,0,6098.46,464.20000000000005,11.0
5356,L,300.1,309.2,1230.0,26.0,206,0,3348.94,5356.0,9.099999999999966
5357,L,298.2,307.7,1349.0,56.1,55,0,7925.08,3085.5,9.5
5358,H,298.4,307.4,1522.0,38.3,66,0,6104.39,2527.7999999999997,9.0
5359,M,303.1,313.9,1402.0,31.8,149,0,4668.78,4738.2,10.799999999999955
5360,L,302.9,314.1,1487.0,42.0,165,0,6540.17,6930.0,11.200000000000045
5361,M,300.2,309.6,1395.0,59.8,84,0,8735.83,5023.2,9.400000000000034
5362,L,299.0,308.6,1718.0,61.2,226,1,11010.4,13831.2,9.600000000000023
5363,L,302.7,312.4,1625.0,30.2,107,0,5139.12,3231.4,9.699999999999989
5364,M,298.6,307.1,1935.0,51.6,42,0,10455.85,2167.2000000000003,8.5
5365,L,300.5,309.8,1469.0,43.2,90,0,6645.6,3888.0000000000005,9.300000000000011
5366,H,302.7,313.5,1487.0,49.7,133,0,7739.2,6610.1,10.800000000000011
5367,M,298.3,307.5,1749.0,42.7,138,0,7820.71,5892.6,9.199999999999989
5368,L,301.7,311.8,1607.0,46.0,16,0,7741.09,736.0,10.100000000000023
5369,M,301.0,309.7,1369.0,53.1,227,1,7612.49,12053.7,8.699999999999989
5370,L,299.9,309.8,1637.0,22.5,222,0,3857.09,4995.0,9.900000000000034
5371,L,298.0,307.4,1608.0,43.5,106,0,7324.94,4611.0,9.399999999999977
5372,L,298.6,307.3,1216.0,28.3,140,0,3603.7,3962.0,8.699999999999989
5373,L,300.6,311.4,1421.0,35.3,247,0,5252.88,8719.099999999999,10.799999999999955
5374,M,297.2,308.0,1572.0,39.9,175,0,6568.32,6982.5,10.800000000000011
5375,L,300.3,309.3,1796.0,29.9,220,0,5623.49,6578.0,9.0
5376,M,301.1,310.9,1662.0,34.1,165,0,5934.91,5626.5,9.799999999999955
5377,L,302.0,312.0,1437.0,25.9,83,0,3897.49,2149.7,10.0
5378,L,297.2,305.4,1411.0,34.0,37,0,5023.83,1258.0,8.199999999999989
5379,M,302.6,311.2,1680.0,45.0,48,0,7916.81,2160.0,8.599999999999966
5380,L,303.4,314.7,1103.0,48.5,98,0,5602.04,4753.0,11.300000000000011
5381,L,300.8,309.8,1393.0,32.2,230,0,4697.16,7406.000000000001,9.0
5382,L,297.9,309.2,1790.0,53.1,64,0,9953.51,3398.4,11.300000000000011
5383,L,299.3,308.0,1591.0,45.7,107,0,7614.04,4889.900000000001,8.699999999999989
5384,L,299.9,310.6,1402.0,54.2,49,0,7957.49,2655.8,10.700000000000045
5385,M,300.5,310.2,1322.0,22.3,12,0,3087.2,267.6,9.699999999999989
5386,L,300.0,309.9,1688.0,43.0,90,0,7600.98,3870.0,9.899999999999977
5387,L,300.6,312.4,1551.0,46.0,130,0,7471.34,5980.0,11.799999999999955
5388,H,299.8,308.6,1498.0,22.8,211,0,3576.64,4810.8,8.800000000000011
5389,L,300.5,311.1,1604.0,63.9,27,0,10733.31,1725.3,10.600000000000023
5390,M,299.1,309.6,1567.0,33.6,69,0,5513.62,2318.4,10.5
5391,L,299.3,312.7,1553.0,45.3,173,0,7367.13,7836.9,13.399999999999977
5392,L,298.8,307.8,1300.0,49.1,45,0,6684.26,2209.5,9.0
5393,M,303.8,313.2,1354.0,40.9,136,0,5799.23,5562.4,9.399999999999977
5394,L,302.9,313.7,1671.0,53.7,189,0,9396.79,10149.300000000001,10.800000000000011
5395,M,301.1,310.9,1638.0,59.8,44,0,10257.55,2631.2,9.799999999999955
5396,L,302.7,312.2,1606.0,28.8,160,0,4843.58,4608.0,9.5
5397,L,301.6,312.6,1433.0,41.1,3,0,6167.61,123.30000000000001,11.0
5398,L,300.4,310.1,1674.0,49.0,140,0,8589.74,6860.0,9.700000000000045
5399,L,297.0,306.1,1471.0,23.6,51,0,3635.41,1203.6000000000001,9.100000000000023
5400,M,299.5,310.2,1770.0,50.5,165,0,9360.38,8332.5,10.699999999999989
5401,L,299.3,309.7,1404.0,56.9,64,0,8365.81,3641.6,10.399999999999977
5402,H,297.7,307.4,1443.0,52.7,45,0,7963.53,2371.5,9.699999999999989
5403,H,297.0,306.7,1510.0,44.3,216,0,7005.02,9568.8,9.699999999999989
5404,L,301.0,310.1,1689.0,55.2,128,0,9763.32,7065.6,9.100000000000023
5405,L,300.6,311.4,1531.0,43.5,159,0,6974.18,6916.5,10.799999999999955
5406,M,297.7,307.3,1544.0,26.8,105,0,4333.22,2814.0,9.600000000000023
5407,H,298.5,307.7,1467.0,34.7,176,0,5330.75,6107.200000000001,9.199999999999989
5408,L,302.3,311.0,1585.0,37.4,18,0,6207.68,673.1999999999999,8.699999999999989
5409,L,298.2,308.6,1525.0,39.3,80,0,6276.12,3144.0,10.400000000000034
5410,L,300.3,309.8,1397.0,39.0,179,0,5705.45,6981.0,9.5
5411,M,299.6,307.6,1560.0,36.5,166,0,5962.74,6059.0,8.0
5412,L,301.0,309.8,1564.0,42.1,189,0,6895.21,7956.900000000001,8.800000000000011
5413,M,298.3,308.1,1958.0,54.9,40,0,11256.77,2196.0,9.800000000000011
5414,L,300.2,310.0,1428.0,42.0,75,0,6280.67,3150.0,9.800000000000011
5415,L,300.3,310.1,1387.0,46.2,147,0,6710.38,6791.400000000001,9.800000000000011
5416,L,300.5,310.1,1587.0,18.0,21,0,2991.42,378.0,9.600000000000023
5417,L,300.2,308.7,1360.0,41.2,236,1,5867.66,9723.2,8.5
5418,L,300.7,309.8,1345.0,50.7,158,0,7141.0,8010.6,9.100000000000023
5419,L,304.4,315.6,1280.0,52.3,97,0,7010.36,5073.099999999999,11.200000000000045
5420,L,305.1,316.2,1399.0,51.3,86,0,7515.6,4411.8,11.099999999999966
5421,L,298.7,309.3,1403.0,42.9,107,0,6302.95,4590.3,10.600000000000023
5422,L,295.4,305.9,1308.0,44.0,55,0,6026.83,2420.0,10.5
5423,H,301.2,312.1,1493.0,33.2,18,0,5190.71,597.6,10.900000000000034
5424,L,300.4,309.3,1114.0,48.3,112,0,5634.57,5409.599999999999,8.900000000000034
5425,L,302.1,312.2,1626.0,33.3,65,0,5670.13,2164.5,10.099999999999966
5426,L,300.6,309.4,1438.0,46.7,65,0,7032.41,3035.5,8.799999999999955
5427,H,300.1,309.0,1464.0,40.3,37,0,6178.38,1491.1,8.899999999999977
5428,L,302.3,312.6,1643.0,40.0,38,0,6882.18,1520.0,10.300000000000011
5429,M,302.5,313.5,1604.0,49.9,228,0,8381.73,11377.199999999999,11.0
5430,M,297.2,307.0,1425.0,45.5,203,0,6789.77,9236.5,9.800000000000011
5431,M,298.4,310.0,1618.0,42.7,27,0,7234.94,1152.9,11.600000000000023
5432,L,299.8,310.0,1815.0,34.9,10,0,6633.32,349.0,10.199999999999989
5433,M,300.2,309.4,1356.0,55.9,233,1,7937.8,13024.699999999999,9.199999999999989
5434,L,299.5,308.5,1672.0,43.2,112,0,7563.95,4838.400000000001,9.0
5435,L,300.9,311.9,1338.0,47.3,92,0,6627.44,4351.599999999999,11.0
5436,M,302.0,312.1,1748.0,40.7,20,0,7450.14,814.0,10.100000000000023
5437,L,303.4,314.1,1410.0,33.0,156,0,4872.61,5148.0,10.700000000000045
5438,M,301.2,308.5,1403.0,43.4,92,0,6376.41,3992.7999999999997,7.300000000000011
5439,L,298.3,308.5,1743.0,34.0,231,0,6205.9,7854.0,10.199999999999989
5440,M,299.7,309.2,1667.0,44.3,41,0,7733.35,1816.3,9.5
5441,L,299.8,308.5,1416.0,13.34999999999999,139,0,1979.58,1855.6499999999987,8.699999999999989
5442,L,301.0,311.0,1560.0,35.9,1,0,5864.73,35.9,10.0
5443,L,300.8,311.9,1410.0,39.8,39,0,5876.66,1552.1999999999998,11.099999999999966
5444,H,304.1,316.25000000000006,1252.0,30.4,101,0,3985.72,3070.3999999999996,12.150000000000034
5445,L,299.1,309.3,1571.0,43.5,62,0,7156.39,2697.0,10.199999999999989
5446,L,300.8,310.1,1474.0,35.7,160,0,5510.54,5712.0,9.300000000000011
5447,L,304.7,313.9,1368.0,39.8,108,0,5701.61,4298.4,9.199999999999989
5448,M,298.8,309.8,1771.0,34.4,173,0,6379.78,5951.2,11.0
5449,L,300.3,309.3,1374.0,49.6,9,0,7136.69,446.40000000000003,9.0
5450,L,298.1,308.7,1563.0,45.3,232,0,7414.57,10509.599999999999,10.599999999999966
5451,L,300.2,310.5,1731.0,42.9,138,0,7776.48,5920.2,10.300000000000011
5452,L,298.4,308.6,1492.0,40.5,15,0,6327.8,607.5,10.200000000000045
5453,L,302.1,310.5,1406.0,65.1,7,0,9585.06,455.69999999999993,8.399999999999977
5454,L,300.3,309.9,1591.0,38.3,46,0,6381.13,1761.8,9.599999999999966
5455,M,298.1,306.7,1619.0,33.0,116,0,5594.86,3828.0,8.599999999999966
5456,L,301.7,311.1,1694.0,28.2,173,0,5002.55,4878.599999999999,9.400000000000034
5457,L,300.4,311.3,1872.0,48.9,3,0,9586.13,146.7,10.900000000000034
5458,L,301.9,313.1,1456.0,56.1,171,0,8553.68,9593.1,11.200000000000045
5459,H,297.7,307.9,1573.0,31.5,91,0,5188.81,2866.5,10.199999999999989
5460,H,300.7,310.2,1310.0,37.1,16,0,5089.48,593.6,9.5
5461,M,301.5,313.1,1657.0,36.3,81,0,6298.8,2940.2999999999997,11.600000000000023
5462,L,299.2,308.6,1570.0,38.7,244,0,6362.67,9442.800000000001,9.400000000000034
5463,L,297.5,306.3,1506.0,22.3,4,0,3516.89,89.2,8.800000000000011
5464,L,299.9,310.6,1427.0,47.9,71,0,7157.94,3400.9,10.700000000000045
5465,L,302.5,312.9,1475.0,51.8,125,0,8001.11,6475.0,10.399999999999977
5466,L,302.3,311.7,1580.0,20.9,180,0,3458.06,3761.9999999999995,9.399999999999977
5467,M,299.1,309.2,1365.0,57.4,4,0,8204.9,229.6,10.099999999999966
5468,M,297.4,307.9,1483.0,56.0,34,0,8696.77,1904.0,10.5
5469,M,299.1,309.3,1540.0,13.34999999999999,22,0,2152.93,293.6999999999998,10.199999999999989
5470,L,299.1,309.5,1262.0,18.3,149,0,2418.46,2726.7000000000003,10.399999999999977
5471,M,300.9,310.4,1349.0,38.6,111,0,5452.9,4284.6,9.5
5472,L,299.8,310.3,1419.0,53.0,116,0,7875.66,6148.0,10.5
5473,L,298.5,308.5,1818.0,42.8,186,0,8148.29,7960.799999999999,10.0
5474,M,302.2,311.7,1389.0,40.1,65,0,5832.78,2606.5,9.5
5475,L,300.3,310.0,1528.0,45.6,163,0,7296.54,7432.8,9.699999999999989
5476,L,300.9,310.8,1351.0,31.9,66,0,4513.1,2105.4,9.900000000000034
5477,L,296.6,305.1,1399.0,52.6,27,0,7706.05,1420.2,8.5
5478,M,295.2,304.5,1280.0,38.9,235,0,5214.21,9141.5,9.300000000000011
5479,M,297.1,307.2,1657.0,23.6,214,0,4095.09,5050.400000000001,10.099999999999966
5480,L,299.0,307.7,1300.0,32.0,200,0,4356.34,6400.0,8.699999999999989
5481,M,301.2,310.5,1700.0,43.6,210,0,7761.83,9156.0,9.300000000000011
5482,L,295.3,307.7,1621.0,37.0,150,0,6280.78,5550.0,12.399999999999977
5483,L,303.2,312.1,1524.0,36.0,140,0,5745.34,5040.0,8.900000000000034
5484,M,300.3,310.0,1706.0,41.9,237,0,7485.51,9930.3,9.699999999999989
5485,M,302.7,311.9,2026.5,43.5,200,0,9231.33,8700.0,9.199999999999989
5486,H,298.2,308.1,1623.0,27.6,68,0,4690.9,1876.8000000000002,9.900000000000034
5487,L,301.0,310.2,1337.0,52.1,231,1,7294.54,12035.1,9.199999999999989
5488,M,300.2,309.9,1804.0,38.6,29,0,7292.1,1119.4,9.699999999999989
5489,M,301.6,310.9,1571.0,44.1,183,0,7255.1,8070.3,9.299999999999955
5490,H,299.5,310.6,1915.0,40.9,59,0,8202.02,2413.1,11.100000000000023
5491,L,300.9,311.0,1447.0,35.8,86,0,5424.76,3078.7999999999997,10.100000000000023
5492,M,302.2,311.2,1767.0,49.0,96,0,9066.95,4704.0,9.0
5493,L,298.7,309.5,1537.0,40.7,148,0,6550.84,6023.6,10.800000000000011
5494,L,300.5,309.5,2013.0,40.6,111,0,8558.52,4506.6,9.0
5495,L,296.2,304.7,1487.0,15.1,76,0,2351.35,1147.6,8.5
5496,L,301.4,311.4,2026.5,48.1,41,0,10207.52,1972.1000000000001,10.0
5497,L,303.9,315.8,1616.0,38.2,104,0,6464.48,3972.8,11.900000000000034
5498,M,297.5,305.7,1689.0,47.4,47,0,8383.72,2227.7999999999997,8.199999999999989
5499,L,299.8,308.5,1842.0,56.3,104,0,10859.92,5855.2,8.699999999999989
5500,M,301.8,312.5,1396.0,48.1,203,0,7031.68,9764.300000000001,10.699999999999989
5501,L,300.1,309.4,1711.0,40.4,149,0,7238.69,6019.599999999999,9.299999999999955
5502,L,300.3,310.9,1485.0,37.0,247,0,5753.83,9139.0,10.599999999999966
5503,L,299.2,308.4,1565.0,65.1,195,1,10669.01,12694.499999999998,9.199999999999989
5504,L,299.1,309.3,1552.0,44.7,72,0,7264.87,3218.4,10.199999999999989
5505,L,299.8,311.6,1640.0,42.0,94,0,7213.1,3948.0,11.800000000000011
5506,L,300.1,308.9,1632.0,38.1,49,0,6511.39,1866.9,8.799999999999955
5507,L,297.6,308.7,1435.0,31.0,190,0,4658.46,5890.0,11.099999999999966
5508,L,299.9,310.5,1560.0,20.5,175,0,3348.94,3587.5,10.600000000000023
5509,L,303.1,311.6,1120.0,55.1,65,1,6462.47,3581.5,8.5
5510,L,299.2,309.7,1715.0,32.1,109,0,5764.98,3498.9,10.5
5511,L,297.5,307.6,1841.0,38.0,182,0,7325.98,6916.0,10.100000000000023
5512,H,299.7,309.8,1572.0,38.8,35,0,6387.23,1358.0,10.100000000000023
5513,M,298.6,308.9,1250.0,54.2,202,0,7094.76,10948.400000000001,10.299999999999955
5514,M,297.3,307.0,1670.0,32.3,28,0,5648.69,904.3999999999999,9.699999999999989
5515,L,300.3,310.3,1401.0,42.5,227,0,6235.28,9647.5,10.0
5516,M,298.6,308.8,1570.0,45.0,97,0,7398.45,4365.0,10.199999999999989
5517,M,298.8,309.5,1660.0,26.1,174,0,4537.09,4541.400000000001,10.699999999999989
5518,M,300.3,308.8,1635.0,25.2,120,0,4314.66,3024.0,8.5
5519,L,296.9,308.2,1731.0,32.8,49,0,5945.65,1607.1999999999998,11.300000000000011
5520,M,296.5,305.4,1564.0,42.3,8,0,6927.97,338.4,8.899999999999977
5521,M,301.3,312.1,1569.0,41.1,75,0,6752.95,3082.5,10.800000000000011
5522,L,296.1,306.2,1669.0,38.7,84,0,6763.88,3250.8,10.099999999999966
5523,M,298.0,306.8,1525.0,46.4,189,0,7409.97,8769.6,8.800000000000011
5524,L,296.4,306.9,1414.0,31.4,4,0,4649.52,125.6,10.5
5525,L,299.0,308.1,1618.0,38.2,6,0,6472.48,229.20000000000002,9.100000000000023
5526,L,300.9,311.9,1335.0,38.8,171,0,5424.27,6634.799999999999,11.0
5527,M,300.2,309.5,1523.0,31.6,36,0,5039.83,1137.6000000000001,9.300000000000011
5528,L,304.8,313.3,1291.0,62.8,124,1,8490.13,7787.2,8.5
5529,L,302.2,313.7,1438.0,18.4,245,0,2770.8,4508.0,11.5
5530,L,298.1,308.3,1446.0,52.3,242,1,7919.52,12656.599999999999,10.199999999999989
5531,L,297.6,308.5,1361.0,47.9,2,0,6826.88,95.8,10.899999999999977
5532,L,305.4,314.6,1734.0,48.0,142,0,8716.03,6816.0,9.200000000000045
5533,M,302.1,310.2,1720.0,40.9,82,0,7366.83,3353.7999999999997,8.099999999999966
5534,M,301.2,312.9,1773.0,53.2,112,0,9877.54,5958.400000000001,11.699999999999989
5535,L,300.1,310.1,1504.0,35.4,2,0,5575.45,70.8,10.0
5536,L,300.5,311.0,1460.0,43.8,83,0,6696.62,3635.3999999999996,10.5
5537,L,297.0,307.7,1681.0,40.6,78,0,7146.98,3166.8,10.699999999999989
5538,M,300.3,310.0,1560.0,37.6,101,0,6142.44,3797.6000000000004,9.699999999999989
5539,L,300.1,310.4,1560.0,41.1,202,0,6714.21,8302.2,10.299999999999955
5540,L,298.2,309.8,1082.0,30.5,141,0,3455.86,4300.5,11.600000000000023
5541,L,298.9,308.9,1673.0,33.3,3,0,5834.03,99.89999999999999,10.0
5542,M,303.0,314.0,1649.0,55.6,162,0,9601.17,9007.2,11.0
5543,M,299.7,307.8,1537.0,66.55000000000001,135,0,10711.51,8984.250000000002,8.100000000000023
5544,M,304.1,315.3,1684.0,45.1,212,0,7953.3,9561.2,11.199999999999989
5545,M,296.5,305.0,1645.0,48.2,162,0,8303.12,7808.400000000001,8.5
5546,L,299.0,310.0,1413.0,42.4,67,0,6273.89,2840.7999999999997,11.0
5547,L,296.9,307.3,1498.0,44.4,35,0,6965.04,1554.0,10.400000000000034
5548,L,297.6,307.5,1357.0,45.3,77,0,6437.34,3488.1,9.899999999999977
5549,L,298.3,308.2,1799.0,50.2,171,0,9457.22,8584.2,9.899999999999977
5550,L,300.6,310.4,1712.0,55.2,63,0,9896.27,3477.6000000000004,9.799999999999955
5551,L,300.5,309.7,1392.0,31.1,194,0,4533.44,6033.400000000001,9.199999999999989
5552,L,298.6,308.4,1648.0,66.55000000000001,248,1,11485.08,16504.4,9.799999999999955
5553,H,295.5,307.8,1587.0,41.3,19,0,6863.66,784.6999999999999,12.300000000000011
5554,M,303.0,314.3,1415.0,41.3,71,0,6119.77,2932.2999999999997,11.300000000000011
5555,M,299.4,308.6,1560.0,35.8,184,0,5848.39,6587.2,9.200000000000045
5556,M,297.8,308.0,1691.0,35.8,54,0,6339.5,1933.1999999999998,10.199999999999989
5557,L,300.5,310.6,1706.0,46.0,242,1,8217.99,11132.0,10.100000000000023
5558,M,300.4,310.3,1955.0,46.2,13,0,9458.39,600.6,9.900000000000034
5559,L,299.4,308.4,1554.0,45.5,128,0,7404.42,5824.0,9.0
5560,M,300.3,310.7,1495.0,35.4,56,0,5542.08,1982.3999999999999,10.399999999999977
5561,L,297.7,308.5,1638.0,13.34999999999999,83,0,2289.94,1108.0499999999993,10.800000000000011
5562,H,301.5,310.7,1505.0,22.0,13,0,3467.27,286.0,9.199999999999989
5563,L,298.0,310.0,1433.0,40.0,50,0,6002.54,2000.0,12.0
5564,L,298.8,310.3,1372.0,43.2,91,0,6206.78,3931.2000000000003,11.5
5565,H,301.3,311.8,1046.5,35.7,102,0,3912.34,3641.4,10.5
5566,L,302.4,311.2,1669.0,33.0,236,0,5767.65,7788.0,8.800000000000011
5567,M,303.2,313.6,1244.0,42.9,57,0,5588.64,2445.2999999999997,10.400000000000034
5568,M,302.1,312.4,1380.0,38.8,120,0,5607.11,4656.0,10.299999999999955
5569,M,299.4,309.9,1590.0,35.2,118,0,5860.96,4153.6,10.5
5570,H,296.9,308.5,1480.0,23.8,122,0,3688.65,2903.6,11.600000000000023
5571,H,302.8,312.6,1922.0,31.5,8,0,6340.05,252.0,9.800000000000011
5572,L,302.7,314.8,1267.0,49.2,86,0,6527.85,4231.2,12.100000000000023
5573,M,298.7,309.1,1938.0,30.3,207,0,6149.29,6272.1,10.400000000000034
5574,M,301.8,311.6,1785.0,46.5,47,0,8692.0,2185.5,9.800000000000011
5575,M,299.3,311.7,1700.0,53.7,154,0,9559.87,8269.800000000001,12.399999999999977
5576,L,303.0,313.8,1795.0,32.0,103,0,6015.1,3296.0,10.800000000000011
5577,M,299.0,308.5,1610.0,35.5,199,0,5985.26,7064.5,9.5
5578,H,304.0,314.0,1233.0,49.7,155,0,6417.24,7703.5,10.0
5579,H,301.6,312.2,1630.0,52.2,183,0,8910.19,9552.6,10.599999999999966
5580,L,303.6,313.4,1272.0,33.5,209,0,4462.32,7001.5,9.799999999999955
5581,L,299.1,309.2,1443.0,23.8,161,0,3596.43,3831.8,10.099999999999966
5582,L,300.8,310.0,1524.0,52.4,1,0,8362.67,52.4,9.199999999999989
5583,M,298.1,306.4,1374.0,45.7,246,1,6575.54,11242.2,8.299999999999955
5584,M,301.7,311.8,1707.0,43.9,23,0,7847.42,1009.6999999999999,10.100000000000023
5585,L,301.8,311.9,1499.0,49.0,73,0,7691.77,3577.0,10.099999999999966
5586,L,304.8,315.3,1611.0,28.1,48,0,4740.57,1348.8000000000002,10.5
5587,L,301.0,310.4,1536.0,43.8,39,0,7045.21,1708.1999999999998,9.399999999999977
5588,L,301.4,310.1,1560.0,37.1,7,0,6060.76,259.7,8.700000000000045
5589,H,299.1,308.1,1379.0,45.9,68,0,6628.35,3121.2,9.0
5590,M,301.1,312.1,1327.0,47.9,66,0,6656.33,3161.4,11.0
5591,L,299.2,308.6,1510.0,49.6,224,1,7843.09,11110.4,9.400000000000034
5592,L,300.2,309.8,1365.0,45.9,157,0,6561.06,7206.3,9.600000000000023
5593,L,300.3,310.0,1787.0,42.4,51,0,7934.49,2162.4,9.699999999999989
5594,H,299.3,308.7,1291.0,42.7,38,0,5772.75,1622.6000000000001,9.399999999999977
5595,L,300.1,309.4,1956.0,43.6,70,0,8930.67,3052.0,9.299999999999955
5596,L,299.2,308.4,1592.0,33.7,236,0,5618.26,7953.200000000001,9.199999999999989
5597,L,299.2,310.6,1550.0,36.2,84,0,5875.83,3040.8,11.400000000000034
5598,M,302.2,312.8,1441.0,43.9,229,0,6624.56,10053.1,10.600000000000023
5599,M,300.4,311.6,1655.0,46.4,12,0,8041.64,556.8,11.200000000000045
5600,M,300.7,312.1,1501.0,33.4,88,0,5249.96,2939.2,11.400000000000034
5601,L,297.1,304.7,1591.0,29.2,118,0,4864.99,3445.6,7.599999999999966
5602,L,300.8,311.2,1688.0,23.2,129,0,4100.99,2992.7999999999997,10.399999999999977
5603,L,301.1,310.5,1657.0,27.3,193,0,4737.11,5268.900000000001,9.399999999999977
5604,M,299.2,310.3,1759.0,34.5,193,0,6354.97,6658.5,11.100000000000023
5605,L,304.2,313.4,1634.0,35.5,206,0,6074.48,7313.0,9.199999999999989
5606,L,295.4,304.4,1367.0,37.1,14,0,5310.94,519.4,9.0
5607,M,301.6,310.1,1165.0,27.9,186,1,3403.76,5189.4,8.5
5608,M,301.4,311.1,1575.0,21.8,17,0,3595.55,370.6,9.700000000000045
5609,L,301.1,312.0,1578.0,41.2,68,0,6808.21,2801.6000000000004,10.899999999999977
5610,L,300.4,310.6,1882.0,41.2,89,0,8119.8,3666.8,10.200000000000045
5611,L,301.1,309.9,1517.0,46.1,29,0,7323.44,1336.9,8.799999999999955
5612,M,301.7,313.9,1605.0,48.0,77,0,8067.61,3696.0,12.199999999999989
5613,M,298.5,309.2,1677.0,43.8,132,0,7691.94,5781.599999999999,10.699999999999989
5614,L,300.6,311.4,1629.0,41.0,167,0,6994.13,6847.0,10.799999999999955
5615,L,299.6,310.9,1689.0,48.6,148,0,8595.96,7192.8,11.299999999999955
5616,M,297.8,306.2,1391.0,54.1,191,0,7880.49,10333.1,8.399999999999977
5617,M,301.4,310.5,1363.0,33.2,106,0,4738.74,3519.2000000000003,9.100000000000023
5618,L,298.9,309.7,1487.0,47.6,7,0,7412.19,333.2,10.800000000000011
5619,L,297.0,306.2,1148.0,33.7,5,0,4051.36,168.5,9.199999999999989
5620,L,298.9,308.6,1530.0,42.1,89,0,6745.31,3746.9,9.700000000000045
5621,L,298.4,308.3,1419.0,50.6,195,0,7519.03,9867.0,9.900000000000034
5622,H,302.1,310.8,1595.0,37.2,57,0,6213.44,2120.4,8.699999999999989
5623,M,300.3,309.9,1490.0,30.4,179,0,4743.39,5441.599999999999,9.599999999999966
5624,M,302.8,313.7,1356.0,35.3,157,0,5012.6,5542.099999999999,10.899999999999977
5625,L,298.7,309.4,1772.0,30.4,226,0,5641.13,6870.4,10.699999999999989
5626,M,301.7,312.9,1552.0,29.2,184,0,4745.73,5372.8,11.199999999999989
5627,L,305.5999999999999,316.25000000000006,1692.0,51.9,26,0,9195.94,1349.3999999999999,10.650000000000148
5628,L,300.7,311.1,1570.0,45.2,90,0,7431.33,4068.0000000000005,10.400000000000034
5629,L,301.7,312.0,1621.0,32.7,171,0,5550.85,5591.700000000001,10.300000000000011
5630,L,301.4,311.6,1294.0,30.1,106,0,4078.77,3190.6000000000004,10.200000000000045
5631,M,297.2,306.5,1766.0,30.8,68,0,5696.0,2094.4,9.300000000000011
5632,L,301.2,310.1,1695.0,32.7,103,0,5804.25,3368.1000000000004,8.900000000000034
5633,L,300.6,309.9,1534.0,51.4,138,0,8256.9,7093.2,9.299999999999955
5634,L,299.5,309.2,1589.0,38.8,42,0,6456.31,1629.6,9.699999999999989
5635,L,298.2,307.6,1717.0,61.1,243,1,10986.01,14847.300000000001,9.400000000000034
5636,L,301.4,311.8,1471.0,39.5,125,0,6084.69,4937.5,10.400000000000034
5637,L,298.1,308.3,1254.0,34.2,34,0,4491.1,1162.8000000000002,10.199999999999989
5638,M,304.3,314.6,1474.0,49.1,138,0,7578.92,6775.8,10.300000000000011
5639,L,300.2,310.6,1565.0,23.3,229,0,3818.55,5335.7,10.400000000000034
5640,L,297.6,308.7,1532.0,41.8,229,0,6706.0,9572.199999999999,11.099999999999966
5641,L,299.0,309.0,1773.0,27.8,53,0,5161.57,1473.4,10.0
5642,M,299.4,310.5,1366.0,18.2,49,0,2603.46,891.8,11.100000000000023
5643,L,304.8,315.3,1388.0,38.7,245,0,5625.08,9481.5,10.5
5644,L,298.2,309.4,1348.0,48.2,188,0,6804.02,9061.6,11.199999999999989
5645,L,299.8,311.4,1614.0,42.0,132,0,7098.74,5544.0,11.599999999999966
5646,L,298.9,309.5,1264.0,40.8,228,0,5400.52,9302.4,10.600000000000023
5647,L,301.0,311.1,1671.0,14.0,114,0,2449.81,1596.0,10.100000000000023
5648,M,299.0,309.1,1371.0,38.4,100,0,5513.12,3840.0,10.100000000000023
5649,M,297.7,307.3,1399.0,38.5,153,0,5640.36,5890.5,9.600000000000023
5650,L,299.6,309.1,1854.0,46.1,96,0,8950.33,4425.6,9.5
5651,M,299.4,310.3,1758.0,29.4,160,0,5412.46,4704.0,10.900000000000034
5652,M,298.8,307.9,1559.0,48.2,150,0,7869.04,7230.0,9.099999999999966
5653,L,298.9,310.5,1303.0,34.8,185,0,4748.45,6437.999999999999,11.600000000000023
5654,L,302.4,312.2,1898.0,36.9,198,0,7334.17,7306.2,9.800000000000011
5655,L,299.4,312.2,1502.0,45.2,223,0,7109.47,10079.6,12.800000000000011
5656,L,297.7,307.0,1582.0,28.1,136,0,4655.23,3821.6000000000004,9.300000000000011
5657,M,299.1,309.3,1701.0,48.1,15,0,8567.97,721.5,10.199999999999989
5658,M,300.1,309.8,1186.0,26.4,200,0,3278.82,5280.0,9.699999999999989
5659,H,297.3,306.5,1423.0,46.4,171,0,6914.35,7934.4,9.199999999999989
5660,M,303.3,314.3,1525.0,37.6,234,0,6004.63,8798.4,11.0
5661,L,301.7,310.6,1561.0,38.4,27,0,6277.15,1036.8,8.900000000000034
5662,L,302.9,312.2,1304.0,13.34999999999999,150,0,1823.0,2002.4999999999986,9.300000000000011
5663,M,300.8,311.4,1596.0,34.0,139,0,5682.51,4726.0,10.599999999999966
5664,L,295.8,306.6,1544.0,37.8,41,0,6111.78,1549.8,10.800000000000011
5665,M,303.1,311.7,1836.0,55.3,8,0,10632.28,442.4,8.599999999999966
5666,M,298.3,308.9,1717.0,39.5,57,0,7102.25,2251.5,10.599999999999966
5667,M,298.4,308.6,1489.0,33.4,108,0,5207.99,3607.2,10.200000000000045
5668,M,300.3,309.4,1502.0,48.2,75,0,7581.33,3615.0,9.099999999999966
5669,L,302.8,312.0,1719.0,34.9,200,0,6282.46,6980.0,9.199999999999989
5670,M,302.1,310.1,1588.0,50.2,146,0,8348.01,7329.200000000001,8.0
5671,M,301.8,313.5,1292.0,42.5,163,0,5750.16,6927.5,11.699999999999989
5672,L,299.4,310.4,1912.0,30.9,224,0,6186.93,6921.599999999999,11.0
5673,M,299.3,308.1,1360.0,49.2,76,0,7007.01,3739.2000000000003,8.800000000000011
5674,L,300.7,311.5,1981.0,45.9,65,0,9521.95,2983.5,10.800000000000011
5675,H,299.7,309.2,1614.0,48.8,103,0,8248.06,5026.4,9.5
5676,L,301.8,312.7,1424.0,38.1,56,0,5681.51,2133.6,10.899999999999977
5677,L,301.7,311.2,1114.0,45.9,56,0,5354.59,2570.4,9.5
5678,L,301.2,310.8,1677.0,59.0,107,0,10361.29,6313.0,9.600000000000023
5679,M,294.9,304.7,1260.0,41.6,24,0,5488.99,998.4000000000001,9.800000000000011
5680,L,300.3,309.6,1601.0,35.9,140,0,6018.86,5026.0,9.300000000000011
5681,L,299.8,311.2,1884.0,55.3,186,0,10910.25,10285.8,11.399999999999977
5682,L,300.3,311.2,1334.0,46.5,12,0,6495.87,558.0,10.899999999999977
5683,H,298.5,308.6,1670.0,35.4,224,0,6190.82,7929.599999999999,10.100000000000023
5684,L,297.4,308.4,1392.0,57.2,154,0,8338.04,8808.800000000001,11.0
5685,L,300.9,309.3,1740.0,27.9,167,0,5083.73,4659.3,8.400000000000034
5686,M,299.3,308.1,1549.0,45.2,228,0,7331.93,10305.6,8.800000000000011
5687,L,301.1,311.6,1534.0,51.3,82,0,8240.84,4206.599999999999,10.5
5688,H,298.7,309.4,1754.0,50.6,85,0,9294.13,4301.0,10.699999999999989
5689,L,302.8,313.1,1649.0,30.9,179,0,5335.9,5531.099999999999,10.300000000000011
5690,M,302.0,310.1,1393.0,27.5,144,0,4011.55,3960.0,8.100000000000023
5691,L,300.6,309.5,1857.0,42.2,178,0,8206.41,7511.6,8.899999999999977
5692,L,299.6,310.0,1263.0,46.9,1,0,6203.04,46.9,10.399999999999977
5693,M,301.7,314.1,1587.0,29.2,139,0,4852.76,4058.7999999999997,12.400000000000034
5694,L,300.8,312.0,1390.0,42.9,224,0,6244.54,9609.6,11.199999999999989
5695,M,300.5,312.1,1271.0,25.4,155,0,3380.71,3937.0,11.600000000000023
5696,L,302.1,312.4,1334.0,50.5,217,0,7054.66,10958.5,10.299999999999955
5697,L,302.9,313.2,1529.0,34.2,152,0,5475.98,5198.400000000001,10.300000000000011
5698,L,297.5,306.5,1600.0,38.3,219,1,6417.23,8387.699999999999,9.0
5699,H,297.9,308.9,1727.0,48.5,222,0,8771.27,10767.0,11.0
5700,L,298.4,308.4,1802.0,47.6,235,1,8982.36,11186.0,10.0
5701,L,297.0,307.7,1587.0,44.6,158,0,7412.09,7046.8,10.699999999999989
5702,L,299.9,309.9,1458.0,50.2,154,0,7664.61,7730.8,10.0
5703,L,301.2,311.5,1723.0,44.0,242,0,7939.01,10648.0,10.300000000000011
5704,L,300.0,309.9,1427.0,54.3,107,0,8114.33,5810.099999999999,9.899999999999977
5705,H,298.9,309.2,1252.0,22.9,186,0,3002.4,4259.4,10.300000000000011
5706,L,302.3,313.3,1706.0,39.3,0,0,7021.02,0.0,11.0
5707,M,300.3,309.0,1774.0,38.9,34,0,7226.56,1322.6,8.699999999999989
5708,L,300.7,309.2,1390.0,37.7,96,0,5487.63,3619.2000000000003,8.5
5709,M,302.3,312.7,1888.0,44.9,0,0,8877.22,0.0,10.399999999999977
5710,H,299.8,311.2,1642.0,42.0,8,0,7221.89,336.0,11.399999999999977
5711,L,304.1,315.8,1615.0,48.1,160,0,8134.79,7696.0,11.699999999999989
5712,H,299.1,307.9,1445.0,28.1,43,0,4252.09,1208.3,8.799999999999955
5713,L,304.0,313.6,1720.0,62.7,52,0,11293.4,3260.4,9.600000000000023
5714,H,298.1,306.6,1265.0,36.0,228,1,4768.94,8208.0,8.5
5715,M,301.0,310.5,1477.0,42.8,174,0,6619.92,7447.2,9.5
5716,L,298.7,309.8,1406.0,37.8,206,0,5565.52,7786.799999999999,11.100000000000023
5717,L,302.2,312.2,1303.0,40.7,206,0,5553.51,8384.2,10.0
5718,L,299.0,308.7,1692.0,34.6,112,0,6130.63,3875.2000000000003,9.699999999999989
5719,L,300.6,311.1,1599.0,41.9,220,0,7016.02,9218.0,10.5
5720,L,298.7,307.9,1682.0,45.7,232,0,8049.54,10602.400000000001,9.199999999999989
5721,L,301.9,313.5,1488.0,16.0,84,0,2493.17,1344.0,11.600000000000023
5722,L,298.7,308.7,1714.0,36.6,45,0,6569.32,1647.0,10.0
5723,M,303.4,313.0,1551.0,36.2,17,0,5879.62,615.4000000000001,9.600000000000023
5724,L,298.0,308.6,1453.0,63.0,143,0,9585.94,9009.0,10.600000000000023
5725,L,297.3,308.2,1423.0,48.5,246,1,7227.29,11931.0,10.899999999999977
5726,M,301.9,313.5,1183.0,54.8,220,1,6788.81,12056.0,11.600000000000023
5727,L,298.8,308.6,1746.0,45.5,232,0,8319.25,10556.0,9.800000000000011
5728,L,300.0,311.1,1726.0,40.7,218,0,7356.37,8872.6,11.100000000000023
5729,L,299.4,309.5,2026.5,43.5,186,0,9231.33,8091.0,10.100000000000023
5730,H,297.4,306.8,1478.0,51.1,123,0,7909.04,6285.3,9.400000000000034
5731,M,299.8,309.1,1418.0,57.3,78,0,8508.63,4469.4,9.300000000000011
5732,L,302.5,311.4,1233.0,42.9,51,0,5539.22,2187.9,8.899999999999977
5733,M,302.0,311.3,1709.0,33.7,180,0,6031.16,6066.000000000001,9.300000000000011
5734,L,300.5,311.6,1668.0,49.1,187,0,8576.42,9181.7,11.100000000000023
5735,M,302.2,312.9,1815.0,31.4,110,0,5968.08,3454.0,10.699999999999989
5736,M,297.9,306.6,1373.0,43.8,8,0,6297.57,350.4,8.700000000000045
5737,M,299.3,307.6,1666.0,46.7,27,0,8147.43,1260.9,8.300000000000011
5738,L,300.8,309.7,1444.0,38.8,65,0,5867.15,2522.0,8.899999999999977
5739,L,299.7,309.0,1778.0,30.9,212,0,5753.32,6550.799999999999,9.300000000000011
5740,L,299.5,309.2,1633.0,35.4,74,0,6053.66,2619.6,9.699999999999989
5741,M,297.6,308.8,1259.0,36.7,95,0,4838.61,3486.5000000000005,11.199999999999989
5742,L,295.8,305.3,1514.0,29.4,21,0,4661.24,617.4,9.5
5743,M,301.6,313.3,1189.0,36.1,34,0,4494.88,1227.4,11.699999999999989
5744,H,300.5,308.8,1329.0,25.4,105,1,3534.98,2667.0,8.300000000000011
5745,L,301.8,311.5,1340.0,45.8,168,0,6426.86,7694.4,9.699999999999989
5746,M,299.1,309.9,1423.0,43.2,207,0,6437.5,8942.400000000001,10.799999999999955
5747,M,298.6,309.4,1490.0,42.5,158,0,6631.38,6715.0,10.799999999999955
5748,H,300.0,309.7,1567.0,36.1,190,0,5923.86,6859.0,9.699999999999989
5749,H,301.7,312.7,1558.0,37.4,58,0,6101.94,2169.2,11.0
5750,M,299.5,310.3,1533.0,31.6,137,0,5072.92,4329.2,10.800000000000011
5751,L,301.6,310.9,1597.0,44.9,103,0,7508.96,4624.7,9.299999999999955
5752,M,298.0,308.3,1314.0,26.4,35,0,3632.69,924.0,10.300000000000011
5753,L,299.7,310.4,1551.0,40.7,212,0,6610.51,8628.400000000001,10.699999999999989
5754,M,299.9,309.2,1794.0,33.6,71,0,6312.34,2385.6,9.300000000000011
5755,H,302.5,314.1,1508.0,57.4,46,0,9064.46,2640.4,11.600000000000023
5756,L,300.4,309.6,1626.0,45.1,233,0,7679.37,10508.300000000001,9.200000000000045
5757,M,303.5,313.6,1609.0,39.9,185,0,6722.91,7381.5,10.100000000000023
5758,L,297.3,306.1,1692.0,28.9,235,0,5120.67,6791.5,8.800000000000011
5759,L,300.3,310.4,1589.0,26.3,46,0,4376.31,1209.8,10.099999999999966
5760,L,300.4,309.3,1689.0,44.8,96,0,7923.85,4300.799999999999,8.900000000000034
5761,M,301.2,310.9,1628.0,57.8,231,1,9853.96,13351.8,9.699999999999989
5762,H,298.4,306.8,1655.0,44.0,21,0,7625.69,924.0,8.400000000000034
5763,H,303.4,314.2,1617.0,41.6,157,0,7044.2,6531.2,10.800000000000011
5764,L,300.0,310.4,1357.0,41.8,150,0,5939.98,6270.0,10.399999999999977
5765,M,297.8,308.9,1328.0,40.9,115,0,5687.87,4703.5,11.099999999999966
5766,M,300.0,309.6,1474.0,41.9,206,0,6467.55,8631.4,9.600000000000023
5767,L,299.4,310.5,1815.0,33.1,46,0,6291.2,1522.6000000000001,11.100000000000023
5768,L,305.5999999999999,315.6,1507.0,30.2,123,0,4765.94,3714.6,10.000000000000114
5769,L,302.1,312.2,1593.0,41.0,234,0,6839.56,9594.0,10.099999999999966
5770,H,300.1,312.2,1185.0,54.8,181,0,6800.29,9918.8,12.099999999999966
5771,M,299.8,309.3,1572.0,47.6,217,0,7835.89,10329.2,9.5
5772,M,301.9,313.1,1553.0,27.6,143,0,4488.58,3946.8,11.200000000000045
5773,L,302.0,312.5,1059.0,37.4,9,0,4147.59,336.59999999999997,10.5
5774,M,294.4000000000001,303.85,1590.0,47.2,163,0,7859.01,7693.6,9.449999999999932
5775,L,301.3,310.0,1242.0,55.0,27,0,7153.41,1485.0,8.699999999999989
5776,L,300.1,309.0,1408.0,57.7,169,0,8507.6,9751.300000000001,8.899999999999977
5777,M,297.4,308.5,1716.0,37.8,217,0,6792.63,8202.599999999999,11.100000000000023
5778,L,301.8,313.5,1566.0,48.1,94,0,7887.97,4521.400000000001,11.699999999999989
5779,M,304.5,314.6,1457.0,42.4,209,0,6469.25,8861.6,10.100000000000023
5780,L,301.1,311.3,1442.0,38.7,144,0,5843.93,5572.8,10.199999999999989
5781,M,302.2,313.0,1463.0,40.5,47,0,6204.8,1903.5,10.800000000000011
5782,L,303.6,313.7,1566.0,40.6,51,0,6658.04,2070.6,10.099999999999966
5783,L,298.3,309.4,1323.0,51.6,95,0,7148.88,4902.0,11.099999999999966
5784,L,296.3,306.6,1739.0,25.9,187,0,4716.59,4843.3,10.300000000000011
5785,L,301.3,311.4,1332.0,44.6,166,0,6221.11,7403.6,10.099999999999966
5786,H,299.5,308.8,1228.0,55.2,247,1,7098.49,13634.400000000001,9.300000000000011
5787,L,297.3,306.3,1715.0,54.2,50,0,9734.02,2710.0,9.0
5788,M,299.8,306.7,1459.0,45.6,50,0,6967.05,2280.0,6.899999999999977
5789,H,301.5,312.7,1550.0,32.4,132,0,5259.03,4276.8,11.199999999999989
5790,L,299.7,309.6,1655.0,47.6,105,0,8249.61,4998.0,9.900000000000034
5791,L,298.4,308.0,1409.0,53.1,249,1,7834.91,13221.9,9.600000000000023
5792,M,299.6,307.6,1562.0,34.8,118,0,5692.31,4106.4,8.0
5793,H,300.0,309.3,1654.0,43.5,220,0,7534.48,9570.0,9.300000000000011
5794,H,296.1,305.4,1832.0,37.9,63,0,7270.99,2387.7,9.299999999999955
5795,L,299.7,308.9,1446.0,33.8,163,0,5118.16,5509.4,9.199999999999989
5796,M,297.3,307.6,1455.0,36.8,166,0,5607.11,6108.799999999999,10.300000000000011
5797,L,301.3,311.4,1638.0,41.2,113,0,7067.08,4655.6,10.099999999999966
5798,H,296.9,305.5,1575.0,30.8,10,0,5079.96,308.0,8.600000000000023
5799,H,302.0,310.7,1513.0,29.1,224,0,4610.63,6518.400000000001,8.699999999999989
5800,L,299.2,307.9,1823.0,31.0,53,0,5918.03,1643.0,8.699999999999989
5801,L,298.9,310.7,1236.0,43.2,3,0,5591.53,129.60000000000002,11.800000000000011
5802,L,300.6,312.1,1283.0,25.3,47,0,3399.19,1189.1000000000001,11.5
5803,L,298.3,307.4,1238.0,17.8,54,0,2307.65,961.2,9.099999999999966
5804,M,300.6,308.6,1753.0,53.6,32,0,9839.55,1715.2,8.0
5805,L,298.5,308.7,1630.0,29.8,128,0,5086.66,3814.4,10.199999999999989
5806,L,298.9,308.9,1292.0,38.0,212,0,5141.32,8056.0,10.0
5807,L,300.8,311.1,1515.0,49.1,208,0,7789.74,10212.800000000001,10.300000000000011
5808,H,297.7,308.5,1533.0,25.6,161,0,4109.71,4121.6,10.800000000000011
5809,M,297.5,307.9,1142.0,25.6,28,0,3061.5,716.8000000000001,10.399999999999977
5810,L,300.5,309.4,1571.0,33.6,194,0,5527.7,6518.400000000001,8.899999999999977
5811,L,299.9,310.2,1327.0,49.5,112,0,6878.67,5544.0,10.300000000000011
5812,H,300.3,311.2,1664.0,39.7,151,0,6917.87,5994.700000000001,10.899999999999977
5813,M,300.7,309.9,1332.0,39.8,225,0,5551.57,8955.0,9.199999999999989
5814,L,300.1,310.4,1577.0,37.0,65,0,6110.29,2405.0,10.299999999999955
5815,L,301.2,310.7,1769.0,45.5,94,0,8428.84,4277.0,9.5
5816,L,300.2,312.2,1712.0,54.2,231,1,9716.99,12520.2,12.0
5817,L,296.0,304.7,1628.0,66.55000000000001,126,0,11345.69,8385.300000000001,8.699999999999989
5818,L,296.5,307.7,1523.0,38.4,70,0,6124.35,2688.0,11.199999999999989
5819,H,303.9,312.2,1269.0,55.1,242,1,7322.2,13334.2,8.300000000000011
5820,L,300.0,311.8,1459.0,49.9,92,0,7624.03,4590.8,11.800000000000011
5821,M,301.9,310.8,1497.0,42.6,60,0,6678.21,2556.0,8.900000000000034
5822,L,299.3,309.5,1484.0,17.9,244,0,2781.73,4367.599999999999,10.199999999999989
5823,M,299.9,308.3,1263.0,36.1,242,1,4774.62,8736.2,8.400000000000034
5824,M,299.1,307.7,1615.0,36.5,202,0,6172.97,7373.0,8.599999999999966
5825,L,304.9,315.8,1326.0,43.5,170,0,6040.34,7395.0,10.900000000000034
5826,L,300.5,311.5,1814.0,37.9,116,0,7199.55,4396.4,11.0
5827,M,298.9,309.2,1564.0,34.3,88,0,5617.71,3018.3999999999996,10.300000000000011
5828,L,296.7,307.4,1713.0,60.1,210,1,10781.03,12621.0,10.699999999999989
5829,L,303.9,315.0,1709.0,52.9,74,0,9467.3,3914.6,11.100000000000023
5830,L,299.7,309.0,1909.0,19.8,44,0,3958.22,871.2,9.300000000000011
5831,H,301.5,310.1,1570.0,37.1,34,0,6099.61,1261.4,8.600000000000023
5832,L,301.7,311.7,1468.0,46.2,32,0,7102.26,1478.4,10.0
5833,M,299.1,308.5,1471.0,53.2,68,0,8195.07,3617.6000000000004,9.399999999999977
5834,L,301.3,311.7,1805.0,35.7,226,0,6747.98,8068.200000000001,10.399999999999977
5835,M,298.8,309.3,1301.0,37.8,194,0,5149.89,7333.2,10.5
5836,L,298.0,307.3,1380.0,40.8,222,0,5896.14,9057.599999999999,9.300000000000011
5837,M,302.3,313.0,1580.0,46.5,139,0,7693.76,6463.5,10.699999999999989
5838,L,299.7,310.3,1510.0,24.6,67,0,3889.92,1648.2,10.600000000000023
5839,M,301.0,311.8,1711.0,19.8,159,0,3547.67,3148.2000000000003,10.800000000000011
5840,M,300.8,310.4,1298.0,52.4,113,0,7122.54,5921.2,9.599999999999966
5841,L,301.3,312.1,1526.0,30.0,241,0,4794.07,7230.0,10.800000000000011
5842,L,296.9,307.4,1504.0,61.0,23,0,9607.41,1403.0,10.5
5843,L,298.8,309.5,1346.0,31.3,50,0,4411.82,1565.0,10.699999999999989
5844,L,299.4,311.0,1695.0,38.1,227,0,6762.75,8648.7,11.600000000000023
5845,M,298.3,308.7,1521.0,43.6,193,0,6944.55,8414.800000000001,10.399999999999977
5846,L,300.9,310.3,1514.0,18.7,196,0,2964.8,3665.2,9.400000000000034
5847,L,302.4,311.3,1390.0,66.55000000000001,11,0,9687.05,732.0500000000002,8.900000000000034
5848,M,302.7,313.8,1471.0,36.0,152,0,5545.54,5472.0,11.100000000000023
5849,L,299.3,309.7,1355.0,31.5,104,0,4469.7,3276.0,10.399999999999977
5850,L,300.6,312.3,1692.0,28.3,151,0,5014.36,4273.3,11.699999999999989
5851,L,300.9,308.9,1722.0,43.5,120,0,7844.24,5220.0,8.0
5852,H,301.2,312.2,1838.0,42.8,216,0,8237.93,9244.8,11.0
5853,M,298.2,308.0,1615.0,28.6,127,0,4836.9,3632.2000000000003,9.800000000000011
5854,M,303.6,313.3,1477.0,26.2,171,0,4052.38,4480.2,9.699999999999989
5855,L,301.9,311.1,1454.0,50.4,44,0,7674.03,2217.6,9.200000000000045
5856,M,301.9,312.8,1625.0,33.4,184,0,5683.66,6145.599999999999,10.900000000000034
5857,L,302.4,313.0,1573.0,22.8,44,0,3755.71,1003.2,10.600000000000023
5858,L,301.1,309.9,1506.0,38.4,121,0,6055.99,4646.4,8.799999999999955
5859,L,297.9,308.1,1491.0,35.9,17,0,5605.32,610.3,10.200000000000045
5860,L,299.7,310.4,1747.0,59.3,50,0,10848.66,2965.0,10.699999999999989
5861,L,296.7,306.9,1460.0,34.7,147,0,5305.31,5100.900000000001,10.199999999999989
5862,L,300.8,311.9,1779.0,36.8,96,0,6855.71,3532.7999999999997,11.099999999999966
5863,L,299.7,309.4,1570.0,42.1,92,0,6921.66,3873.2000000000003,9.699999999999989
5864,L,299.9,307.7,1472.0,34.2,28,0,5271.84,957.6000000000001,7.800000000000011
5865,M,302.4,312.6,1397.0,44.3,85,0,6480.8,3765.4999999999995,10.200000000000045
5866,L,299.1,309.3,1510.0,29.8,75,0,4712.18,2235.0,10.199999999999989
5867,M,299.5,309.8,1628.0,37.5,190,0,6393.14,7125.0,10.300000000000011
5868,L,300.0,311.2,1470.0,44.0,161,0,6773.27,7084.0,11.199999999999989
5869,M,296.3,304.4,1690.0,51.2,67,0,9061.19,3430.4,8.099999999999966
5870,L,299.5,309.2,1461.0,34.1,4,0,5217.15,136.4,9.699999999999989
5871,L,295.0,304.1,1515.0,33.9,115,0,5378.25,3898.5,9.100000000000023
5872,L,298.8,307.6,1307.0,55.3,245,1,7568.84,13548.5,8.800000000000011
5873,M,301.7,311.6,1638.0,34.4,121,0,5900.66,4162.4,9.900000000000034
5874,M,300.9,311.6,1490.0,39.3,73,0,6132.07,2868.8999999999996,10.700000000000045
5875,L,298.8,309.1,1820.0,57.0,149,0,10863.63,8493.0,10.300000000000011
5876,L,300.1,309.4,1664.0,40.6,120,0,7074.7,4872.0,9.299999999999955
5877,M,297.9,307.7,1553.0,37.4,152,0,6082.35,5684.8,9.800000000000011
5878,M,300.0,310.9,1757.0,38.2,189,0,7028.52,7219.8,10.899999999999977
5879,L,305.5999999999999,316.25000000000006,1610.0,32.5,128,0,5479.46,4160.0,10.650000000000148
5880,L,303.7,313.1,1718.0,44.4,201,0,7987.94,8924.4,9.400000000000034
5881,L,300.1,309.5,1383.0,30.7,78,0,4446.2,2394.6,9.399999999999977
5882,M,300.3,308.6,1620.0,47.7,167,0,8092.11,7965.900000000001,8.300000000000011
5883,L,298.0,307.6,1627.0,40.1,30,0,6832.2,1203.0,9.600000000000023
5884,H,298.4,306.7,1261.0,42.2,116,1,5572.58,4895.200000000001,8.300000000000011
5885,L,300.7,312.8,1807.0,57.1,208,1,10804.95,11876.800000000001,12.100000000000023
5886,L,299.0,308.1,1330.0,25.5,203,0,3551.57,5176.5,9.100000000000023
5887,L,301.8,312.9,1305.0,40.1,4,0,5480.04,160.4,11.099999999999966
5888,H,303.1,315.0,1046.5,46.3,229,0,5073.98,10602.699999999999,11.899999999999977
5889,M,300.7,310.9,1622.0,33.8,175,0,5741.11,5914.999999999999,10.199999999999989
5890,L,300.2,310.1,1243.0,49.4,230,1,6430.23,11362.0,9.900000000000034
5891,M,296.6,305.3,1445.0,34.5,114,0,5220.54,3933.0,8.699999999999989
5892,L,301.5,311.0,1687.0,42.8,72,0,7561.14,3081.6,9.5
5893,L,297.7,309.3,1572.0,38.7,50,0,6370.77,1935.0000000000002,11.600000000000023
5894,L,299.2,309.5,1426.0,41.5,80,0,6197.21,3320.0,10.300000000000011
5895,L,301.9,311.9,1253.0,40.6,156,0,5327.28,6333.6,10.0
5896,L,302.1,313.4,1518.0,39.6,178,0,6295.0,7048.8,11.299999999999955
5897,H,299.1,309.8,1691.0,35.2,54,0,6233.25,1900.8000000000002,10.699999999999989
5898,L,299.2,309.0,1663.0,33.3,169,0,5799.16,5627.7,9.800000000000011
5899,H,298.6,308.8,1857.0,43.0,80,0,8361.98,3440.0,10.199999999999989
5900,L,297.6,306.8,1421.0,40.4,109,0,6011.79,4403.599999999999,9.199999999999989
5901,M,298.7,308.2,1302.0,33.0,77,0,4499.39,2541.0,9.5
5902,L,296.8,306.6,1593.0,43.3,147,0,7223.24,6365.099999999999,9.800000000000011
5903,L,301.4,311.9,1575.0,35.3,246,0,5822.16,8683.8,10.5
5904,L,300.8,309.5,1537.0,55.4,110,0,8916.87,6094.0,8.699999999999989
5905,L,301.1,311.2,1404.0,64.7,90,0,9512.62,5823.0,10.099999999999966
5906,M,298.1,307.7,1063.0,53.7,187,0,5977.73,10041.9,9.599999999999966
5907,L,297.6,306.7,1357.0,53.2,114,0,7559.97,6064.8,9.099999999999966
5908,M,300.1,309.7,1637.0,48.0,38,0,8228.46,1824.0,9.599999999999966
5909,L,300.1,307.8,1588.0,37.8,239,0,6285.95,9034.199999999999,7.699999999999989
5910,L,299.7,308.9,1710.0,21.0,188,0,3760.49,3948.0,9.199999999999989
5911,L,299.4,308.3,1599.0,29.7,191,0,4973.17,5672.7,8.900000000000034
5912,H,303.4,313.1,1669.0,33.2,211,0,5802.61,7005.200000000001,9.700000000000045
5913,M,300.9,308.6,1674.0,51.9,150,0,9098.12,7785.0,7.7000000000000455
5914,L,303.9,314.1,1541.0,42.5,8,0,6858.36,340.0,10.200000000000045
5915,L,302.5,313.4,1542.0,33.3,121,0,5377.21,4029.2999999999997,10.899999999999977
5916,L,303.4,313.3,1046.5,21.5,180,0,2356.17,3870.0,9.900000000000034
5917,H,297.9,308.3,1420.0,63.0,178,0,9368.23,11214.0,10.400000000000034
5918,M,301.2,310.7,1428.0,45.2,240,0,6759.2,10848.0,9.5
5919,L,299.1,307.6,1518.0,48.9,82,0,7773.37,4009.7999999999997,8.5
5920,L,296.7,306.7,1371.0,34.6,159,0,4967.55,5501.400000000001,10.0
5921,L,303.0,313.7,1705.0,38.5,51,0,6874.07,1963.5,10.699999999999989
5922,H,299.4,308.1,1380.0,36.5,139,0,5274.73,5073.5,8.700000000000045
5923,L,297.9,307.4,1735.0,40.5,65,0,7358.4,2632.5,9.5
5924,M,299.2,308.9,1365.0,58.3,99,0,8333.55,5771.7,9.699999999999989
5925,L,298.4,311.3,1429.0,27.9,20,0,4175.08,558.0,12.900000000000034
5926,M,298.6,308.8,1416.0,39.5,167,0,5857.19,6596.5,10.199999999999989
5927,M,299.6,307.7,1449.0,43.5,234,0,6600.64,10179.0,8.099999999999966
5928,M,303.5,311.3,1748.0,38.7,10,0,7084.04,387.0,7.800000000000011
5929,M,298.7,309.4,1479.0,49.8,60,0,7713.05,2988.0,10.699999999999989
5930,M,303.3,315.8,1484.0,22.6,27,0,3512.13,610.2,12.5
5931,L,301.7,311.4,1405.0,58.7,203,1,8636.6,11916.1,9.699999999999989
5932,L,300.8,310.5,1491.0,26.2,4,0,4090.79,104.8,9.699999999999989
5933,L,301.5,311.9,1576.0,28.6,113,0,4720.1,3231.8,10.399999999999977
5934,H,300.0,309.2,1499.0,35.4,190,0,5556.91,6726.0,9.199999999999989
5935,L,302.6,310.0,1511.0,33.5,14,0,5300.76,469.0,7.399999999999977
5936,M,301.1,312.2,1719.0,44.1,159,0,7938.58,7011.900000000001,11.099999999999966
5937,M,296.7,306.1,1586.0,43.0,80,0,7141.68,3440.0,9.400000000000034
5938,L,300.6,311.6,1331.0,41.0,40,0,5714.66,1640.0,11.0
5939,L,301.6,310.8,1522.0,25.8,163,0,4112.09,4205.400000000001,9.199999999999989
5940,L,299.4,309.5,1441.0,38.5,77,0,5809.69,2964.5,10.100000000000023
5941,L,300.3,311.1,1631.0,40.1,104,0,6849.0,4170.400000000001,10.800000000000011
5942,L,298.8,309.8,1556.0,52.2,136,0,8505.67,7099.200000000001,11.0
5943,L,297.2,307.5,1740.0,41.9,80,0,7634.7,3352.0,10.300000000000011
5944,M,296.9,307.1,1405.0,43.7,171,0,6429.64,7472.700000000001,10.200000000000045
5945,H,296.9,307.5,1503.0,59.4,134,0,9349.19,7959.599999999999,10.600000000000023
5946,L,301.3,311.8,1347.0,28.3,95,0,3991.93,2688.5,10.5
5947,L,295.0,303.85,1530.0,36.0,43,0,5767.96,1548.0,8.850000000000023
5948,L,298.7,307.4,1262.0,28.6,171,0,3779.67,4890.6,8.699999999999989
5949,M,298.5,306.4,1595.0,55.9,5,0,9336.87,279.5,7.899999999999977
5950,M,299.4,310.2,1528.0,56.6,143,0,9056.67,8093.8,10.800000000000011
5951,L,296.3,305.9,1565.0,55.1,193,0,9030.14,10634.300000000001,9.599999999999966
5952,L,300.8,311.6,1679.0,45.4,201,0,7982.43,9125.4,10.800000000000011
5953,M,297.5,307.9,1578.0,43.7,3,0,7221.33,131.10000000000002,10.399999999999977
5954,M,302.3,311.3,1309.0,35.3,63,0,4838.86,2223.8999999999996,9.0
5955,L,298.8,308.6,1438.0,47.6,4,0,7167.94,190.4,9.800000000000011
5956,M,299.8,309.4,1523.0,27.1,164,0,4322.13,4444.400000000001,9.599999999999966
5957,L,300.0,309.4,1479.0,27.1,102,0,4197.26,2764.2000000000003,9.399999999999977
5958,L,300.5,311.4,1501.0,35.7,153,0,5611.48,5462.1,10.899999999999977
5959,M,300.1,312.6,1828.0,58.7,157,0,11236.81,9215.9,12.5
5960,M,299.1,310.3,1555.0,34.8,129,0,5666.8,4489.2,11.199999999999989
5961,L,300.7,310.7,1606.0,36.1,114,0,6071.3,4115.400000000001,10.0
5962,H,300.9,312.2,1178.0,42.8,145,0,5279.8,6206.0,11.300000000000011
5963,L,298.5,310.2,1671.0,48.9,6,0,8556.85,293.4,11.699999999999989
5964,M,300.9,309.5,2026.5,52.4,109,0,11120.04,5711.599999999999,8.600000000000023
5965,L,302.4,313.6,1778.0,28.7,110,0,5343.7,3157.0,11.200000000000045
5966,M,301.4,312.2,1459.0,38.9,86,0,5943.38,3345.4,10.800000000000011
5967,H,301.9,313.1,1946.0,42.1,248,0,8579.33,10440.800000000001,11.200000000000045
5968,L,300.3,311.2,1542.0,43.1,147,0,6959.7,6335.7,10.899999999999977
5969,H,298.1,307.9,1592.0,48.5,14,0,8085.62,679.0,9.799999999999955
5970,M,298.4,310.4,1490.0,48.1,179,0,7505.16,8609.9,12.0
5971,M,300.6,311.0,1485.0,40.2,117,0,6251.46,4703.400000000001,10.399999999999977
5972,L,301.9,311.5,1135.0,51.4,155,0,6109.25,7967.0,9.600000000000023
5973,M,305.5999999999999,316.1,1678.0,49.5,237,0,8698.13,11731.5,10.500000000000114
5974,M,302.0,312.9,1484.0,48.7,191,0,7568.18,9301.7,10.899999999999977
5975,L,297.7,307.8,1504.0,34.6,66,0,5449.45,2283.6,10.100000000000023
5976,H,298.5,308.9,1586.0,47.0,130,0,7806.02,6110.0,10.399999999999977
5977,L,304.6,314.6,1463.0,51.9,184,0,7951.34,9549.6,10.0
5978,L,299.6,308.9,1585.0,34.8,54,0,5776.13,1879.1999999999998,9.299999999999955
5979,L,300.1,309.3,1753.0,41.2,139,0,7563.24,5726.8,9.199999999999989
5980,L,298.1,306.7,1610.0,55.5,191,0,9357.23,10600.5,8.599999999999966
5981,M,303.1,314.6,1510.0,43.8,56,0,6925.96,2452.7999999999997,11.5
5982,L,301.0,310.8,1515.0,39.0,225,0,6187.37,8775.0,9.800000000000011
5983,H,298.5,305.0,1573.0,54.5,35,0,8977.47,1907.5,6.5
5984,L,298.0,308.4,1389.0,35.2,135,0,5120.04,4752.0,10.399999999999977
5985,L,300.6,311.0,1575.0,23.0,8,0,3793.47,184.0,10.399999999999977
5986,L,300.1,308.2,1660.0,32.1,162,0,5580.1,5200.2,8.099999999999966
5987,L,301.7,310.8,1553.0,51.2,125,0,8326.64,6400.0,9.100000000000023
5988,H,301.1,310.2,1462.0,45.1,87,0,6904.82,3923.7000000000003,9.099999999999966
5989,M,299.5,308.7,1486.0,40.6,215,0,6317.91,8729.0,9.199999999999989
5990,M,298.9,310.1,1654.0,50.5,162,0,8746.93,8181.0,11.200000000000045
5991,L,299.7,309.5,1341.0,41.6,138,0,5841.85,5740.8,9.800000000000011
5992,L,298.9,308.5,1391.0,37.7,119,0,5491.58,4486.3,9.600000000000023
5993,L,299.7,310.9,1250.0,48.2,133,0,6309.37,6410.6,11.199999999999989
5994,L,300.0,310.5,1544.0,36.1,152,0,5836.91,5487.2,10.5
5995,L,298.2,306.5,1692.0,44.8,0,0,7937.92,0.0,8.300000000000011
5996,M,301.3,310.6,1776.0,32.0,8,0,5951.43,256.0,9.300000000000011
5997,L,299.3,309.6,1815.0,29.4,124,0,5587.95,3645.6,10.300000000000011
5998,M,298.3,307.4,1414.0,31.3,119,0,4634.71,3724.7000000000003,9.099999999999966
5999,L,299.3,311.3,1582.0,39.6,203,0,6560.4,8038.8,12.0
6000,L,300.5,310.6,1465.0,33.4,76,0,5124.04,2538.4,10.100000000000023
6001,M,300.2,309.4,1832.0,33.7,28,0,6465.23,943.6000000000001,9.199999999999989
6002,L,300.8,309.7,1771.0,38.4,45,0,7121.61,1728.0,8.899999999999977
6003,M,301.8,312.7,1568.0,39.2,31,0,6436.66,1215.2,10.899999999999977
6004,M,302.6,312.0,1427.0,24.5,158,0,3661.16,3871.0,9.399999999999977
6005,L,300.6,311.0,1046.5,14.8,217,0,1621.92,3211.6000000000004,10.399999999999977
6006,H,297.9,306.7,1281.0,43.9,103,0,5889.01,4521.7,8.800000000000011
6007,L,299.5,309.5,1206.0,41.3,215,0,5215.86,8879.5,10.0
6008,L,298.0,307.4,1279.0,26.3,206,0,3522.53,5417.8,9.399999999999977
6009,M,303.4,313.1,1874.0,44.2,105,0,8674.02,4641.0,9.700000000000045
6010,L,304.0,313.2,1306.0,44.2,118,0,6044.97,5215.6,9.199999999999989
6011,M,301.3,312.3,1348.0,36.9,242,0,5208.89,8929.8,11.0
6012,M,301.7,311.2,1373.0,59.4,5,0,8540.55,297.0,9.5
6013,H,300.5,310.4,2003.0,52.5,156,0,11012.07,8190.0,9.899999999999977
6014,L,300.7,310.6,1526.0,35.9,158,0,5736.9,5672.2,9.900000000000034
6015,L,296.8,308.4,1715.0,36.1,143,0,6483.36,5162.3,11.599999999999966
6016,M,299.9,310.7,1569.0,25.4,201,0,4173.35,5105.4,10.800000000000011
6017,L,298.2,309.0,1182.0,52.1,119,0,6448.87,6199.900000000001,10.800000000000011
6018,L,300.6,309.0,1812.0,42.4,236,0,8045.49,10006.4,8.399999999999977
6019,L,299.9,309.2,1609.0,48.1,103,0,8104.57,4954.3,9.300000000000011
6020,L,303.9,315.1,1516.0,18.6,131,0,2952.85,2436.6000000000004,11.200000000000045
6021,L,301.8,310.7,1853.0,47.6,92,0,9236.58,4379.2,8.899999999999977
6022,M,300.6,310.7,1475.0,34.8,127,0,5375.27,4419.599999999999,10.099999999999966
6023,M,299.5,308.4,1512.0,45.7,135,0,7235.97,6169.5,8.899999999999977
6024,L,303.4,312.4,1476.0,45.1,103,0,6970.94,4645.3,9.0
6025,L,299.9,311.6,1730.0,39.7,202,0,7192.26,8019.400000000001,11.700000000000045
6026,L,300.7,311.4,1683.0,33.0,64,0,5816.03,2112.0,10.699999999999989
6027,M,300.1,311.1,1587.0,43.9,106,0,7295.75,4653.4,11.0
6028,L,299.2,310.0,1349.0,31.6,36,0,4464.04,1137.6000000000001,10.800000000000011
6029,M,300.1,309.9,1471.0,50.4,86,0,7763.76,4334.4,9.799999999999955
6030,L,296.1,305.4,1349.0,32.7,157,0,4619.43,5133.900000000001,9.299999999999955
6031,M,296.9,306.5,1745.0,40.1,206,0,7327.71,8260.6,9.600000000000023
6032,L,300.7,310.5,1256.0,32.5,220,0,4274.66,7150.0,9.800000000000011
6033,M,303.1,314.9,1823.0,41.5,151,0,7922.52,6266.5,11.799999999999955
6034,L,300.7,309.4,1768.0,29.6,200,0,5480.28,5920.0,8.699999999999989
6035,M,298.6,308.0,1373.0,31.8,170,0,4572.21,5406.0,9.399999999999977
6036,L,297.1,306.2,1463.0,62.8,138,0,9621.27,8666.4,9.099999999999966
6037,M,301.6,312.6,1410.0,48.3,78,0,7131.73,3767.3999999999996,11.0
6038,M,298.9,310.7,1615.0,43.6,188,0,7373.74,8196.800000000001,11.800000000000011
6039,L,301.3,311.6,1790.0,45.0,107,0,8435.18,4815.0,10.300000000000011
6040,M,300.8,311.2,1750.0,42.9,109,0,7861.84,4676.099999999999,10.399999999999977
6041,L,301.0,311.0,1460.0,39.0,37,0,5962.74,1443.0,10.0
6042,L,300.1,310.5,1762.0,47.4,175,0,8746.07,8295.0,10.399999999999977
6043,L,300.8,311.5,1747.0,31.7,153,0,5799.37,4850.099999999999,10.699999999999989
6044,L,299.8,310.2,1504.0,55.8,127,0,8788.42,7086.599999999999,10.399999999999977
6045,M,298.7,309.2,1536.0,41.1,108,0,6610.92,4438.8,10.5
6046,M,298.1,308.8,1813.0,47.9,228,0,9094.15,10921.199999999999,10.699999999999989
6047,L,295.2,303.85,1727.0,55.6,23,0,10055.32,1278.8,8.650000000000034
6048,L,299.6,309.6,1757.0,44.8,213,0,8242.87,9542.4,10.0
6049,M,303.0,313.3,2000.0,31.8,81,0,6660.18,2575.8,10.300000000000011
6050,H,301.5,311.9,1635.0,52.0,72,0,8903.27,3744.0,10.399999999999977
6051,L,300.5,310.3,1596.0,56.8,220,1,9493.14,12496.0,9.800000000000011
6052,H,298.5,308.7,1781.0,20.5,95,0,3823.37,1947.5,10.199999999999989
6053,L,302.0,311.3,1893.0,38.9,139,1,7711.32,5407.099999999999,9.300000000000011
6054,L,299.8,308.0,1428.0,42.8,104,0,6400.3,4451.2,8.199999999999989
6055,M,303.1,314.1,1501.0,37.3,144,0,5862.98,5371.2,11.0
6056,L,298.0,306.9,1355.0,27.5,216,0,3902.12,5940.0,8.899999999999977
6057,L,298.5,308.3,1599.0,31.1,180,0,5207.6,5598.0,9.800000000000011
6058,L,298.3,307.6,1697.0,21.5,13,0,3820.75,279.5,9.300000000000011
6059,M,297.0,308.6,1368.0,49.4,152,0,7076.88,7508.8,11.600000000000023
6060,M,298.1,308.0,1740.0,53.6,218,0,9766.58,11684.800000000001,9.899999999999977
6061,L,300.2,309.9,1456.0,53.4,12,0,8142.0,640.8,9.699999999999989
6062,L,298.6,309.3,1442.0,39.6,36,0,5979.83,1425.6000000000001,10.699999999999989
6063,L,294.4000000000001,304.4,1740.0,42.6,9,0,7762.25,383.40000000000003,9.999999999999886
6064,L,302.1,312.6,1426.0,50.6,117,0,7556.12,5920.2,10.5
6065,L,296.6,306.3,1286.0,37.6,72,0,5063.58,2707.2000000000003,9.699999999999989
6066,M,301.2,311.9,1671.0,30.4,204,0,5319.6,6201.599999999999,10.699999999999989
6067,L,300.1,308.5,1514.0,34.2,134,0,5422.26,4582.8,8.399999999999977
6068,L,304.2,314.3,1752.0,41.6,141,0,7632.31,5865.6,10.100000000000023
6069,L,302.0,314.0,1687.0,32.8,123,0,5794.52,4034.3999999999996,12.0
6070,L,299.0,309.1,1225.0,44.6,99,0,5721.36,4415.400000000001,10.100000000000023
6071,H,298.6,308.7,1773.0,26.4,117,0,4901.64,3088.7999999999997,10.099999999999966
6072,L,303.0,313.0,1878.0,37.5,231,0,7374.89,8662.5,10.0
6073,L,297.0,306.7,1723.0,43.9,4,0,7920.97,175.6,9.699999999999989
6074,L,300.4,310.7,1730.0,41.2,12,0,7464.01,494.40000000000003,10.300000000000011
6075,L,299.7,310.5,1493.0,32.6,19,0,5096.9,619.4,10.800000000000011
6076,L,299.3,309.0,1452.0,47.2,246,1,7176.91,11611.2,9.699999999999989
6077,L,300.7,308.2,1576.0,42.5,27,0,7014.13,1147.5,7.5
6078,L,300.4,310.8,1702.0,19.1,114,0,3404.25,2177.4,10.400000000000034
6079,L,300.9,313.0,1698.0,44.4,179,0,7894.95,7947.599999999999,12.100000000000023
6080,L,300.3,309.9,1459.0,35.7,206,0,5454.46,7354.200000000001,9.599999999999966
6081,L,300.8,309.4,1441.0,34.7,166,0,5236.27,5760.200000000001,8.599999999999966
6082,H,300.2,310.9,1271.0,31.6,122,0,4205.92,3855.2000000000003,10.699999999999989
6083,L,298.7,310.4,1653.0,29.9,20,0,5175.74,598.0,11.699999999999989
6084,L,300.0,310.5,1468.0,42.0,191,0,6456.6,8022.0,10.5
6085,L,298.6,310.3,1484.0,45.3,16,0,7039.81,724.8,11.699999999999989
6086,L,298.4,309.2,1847.0,41.4,197,0,8007.48,8155.799999999999,10.800000000000011
6087,M,299.3,310.0,1645.0,49.4,237,0,8509.84,11707.8,10.699999999999989
6088,L,299.8,309.2,1595.0,45.7,109,0,7633.18,4981.3,9.399999999999977
6089,M,300.1,310.4,1686.0,19.9,24,0,3513.49,477.59999999999997,10.299999999999955
6090,L,301.8,311.8,1792.0,30.8,73,0,5779.86,2248.4,10.0
6091,L,299.0,308.9,1248.0,51.7,205,0,6756.69,10598.5,9.899999999999977
6092,M,300.4,310.1,1436.0,27.3,18,0,4105.31,491.40000000000003,9.700000000000045
6093,L,300.2,310.5,1496.0,13.34999999999999,115,0,2091.42,1535.2499999999989,10.300000000000011
6094,L,298.8,307.5,1362.0,58.1,10,0,8286.7,581.0,8.699999999999989
6095,L,300.1,311.0,1490.0,42.9,31,0,6693.79,1329.8999999999999,10.899999999999977
6096,M,302.0,311.1,1260.0,33.1,9,0,4367.44,297.90000000000003,9.100000000000023
6097,L,300.4,310.1,1703.0,31.4,238,1,5599.81,7473.2,9.700000000000045
6098,M,300.5,310.8,1445.0,46.2,225,1,6990.99,10395.0,10.300000000000011
6099,L,298.6,307.7,1573.0,44.7,114,0,7363.17,5095.8,9.099999999999966
6100,M,303.9,312.0,1547.0,43.2,43,0,6998.46,1857.6000000000001,8.100000000000023
6101,L,298.7,308.3,1637.0,38.0,244,0,6514.2,9272.0,9.600000000000023
6102,M,296.7,305.2,1097.0,27.1,92,1,3113.18,2493.2000000000003,8.5
6103,L,301.7,312.4,1618.0,39.5,92,0,6692.74,3634.0,10.699999999999989
6104,H,299.8,308.6,1488.0,50.5,213,0,7869.06,10756.5,8.800000000000011
6105,L,299.4,310.9,1610.0,34.5,113,0,5816.66,3898.5,11.5
6106,L,298.9,308.9,1326.0,45.9,77,0,6373.6,3534.2999999999997,10.0
6107,L,303.7,313.8,1612.0,35.9,186,0,6060.22,6677.4,10.100000000000023
6108,L,300.7,308.7,1770.0,47.9,1,0,8878.45,47.9,8.0
6109,L,301.1,311.2,1571.0,30.1,11,0,4951.89,331.1,10.099999999999966
6110,H,300.3,310.2,1409.0,40.0,85,0,5902.01,3400.0,9.899999999999977
6111,H,300.5,309.2,1417.0,44.4,64,0,6588.42,2841.6,8.699999999999989
6112,L,302.8,312.9,1641.0,33.2,241,0,5705.26,8001.200000000001,10.099999999999966
6113,H,299.5,309.1,1639.0,43.5,75,0,7466.15,3262.5,9.600000000000023
6114,L,297.1,306.9,1601.0,39.6,75,0,6639.19,2970.0,9.799999999999955
6115,L,301.7,311.8,1531.0,39.5,67,0,6332.87,2646.5,10.100000000000023
6116,M,301.0,310.5,1574.0,33.1,16,0,5455.84,529.6,9.5
6117,M,300.2,310.5,1526.0,49.8,180,0,7958.16,8964.0,10.300000000000011
6118,H,300.9,310.9,1469.0,30.5,239,0,4691.92,7289.5,10.0
6119,L,299.3,309.7,1673.0,42.7,146,0,7480.88,6234.200000000001,10.399999999999977
6120,M,300.0,309.5,1593.0,31.4,121,0,5238.1,3799.3999999999996,9.5
6121,L,299.7,308.7,1769.0,39.2,128,0,7261.77,5017.6,9.0
6122,L,298.8,308.1,1737.0,46.3,51,0,8421.89,2361.2999999999997,9.300000000000011
6123,L,302.4,313.8,1587.0,37.0,16,0,6149.04,592.0,11.400000000000034
6124,H,297.2,308.1,1644.0,13.34999999999999,225,0,2298.33,3003.7499999999977,10.900000000000034
6125,M,304.7,315.9,1366.0,26.5,234,0,3790.75,6201.0,11.199999999999989
6126,M,301.8,313.0,1524.0,18.4,185,0,2936.51,3403.9999999999995,11.199999999999989
6127,L,296.4,306.0,1599.0,40.6,198,0,6798.34,8038.8,9.600000000000023
6128,L,299.6,309.8,1254.0,39.9,61,0,5239.61,2433.9,10.199999999999989
6129,L,299.7,309.7,1614.0,36.4,160,0,6152.24,5824.0,10.0
6130,L,300.8,311.4,1366.0,33.7,69,0,4820.69,2325.3,10.599999999999966
6131,L,298.0,307.7,1385.0,42.1,51,0,6106.05,2147.1,9.699999999999989
6132,M,300.1,310.2,1443.0,25.5,5,0,3853.32,127.5,10.099999999999966
6133,L,299.8,309.8,1532.0,49.4,95,0,7925.27,4693.0,10.0
6134,L,298.5,309.1,1300.0,40.6,219,0,5527.11,8891.4,10.600000000000023
6135,L,298.2,308.9,1691.0,30.5,100,0,5400.97,3050.0,10.699999999999989
6136,L,301.8,311.9,1569.0,35.7,63,0,5865.7,2249.1000000000004,10.099999999999966
6137,L,296.6,306.7,1882.0,38.6,92,0,7607.39,3551.2000000000003,10.099999999999966
6138,H,301.0,311.2,1591.0,26.1,58,0,4348.5,1513.8000000000002,10.199999999999989
6139,M,301.6,313.2,1640.0,46.6,106,0,8003.1,4939.6,11.599999999999966
6140,M,299.6,307.8,1385.0,49.5,221,0,7179.32,10939.5,8.199999999999989
6141,L,300.1,309.1,1326.0,41.1,21,0,5707.08,863.1,9.0
6142,L,302.3,313.0,1648.0,49.3,68,0,8508.1,3352.3999999999996,10.699999999999989
6143,L,298.6,308.9,1342.0,66.3,220,1,9317.4,14586.0,10.299999999999955
6144,M,298.8,309.1,1652.0,21.2,129,0,3667.54,2734.7999999999997,10.300000000000011
6145,M,299.0,309.7,1843.0,40.4,201,0,7797.14,8120.4,10.699999999999989
6146,L,302.3,312.5,1707.0,26.5,45,0,4737.05,1192.5,10.199999999999989
6147,L,302.6,312.0,1640.0,55.4,211,1,9514.42,11689.4,9.399999999999977
6148,L,297.2,307.8,1586.0,42.4,246,0,7042.03,10430.4,10.600000000000023
6149,M,302.0,312.0,1469.0,32.9,189,0,5061.12,6218.099999999999,10.0
6150,H,301.6,311.2,1517.0,37.3,51,0,5925.47,1902.3,9.599999999999966
6151,L,303.1,313.8,1436.0,53.2,244,1,8000.09,12980.800000000001,10.699999999999989
6152,L,300.8,311.4,1302.0,44.4,209,0,6053.72,9279.6,10.599999999999966
6153,L,299.9,310.1,1544.0,45.7,172,0,7389.11,7860.400000000001,10.200000000000045
6154,L,302.3,314.0,1736.0,54.7,124,0,9944.1,6782.8,11.699999999999989
6155,L,301.4,312.7,1307.0,49.4,98,0,6761.31,4841.2,11.300000000000011
6156,L,304.5,315.5,1788.0,51.1,180,0,9567.91,9198.0,11.0
6157,M,301.9,314.5,1755.0,38.6,35,0,7094.03,1351.0,12.600000000000023
6158,M,300.3,310.2,1609.0,17.5,178,0,2948.65,3115.0,9.899999999999977
6159,L,297.7,307.2,1610.0,40.9,17,0,6895.69,695.3,9.5
6160,M,298.8,309.7,1504.0,33.3,11,0,5244.7,366.29999999999995,10.899999999999977
6161,L,297.1,306.9,1545.0,47.8,56,0,7733.66,2676.7999999999997,9.799999999999955
6162,L,299.6,309.6,1455.0,22.3,113,0,3397.79,2519.9,10.0
6163,L,301.9,310.9,1543.0,48.1,173,0,7772.12,8321.300000000001,9.0
6164,L,300.0,310.6,1563.0,41.8,216,0,6841.7,9028.8,10.600000000000023
6165,L,302.0,310.6,1874.0,43.4,227,0,8517.03,9851.8,8.600000000000023
6166,L,300.7,310.6,1639.0,46.1,127,0,7912.4,5854.7,9.900000000000034
6167,L,299.2,309.2,1500.0,39.6,233,0,6220.35,9226.800000000001,10.0
6168,H,300.2,309.7,1520.0,36.6,40,0,5825.77,1464.0,9.5
6169,L,300.9,309.2,1410.0,51.2,120,0,7559.93,6144.0,8.300000000000011
6170,L,300.3,308.5,1439.0,45.8,249,1,6901.68,11404.199999999999,8.199999999999989
6171,L,300.3,309.6,1701.0,46.8,116,0,8336.4,5428.799999999999,9.300000000000011
6172,M,298.5,309.0,1449.0,39.1,246,0,5932.99,9618.6,10.5
6173,L,299.1,309.4,1427.0,41.0,19,0,6126.84,779.0,10.299999999999955
6174,M,304.5,314.5,1431.0,39.8,123,0,5964.19,4895.4,10.0
6175,L,302.5,311.6,1407.0,22.5,111,0,3315.17,2497.5,9.100000000000023
6176,L,297.1,307.4,1739.0,26.1,202,0,4753.01,5272.200000000001,10.299999999999955
6177,L,295.3,303.85,1563.0,38.7,121,0,6334.3,4682.700000000001,8.550000000000011
6178,L,300.2,307.8,1487.0,21.2,147,0,3301.23,3116.4,7.600000000000023
6179,L,301.8,311.5,1543.0,38.8,96,0,6269.4,3724.7999999999997,9.699999999999989
6180,L,299.0,308.4,1576.0,31.0,137,0,5116.19,4247.0,9.399999999999977
6181,L,302.0,313.1,1404.0,39.1,61,0,5748.74,2385.1,11.100000000000023
6182,L,300.1,310.3,1289.0,41.6,63,0,5615.32,2620.8,10.199999999999989
6183,L,299.7,311.3,1777.0,21.4,216,0,3982.26,4622.4,11.600000000000023
6184,H,301.5,311.0,1714.0,43.1,201,0,7736.0,8663.1,9.5
6185,L,298.9,309.4,1605.0,35.4,23,0,5949.86,814.1999999999999,10.5
6186,M,299.4,309.2,1702.0,16.8,40,0,2994.31,672.0,9.800000000000011
6187,M,301.3,312.7,1880.0,35.3,160,0,6949.62,5648.0,11.399999999999977
6188,L,299.9,309.7,1442.0,43.7,161,0,6598.96,7035.700000000001,9.800000000000011
6189,L,303.8,314.7,1337.0,35.9,186,0,5026.37,6677.4,10.899999999999977
6190,L,301.4,310.3,1656.0,35.3,206,0,6121.58,7271.799999999999,8.900000000000034
6191,M,301.3,310.8,1275.0,41.4,231,0,5527.63,9563.4,9.5
6192,M,299.9,309.8,1544.0,35.1,87,0,5675.22,3053.7000000000003,9.900000000000034
6193,M,301.7,313.0,1484.0,37.2,78,0,5781.03,2901.6000000000004,11.300000000000011
6194,H,299.4,307.2,1658.0,26.7,240,0,4635.8,6408.0,7.800000000000011
6195,M,300.6,310.2,1451.0,34.7,137,0,5272.61,4753.900000000001,9.599999999999966
6196,L,298.2,307.8,1752.0,58.7,4,0,10769.63,234.8,9.600000000000023
6197,L,302.1,310.0,1404.0,41.7,213,0,6131.01,8882.1,7.899999999999977
6198,M,300.6,310.1,1664.0,42.6,164,0,7423.21,6986.400000000001,9.5
6199,L,304.0,312.4,1418.0,33.5,117,0,4974.5,3919.5,8.399999999999977
6200,L,304.8,312.5,1636.0,36.0,30,0,6167.57,1080.0,7.699999999999989
6201,M,301.5,311.3,1356.0,37.6,150,0,5339.2,5640.0,9.800000000000011
6202,L,300.1,309.8,1533.0,48.6,10,0,7802.02,486.0,9.699999999999989
6203,H,298.1,307.9,1774.0,51.8,73,0,9623.03,3781.3999999999996,9.799999999999955
6204,M,301.8,312.1,1558.0,35.4,117,0,5775.63,4141.8,10.300000000000011
6205,L,300.4,309.5,1749.0,39.7,226,0,7271.25,8972.2,9.100000000000023
6206,H,301.1,312.9,1533.0,37.6,149,0,6036.13,5602.400000000001,11.799999999999955
6207,L,303.5,313.4,1447.0,47.5,232,1,7197.65,11020.0,9.899999999999977
6208,L,298.4,309.6,1568.0,44.6,127,0,7323.35,5664.2,11.200000000000045
6209,L,298.2,306.5,1648.0,39.0,117,0,6730.55,4563.0,8.300000000000011
6210,L,299.5,308.7,1196.0,50.0,213,0,6262.24,10650.0,9.199999999999989
6211,L,301.6,312.3,1631.0,45.1,36,0,7702.99,1623.6000000000001,10.699999999999989
6212,L,301.1,310.9,1369.0,32.2,26,0,4616.24,837.2,9.799999999999955
6213,L,298.2,307.1,1325.0,40.0,0,0,5550.15,0.0,8.900000000000034
6214,L,301.5,309.7,1634.0,38.1,190,0,6519.37,7239.0,8.199999999999989
6215,M,297.6,308.3,1777.0,30.1,132,0,5601.22,3973.2000000000003,10.699999999999989
6216,M,298.3,309.0,1576.0,37.7,10,0,6221.95,377.0,10.699999999999989
6217,L,299.8,310.0,1295.0,51.2,224,1,6943.34,11468.800000000001,10.199999999999989
6218,L,298.9,308.4,1417.0,50.8,79,0,7538.1,4013.2,9.5
6219,L,301.8,310.7,1463.0,49.0,167,0,7507.05,8183.0,8.899999999999977
6220,L,300.6,310.5,1573.0,47.7,221,0,7857.34,10541.7,9.899999999999977
6221,M,303.5,312.2,1525.0,42.0,27,0,6707.3,1134.0,8.699999999999989
6222,M,299.5,308.8,1626.0,33.9,28,0,5772.3,949.1999999999999,9.300000000000011
6223,L,299.8,311.0,1716.0,45.5,143,0,8176.31,6506.5,11.199999999999989
6224,L,302.4,310.6,1599.0,23.5,128,0,3935.0,3008.0,8.200000000000045
6225,L,299.8,310.5,1698.0,33.2,62,0,5903.43,2058.4,10.699999999999989
6226,M,303.0,314.5,1489.0,50.9,199,0,7936.72,10129.1,11.5
6227,L,301.1,311.9,2026.5,35.0,3,0,7427.51,105.0,10.799999999999955
6228,H,295.3,305.7,1637.0,46.3,50,0,7937.03,2315.0,10.399999999999977
6229,M,302.4,311.9,1660.0,36.3,99,0,6310.2,3593.7,9.5
6230,L,301.8,311.2,1852.0,45.4,125,0,8804.92,5675.0,9.399999999999977
6231,L,301.9,309.7,1553.0,24.6,188,0,4000.69,4624.8,7.800000000000011
6232,H,296.2,306.2,1422.0,52.6,81,0,7832.74,4260.6,10.0
6233,L,298.7,308.3,1771.0,28.8,210,0,5341.21,6048.0,9.600000000000023
6234,L,298.8,308.1,1782.0,26.3,99,0,4907.86,2603.7000000000003,9.300000000000011
6235,L,298.3,308.3,1565.0,52.0,72,0,8522.09,3744.0,10.0
6236,M,303.5,313.5,1852.0,39.9,25,0,7738.25,997.5,10.0
6237,M,300.0,309.3,1523.0,36.8,129,0,5869.17,4747.2,9.300000000000011
6238,M,299.9,311.5,1704.0,55.5,194,0,9903.56,10767.0,11.600000000000023
6239,M,301.1,311.8,1809.0,47.2,219,0,8941.48,10336.800000000001,10.699999999999989
6240,M,301.1,312.0,1555.0,35.4,44,0,5764.51,1557.6,10.899999999999977
6241,H,294.4000000000001,303.85,1619.0,38.6,59,0,6544.29,2277.4,9.449999999999932
6242,L,298.7,309.2,1721.0,50.6,147,0,9119.27,7438.2,10.5
6243,L,297.2,306.3,1472.0,30.3,18,0,4670.67,545.4,9.100000000000023
6244,M,300.8,311.5,1392.0,54.3,210,0,7915.31,11403.0,10.699999999999989
6245,M,299.4,309.2,1776.0,35.5,104,0,6602.37,3692.0,9.800000000000011
6246,M,300.0,309.0,1592.0,31.2,36,0,5201.47,1123.2,9.0
6247,L,295.8,305.8,1447.0,50.7,142,0,7682.54,7199.400000000001,10.0
6248,M,299.4,309.1,1554.0,47.2,122,0,7681.07,5758.400000000001,9.700000000000045
6249,M,302.2,314.6,1629.0,22.2,232,0,3787.06,5150.4,12.400000000000034
6250,L,302.8,313.3,1257.0,38.8,197,0,5107.35,7643.599999999999,10.5
6251,L,301.4,313.0,1666.0,28.9,105,0,5041.98,3034.5,11.600000000000023
6252,L,297.3,308.5,1611.0,47.9,247,1,8080.9,11831.3,11.199999999999989
6253,L,302.5,312.6,1834.0,57.0,64,0,10947.19,3648.0,10.100000000000023
6254,L,301.4,311.0,1498.0,45.3,12,0,7106.22,543.5999999999999,9.600000000000023
6255,L,299.8,308.0,1784.0,32.3,55,0,6034.29,1776.4999999999998,8.199999999999989
6256,L,295.9,305.1,1530.0,48.8,112,0,7818.8,5465.599999999999,9.200000000000045
6257,M,301.9,312.6,1562.0,39.4,109,0,6444.75,4294.599999999999,10.700000000000045
6258,M,298.8,308.5,1588.0,39.2,184,0,6518.76,7212.8,9.699999999999989
6259,M,300.7,311.1,1912.0,35.1,2,0,7027.87,70.2,10.400000000000034
6260,L,300.1,308.1,1316.0,40.9,44,1,5636.48,1799.6,8.0
6261,L,303.1,313.5,1626.0,39.2,248,0,6674.75,9721.6,10.399999999999977
6262,M,299.7,310.8,1545.0,16.0,71,0,2588.67,1136.0,11.100000000000023
6263,L,300.0,308.2,1532.0,40.2,214,0,6449.31,8602.800000000001,8.199999999999989
6264,H,303.2,313.5,1642.0,38.5,155,0,6620.07,5967.5,10.300000000000011
6265,M,298.7,310.0,1735.0,43.4,32,0,7885.29,1388.8,11.300000000000011
6266,L,301.6,313.3,1633.0,19.9,118,0,3403.05,2348.2,11.699999999999989
6267,H,299.6,309.1,1759.0,45.0,97,0,8289.09,4365.0,9.5
6268,L,298.0,308.8,1493.0,40.2,97,0,6285.13,3899.4,10.800000000000011
6269,L,300.0,311.4,1529.0,44.8,24,0,7173.22,1075.1999999999998,11.399999999999977
6270,M,301.4,311.8,1358.0,23.7,61,0,3370.36,1445.7,10.400000000000034
6271,L,302.7,314.0,1892.0,27.6,104,0,5468.38,2870.4,11.300000000000011
6272,H,302.9,312.9,1504.0,21.2,123,0,3338.97,2607.6,10.0
6273,L,299.4,309.8,1484.0,41.4,64,0,6433.73,2649.6,10.400000000000034
6274,L,298.0,307.4,1646.0,36.5,234,0,6291.46,8541.0,9.399999999999977
6275,L,299.4,309.2,1736.0,38.5,70,0,6999.05,2695.0,9.800000000000011
6276,M,297.6,308.1,1414.0,26.0,116,0,3849.92,3016.0,10.5
6277,L,299.6,308.9,1750.0,27.9,165,0,5112.94,4603.5,9.299999999999955
6278,L,299.3,309.1,1483.0,15.0,155,0,2329.49,2325.0,9.800000000000011
6279,M,301.5,312.2,1794.0,26.5,80,0,4978.48,2120.0,10.699999999999989
6280,L,295.6,307.6,1441.0,33.4,101,0,5040.1,3373.3999999999996,12.0
6281,M,298.5,306.5,1669.0,33.9,122,0,5924.95,4135.8,8.0
6282,L,298.5,310.5,1545.0,39.2,111,0,6342.25,4351.200000000001,12.0
6283,M,302.4,312.1,1336.0,47.5,29,0,6645.52,1377.5,9.700000000000045
6284,M,297.8,308.7,1284.0,33.0,128,0,4437.19,4224.0,10.899999999999977
6285,L,300.5,311.6,1405.0,44.8,219,0,6591.48,9811.199999999999,11.100000000000023
6286,L,299.7,311.3,1715.0,47.7,99,0,8566.65,4722.3,11.600000000000023
6287,M,302.1,311.4,1190.0,51.4,145,0,6405.29,7453.0,9.299999999999955
6288,L,301.2,311.0,1597.0,44.8,129,0,7492.24,5779.2,9.800000000000011
6289,H,300.2,310.2,1582.0,40.6,96,0,6726.07,3897.6000000000004,10.0
6290,L,298.9,308.5,1236.0,29.1,70,0,3766.52,2037.0,9.600000000000023
6291,L,296.3,307.6,1395.0,42.6,111,0,6223.18,4728.6,11.300000000000011
6292,L,300.5,310.4,1395.0,36.2,236,0,5288.24,8543.2,9.899999999999977
6293,H,301.1,309.4,1547.0,53.6,58,0,8683.28,3108.8,8.299999999999955
6294,L,296.9,306.2,1800.0,40.8,177,0,7690.62,7221.599999999999,9.300000000000011
6295,M,297.5,306.0,1730.0,38.3,230,0,6938.63,8809.0,8.5
6296,M,300.5,310.3,1473.0,54.0,17,0,8329.62,918.0,9.800000000000011
6297,L,300.7,311.4,1389.0,35.1,6,0,5105.5,210.60000000000002,10.699999999999989
6298,L,298.0,307.4,1259.0,39.9,188,0,5260.5,7501.2,9.399999999999977
6299,M,298.9,308.4,1470.0,59.9,125,0,9220.89,7487.5,9.5
6300,L,296.3,306.1,1377.0,42.6,195,0,6142.88,8307.0,9.800000000000011
6301,M,302.8,312.9,1531.0,51.1,120,0,8192.66,6132.0,10.099999999999966
6302,L,297.4,307.9,1538.0,54.9,144,0,8842.14,7905.599999999999,10.5
6303,L,301.1,311.9,1452.0,34.4,82,0,5230.63,2820.7999999999997,10.799999999999955
6304,M,299.9,312.2,1456.0,49.0,196,0,7471.13,9604.0,12.300000000000011
6305,L,302.6,312.7,1413.0,36.6,102,0,5415.67,3733.2000000000003,10.099999999999966
6306,L,298.4,309.2,1446.0,60.2,182,0,9115.77,10956.4,10.800000000000011
6307,L,300.1,308.5,1795.0,54.3,229,1,10206.88,12434.699999999999,8.399999999999977
6308,L,296.6,306.2,1630.0,47.3,228,0,8073.79,10784.4,9.599999999999966
6309,L,296.1,305.9,1633.0,50.3,12,0,8601.67,603.5999999999999,9.799999999999955
6310,M,301.2,310.2,1719.0,33.0,203,0,5940.44,6699.0,9.0
6311,L,296.4,305.9,1703.0,57.0,100,0,10165.25,5700.0,9.5
6312,L,299.5,309.4,1793.0,30.9,195,0,5801.86,6025.5,9.899999999999977
6313,M,302.0,311.5,1643.0,44.0,216,0,7570.4,9504.0,9.5
6314,L,301.5,314.1,1574.0,32.8,222,0,5406.39,7281.599999999999,12.600000000000023
6315,L,298.7,309.2,1432.0,48.5,39,0,7273.0,1891.5,10.5
6316,H,296.8,308.8,1390.0,57.3,142,0,8340.61,8136.599999999999,12.0
6317,M,301.0,312.5,1695.0,44.4,27,0,7881.0,1198.8,11.5
6318,L,302.7,312.0,1518.0,43.0,184,0,6835.48,7912.0,9.300000000000011
6319,M,298.7,308.7,1294.0,38.8,191,0,5257.69,7410.799999999999,10.0
6320,L,298.4,308.0,1163.0,40.9,246,0,4981.17,10061.4,9.600000000000023
6321,M,299.0,308.8,1922.0,36.6,202,0,7366.53,7393.200000000001,9.800000000000011
6322,L,301.1,310.2,1361.0,56.2,220,1,8009.83,12364.0,9.099999999999966
6323,L,302.5,312.0,1415.0,47.8,122,0,7082.93,5831.599999999999,9.5
6324,L,297.5,307.9,1757.0,36.4,132,0,6697.33,4804.8,10.399999999999977
6325,L,297.0,307.3,1321.0,40.5,61,0,5602.56,2470.5,10.300000000000011
6326,L,304.7,314.9,1633.0,66.55000000000001,234,1,11380.54,15572.700000000003,10.199999999999989
6327,H,299.6,309.6,1864.0,42.6,169,0,8315.42,7199.400000000001,10.0
6328,L,300.5,311.4,1916.0,54.4,65,0,10914.98,3536.0,10.899999999999977
6329,L,298.6,308.4,1457.0,34.2,19,0,5218.12,649.8000000000001,9.799999999999955
6330,L,301.0,312.4,1535.0,44.6,85,0,7169.22,3791.0,11.399999999999977
6331,L,301.9,310.1,1467.0,33.7,167,0,5177.12,5627.900000000001,8.200000000000045
6332,M,300.6,311.3,1534.0,34.6,154,0,5558.15,5328.400000000001,10.699999999999989
6333,L,303.5,314.0,1770.0,47.8,148,0,8859.92,7074.4,10.5
6334,L,299.3,308.7,1287.0,31.0,120,0,4178.0,3720.0,9.399999999999977
6335,L,299.5,309.1,1653.0,28.0,19,0,4846.85,532.0,9.600000000000023
6336,M,300.5,310.9,1503.0,46.7,31,0,7350.29,1447.7,10.399999999999977
6337,L,300.9,311.8,1782.0,35.0,181,0,6531.37,6335.0,10.900000000000034
6338,L,300.5,308.7,1773.0,37.1,35,0,6888.29,1298.5,8.199999999999989
6339,L,297.4,308.1,1465.0,22.0,245,0,3375.12,5390.0,10.700000000000045
6340,L,300.6,310.2,1518.0,27.3,185,0,4339.73,5050.5,9.599999999999966
6341,L,299.3,310.4,1697.0,42.1,111,0,7481.57,4673.1,11.099999999999966
6342,M,298.8,307.0,1714.0,37.6,109,0,6748.81,4098.400000000001,8.199999999999989
6343,M,300.1,312.5,1095.0,49.0,66,0,5618.74,3234.0,12.399999999999977
6344,M,298.1,307.2,1697.0,30.9,199,0,5491.22,6149.099999999999,9.099999999999966
6345,L,297.7,309.2,1832.0,38.2,29,0,7328.54,1107.8000000000002,11.5
6346,L,294.8,304.7,1583.0,40.4,195,0,6697.16,7878.0,9.899999999999977
6347,L,303.5,312.7,1708.0,37.9,134,0,6778.84,5078.599999999999,9.199999999999989
6348,H,301.1,311.4,1766.0,45.9,121,0,8488.52,5553.9,10.299999999999955
6349,L,299.8,310.8,1577.0,29.1,151,0,4805.66,4394.1,11.0
6350,M,298.7,307.1,1683.0,45.0,8,0,7930.95,360.0,8.400000000000034
6351,L,294.4000000000001,304.9,1540.0,51.2,33,0,8256.94,1689.6000000000001,10.499999999999886
6352,L,298.5,308.5,1528.0,31.7,226,0,5072.37,7164.2,10.0
6353,L,301.4,312.0,1419.0,43.9,200,0,6523.42,8780.0,10.600000000000023
6354,L,301.9,311.9,1568.0,43.5,54,0,7142.73,2349.0,10.0
6355,H,301.3,310.7,1875.0,45.8,102,0,8992.81,4671.599999999999,9.399999999999977
6356,H,300.3,309.2,1376.0,39.9,115,0,5749.37,4588.5,8.899999999999977
6357,L,302.6,313.3,1648.0,54.0,78,0,9319.22,4212.0,10.699999999999989
6358,L,299.3,310.0,1595.0,60.9,112,0,10172.01,6820.8,10.699999999999989
6359,H,302.2,312.8,1801.0,46.1,11,0,8694.47,507.1,10.600000000000023
6360,M,299.2,309.7,1835.0,43.0,247,0,8262.91,10621.0,10.5
6361,L,298.2,309.2,1372.0,40.0,57,0,5747.02,2280.0,11.0
6362,L,298.0,309.4,1435.0,26.8,248,0,4027.31,6646.400000000001,11.399999999999977
6363,L,297.9,306.0,1444.0,25.7,186,0,3886.23,4780.2,8.100000000000023
6364,L,301.3,309.0,1451.0,28.4,67,0,4315.33,1902.8,7.699999999999989
6365,L,298.5,310.2,1466.0,42.5,16,0,6524.56,680.0,11.699999999999989
6366,L,297.9,306.6,1600.0,38.0,200,0,6366.96,7600.0,8.700000000000045
6367,L,301.4,310.3,1385.0,55.1,222,1,7991.53,12232.2,8.900000000000034
6368,L,300.7,310.4,1410.0,14.9,157,0,2200.06,2339.3,9.699999999999989
6369,L,301.9,310.3,1396.0,40.3,244,0,5891.41,9833.199999999999,8.400000000000034
6370,M,301.0,310.6,1626.0,44.2,190,0,7526.13,8398.0,9.600000000000023
6371,M,298.5,307.5,1526.0,48.8,189,0,7798.35,9223.199999999999,9.0
6372,L,300.2,309.9,1494.0,41.3,189,0,6461.44,7805.7,9.699999999999989
6373,H,300.3,310.5,1387.0,43.5,229,0,6318.21,9961.5,10.199999999999989
6374,H,298.2,307.8,1250.0,41.7,17,0,5458.52,708.9000000000001,9.600000000000023
6375,L,297.8,307.4,1830.0,44.3,148,0,8489.53,6556.4,9.599999999999966
6376,L,298.6,308.9,1486.0,39.7,208,0,6177.86,8257.6,10.299999999999955
6377,M,304.1,315.1,2023.0,61.0,162,0,12922.73,9882.0,11.0
6378,M,299.2,310.8,1676.0,45.7,144,0,8020.82,6580.8,11.600000000000023
6379,H,302.5,312.2,1865.0,41.9,208,0,8183.17,8715.199999999999,9.699999999999989
6380,M,299.1,310.9,1715.0,32.5,88,0,5836.82,2860.0,11.799999999999955
6381,M,301.8,312.7,1566.0,36.5,181,0,5985.68,6606.5,10.899999999999977
6382,L,301.8,310.6,1431.0,54.9,204,1,8226.98,11199.6,8.800000000000011
6383,L,301.9,310.6,1363.0,15.1,151,0,2155.27,2280.1,8.700000000000045
6384,L,300.8,310.2,1738.0,40.5,14,0,7371.12,567.0,9.399999999999977
6385,L,302.8,314.2,1585.0,39.7,84,0,6589.44,3334.8,11.399999999999977
6386,M,300.8,310.3,1648.0,44.9,75,0,7748.76,3367.5,9.5
6387,L,303.4,311.5,1683.0,42.5,13,0,7490.34,552.5,8.100000000000023
6388,M,296.8,306.5,1601.0,55.0,174,0,9221.1,9570.0,9.699999999999989
6389,L,300.7,308.7,1453.0,40.9,109,0,6223.25,4458.099999999999,8.0
6390,L,300.6,309.5,1719.0,39.3,91,0,7074.52,3576.2999999999997,8.899999999999977
6391,L,298.1,307.5,1502.0,49.4,216,1,7770.08,10670.4,9.399999999999977
6392,L,301.2,311.3,1554.0,55.2,91,0,8982.94,5023.2,10.100000000000023
6393,M,297.0,308.0,1666.0,46.7,30,0,8147.43,1401.0,11.0
6394,M,298.7,309.4,1527.0,50.0,99,0,7995.35,4950.0,10.699999999999989
6395,H,296.0,304.8,1212.0,37.7,207,0,4784.9,7803.900000000001,8.800000000000011
6396,L,303.1,312.7,1724.0,41.1,57,0,7420.06,2342.7000000000003,9.599999999999966
6397,L,299.5,309.6,1762.0,54.7,167,0,10093.04,9134.9,10.100000000000023
6398,L,304.3,314.1,1210.0,45.1,189,0,5714.66,8523.9,9.800000000000011
6399,L,301.6,311.3,1351.0,37.5,181,0,5305.36,6787.5,9.699999999999989
6400,M,300.9,309.2,1900.0,40.2,187,0,7998.49,7517.400000000001,8.300000000000011
6401,M,298.8,307.7,1579.0,50.2,92,0,8300.7,4618.400000000001,8.899999999999977
6402,M,297.9,307.5,1538.0,51.1,138,0,8230.11,7051.8,9.600000000000023
6403,L,301.0,308.0,1461.0,31.5,153,0,4819.36,4819.5,7.0
6404,M,299.9,310.5,1353.0,43.5,26,0,6163.33,1131.0,10.600000000000023
6405,L,297.3,305.9,1503.0,39.8,29,0,6264.27,1154.1999999999998,8.599999999999966
6406,M,297.0,307.7,1712.0,39.2,52,0,7027.78,2038.4,10.699999999999989
6407,L,298.1,308.7,1535.0,53.1,36,0,8535.55,1911.6000000000001,10.599999999999966
6408,L,303.6,313.1,1647.0,37.5,2,0,6467.75,75.0,9.5
6409,L,304.4,315.4,1854.0,34.2,243,0,6639.94,8310.6,11.0
6410,H,300.4,311.2,1434.0,31.8,73,0,4775.35,2321.4,10.800000000000011
6411,L,300.3,310.0,1592.0,38.2,95,0,6368.47,3629.0000000000005,9.699999999999989
6412,L,299.3,308.9,1717.0,32.6,68,0,5861.6,2216.8,9.599999999999966
6413,M,298.1,309.2,1371.0,31.3,136,0,4493.77,4256.8,11.099999999999966
6414,L,302.8,313.0,1569.0,31.0,153,0,5093.46,4743.0,10.199999999999989
6415,L,303.7,314.8,1873.0,31.6,162,0,6198.03,5119.2,11.100000000000023
6416,L,298.2,305.8,1477.0,32.3,68,0,4995.88,2196.3999999999996,7.600000000000023
6417,L,299.8,309.9,1729.0,43.9,79,0,7948.55,3468.1,10.099999999999966
6418,H,299.1,307.5,1512.0,20.4,204,0,3230.06,4161.599999999999,8.399999999999977
6419,M,299.2,309.1,1860.0,32.9,221,0,6408.22,7270.9,9.900000000000034
6420,L,302.4,313.1,1243.0,38.9,138,0,5063.48,5368.2,10.700000000000045
6421,H,297.4,309.1,1549.0,51.3,120,0,8321.42,6156.0,11.700000000000045
6422,L,300.9,310.0,1273.0,37.5,157,0,4999.06,5887.5,9.100000000000023
6423,L,301.5,310.9,1412.0,38.4,112,0,5677.99,4300.8,9.399999999999977
6424,L,299.7,309.6,1411.0,39.0,148,0,5762.62,5772.0,9.900000000000034
6425,L,301.8,310.8,1490.0,21.7,3,0,3385.9,65.1,9.0
6426,L,300.3,311.3,1325.0,46.5,144,0,6452.05,6696.0,11.0
6427,H,302.4,312.4,1525.0,46.0,224,0,7346.09,10304.0,10.0
6428,M,297.0,307.1,1620.0,48.0,246,0,8143.01,11808.0,10.100000000000023
6429,L,299.3,309.9,1263.0,64.9,187,1,8583.74,12136.300000000001,10.599999999999966
6430,L,299.9,309.8,1424.0,27.0,158,0,4026.27,4266.0,9.900000000000034
6431,M,294.7,303.85,1992.0,25.1,5,0,5235.9,125.5,9.150000000000034
6432,H,297.8,307.8,1596.0,46.9,224,1,7838.52,10505.6,10.0
6433,M,298.4,307.5,1212.0,36.5,115,0,4632.59,4197.5,9.100000000000023
6434,L,301.9,312.0,1287.0,30.1,38,0,4056.71,1143.8,10.100000000000023
6435,M,298.6,309.6,1578.0,37.1,106,0,6130.69,3932.6000000000004,11.0
6436,L,298.4,307.2,1556.0,33.7,117,0,5491.21,3942.9000000000005,8.800000000000011
6437,L,301.6,310.1,1432.0,57.1,41,0,8562.64,2341.1,8.5
6438,L,296.8,306.8,1930.0,62.4,49,0,12611.61,3057.6,10.0
6439,L,295.9,305.1,2006.0,23.6,26,0,4957.6,613.6,9.200000000000045
6440,L,299.3,309.3,1490.0,25.2,216,0,3932.02,5443.2,10.0
6441,L,297.1,307.4,1694.0,32.3,105,0,5729.87,3391.4999999999995,10.299999999999955
6442,L,297.2,305.0,1703.0,33.0,82,0,5885.15,2706.0,7.800000000000011
6443,M,301.1,311.8,1727.0,32.2,129,0,5823.4,4153.8,10.699999999999989
6444,L,301.8,310.6,1423.0,38.0,64,0,5662.62,2432.0,8.800000000000011
6445,L,301.6,311.6,1885.0,35.4,13,0,6987.84,460.2,10.0
6446,L,302.2,311.6,1525.0,26.4,107,0,4216.02,2824.7999999999997,9.400000000000034
6447,H,302.5,311.9,1613.0,29.7,14,0,5016.72,415.8,9.399999999999977
6448,L,295.7,307.4,1538.0,55.3,178,0,8906.56,9843.4,11.699999999999989
6449,L,300.9,311.2,1512.0,36.3,149,0,5747.61,5408.7,10.300000000000011
6450,L,298.9,309.8,1587.0,35.8,57,0,5949.61,2040.6,10.900000000000034
6451,M,298.5,308.7,1325.0,24.8,80,0,3441.09,1984.0,10.199999999999989
6452,H,301.1,311.7,1185.0,35.3,189,0,4380.48,6671.7,10.599999999999966
6453,L,296.5,307.0,1499.0,49.5,177,0,7770.26,8761.5,10.5
6454,L,296.5,306.8,1380.0,45.8,168,0,6618.71,7694.4,10.300000000000011
6455,H,301.3,312.4,1636.0,48.0,31,0,8223.43,1488.0,11.099999999999966
6456,L,301.0,311.1,1615.0,27.9,160,0,4718.52,4464.0,10.100000000000023
6457,M,300.3,312.6,1540.0,27.8,192,0,4483.26,5337.6,12.300000000000011
6458,L,298.2,309.2,1803.0,51.2,40,0,9667.06,2048.0,11.0
6459,L,301.5,310.3,1536.0,48.1,82,0,7736.86,3944.2000000000003,8.800000000000011
6460,L,301.4,311.2,1276.0,37.3,101,0,4984.12,3767.2999999999997,9.800000000000011
6461,L,300.2,310.6,1497.0,48.4,123,0,7587.45,5953.2,10.400000000000034
6462,M,297.6,307.7,1747.0,27.9,114,0,5104.18,3180.6,10.099999999999966
6463,H,299.1,309.8,1200.0,27.5,241,0,3455.75,6627.5,10.699999999999989
6464,L,301.7,312.5,1521.0,23.8,58,0,3790.83,1380.4,10.800000000000011
6465,M,302.7,311.3,1641.0,43.5,98,0,7475.26,4263.0,8.600000000000023
6466,L,299.3,310.6,2012.0,42.1,185,0,8870.31,7788.5,11.300000000000011
6467,L,299.5,309.0,1754.0,34.7,131,0,6373.64,4545.700000000001,9.5
6468,L,299.7,309.1,1561.0,32.1,74,0,5247.31,2375.4,9.400000000000034
6469,H,300.5,310.0,1631.0,63.9,240,1,10913.99,15336.0,9.5
6470,M,298.8,309.6,1198.0,37.3,2,0,4679.44,74.6,10.800000000000011
6471,M,294.4000000000001,303.9,1350.0,53.7,118,0,7591.66,6336.6,9.499999999999886
6472,M,302.4,311.7,1654.0,38.4,65,0,6651.13,2496.0,9.300000000000011
6473,M,303.6,313.2,1566.0,34.9,246,0,5723.29,8585.4,9.599999999999966
6474,H,298.8,307.0,1589.0,54.0,35,0,8985.58,1890.0,8.199999999999989
6475,M,297.9,307.0,1544.0,47.8,150,0,7728.65,7170.0,9.100000000000023
6476,H,299.7,308.5,1537.0,39.7,138,0,6389.88,5478.6,8.800000000000011
6477,L,299.6,309.4,1556.0,51.2,162,0,8342.73,8294.4,9.799999999999955
6478,L,302.0,312.7,1348.0,65.0,246,1,9175.54,15990.0,10.699999999999989
6479,L,300.1,310.7,1497.0,32.6,249,0,5110.55,8117.400000000001,10.599999999999966
6480,L,298.4,309.7,1315.0,44.6,28,0,6141.71,1248.8,11.300000000000011
6481,L,297.4,308.4,1427.0,35.8,60,0,5349.78,2148.0,11.0
6482,L,301.7,311.2,1752.0,30.6,189,0,5614.15,5783.400000000001,9.5
6483,M,301.2,311.2,1505.0,30.3,6,0,4775.38,181.8,10.0
6484,L,302.1,312.1,1644.0,55.8,18,0,9606.49,1004.4,10.0
6485,L,298.1,305.9,1558.0,21.7,69,0,3540.43,1497.3,7.7999999999999545
6486,L,303.7,312.5,1469.0,45.0,88,0,6922.5,3960.0,8.800000000000011
6487,H,296.5,306.3,1357.0,31.7,207,0,4504.72,6561.9,9.800000000000011
6488,L,301.4,311.2,1466.0,57.6,122,0,8842.7,7027.2,9.800000000000011
6489,L,296.2,306.7,1570.0,37.2,61,0,6116.05,2269.2000000000003,10.5
6490,M,298.4,308.9,1641.0,36.3,22,0,6237.98,798.5999999999999,10.5
6491,M,303.1,311.4,1559.0,55.5,52,0,9060.82,2886.0,8.299999999999955
6492,L,301.7,312.2,1654.0,48.6,138,0,8417.83,6706.8,10.5
6493,L,298.9,309.1,1265.0,45.4,96,0,6014.16,4358.4,10.200000000000045
6494,L,299.0,309.6,1693.0,47.9,71,0,8492.22,3400.9,10.600000000000023
6495,H,300.2,311.3,1336.0,29.1,227,0,4071.25,6605.700000000001,11.100000000000023
6496,L,301.0,310.9,1714.0,47.3,113,0,8489.86,5344.9,9.899999999999977
6497,L,302.5,313.7,1627.0,37.9,216,0,6457.37,8186.4,11.199999999999989
6498,L,299.1,308.2,1203.0,43.5,34,0,5480.04,1479.0,9.099999999999966
6499,L,296.8,305.8,1669.0,44.7,140,0,7812.54,6258.0,9.0
6500,M,300.3,310.7,1716.0,28.8,197,0,5175.33,5673.6,10.399999999999977
6501,L,299.1,308.7,1763.0,45.8,226,0,8455.64,10350.8,9.599999999999966
6502,L,297.4,307.7,1400.0,38.0,109,0,5571.09,4142.0,10.300000000000011
6503,L,300.6,312.6,1570.0,27.6,60,0,4537.72,1656.0,12.0
6504,L,299.6,310.0,1662.0,38.4,166,0,6683.3,6374.4,10.399999999999977
6505,L,300.6,310.8,1669.0,40.1,241,0,7008.57,9664.1,10.199999999999989
6506,M,298.2,307.3,1611.0,45.8,67,0,7726.62,3068.6,9.100000000000023
6507,M,301.0,309.3,1461.0,16.1,236,0,2463.23,3799.6000000000004,8.300000000000011
6508,H,297.4,307.3,1714.0,43.8,170,0,7861.65,7445.999999999999,9.900000000000034
6509,M,298.3,309.4,1715.0,34.8,127,0,6249.88,4419.599999999999,11.099999999999966
6510,M,299.5,309.2,1510.0,48.0,169,0,7590.09,8112.0,9.699999999999989
6511,L,303.5,313.9,1397.0,39.9,15,0,5837.11,598.5,10.399999999999977
6512,M,301.6,313.0,1407.0,36.6,120,0,5392.67,4392.0,11.399999999999977
6513,M,302.2,313.6,1782.0,38.1,10,0,7109.86,381.0,11.400000000000034
6514,M,302.8,313.3,1708.0,43.2,87,0,7726.81,3758.4,10.5
6515,L,305.5999999999999,316.25000000000006,1534.0,48.9,205,0,7855.3,10024.5,10.650000000000148
6516,L,300.1,308.6,1502.0,31.0,103,0,4875.96,3193.0,8.5
6517,M,302.8,312.2,1221.0,36.5,62,0,4666.99,2263.0,9.399999999999977
6518,M,302.0,311.7,1522.0,54.5,199,0,8686.4,10845.5,9.699999999999989
6519,H,302.0,311.1,1324.0,36.3,118,0,5032.96,4283.4,9.100000000000023
6520,L,303.5,313.8,1566.0,43.6,221,0,7150.01,9635.6,10.300000000000011
6521,L,299.2,311.1,1750.0,27.6,30,0,5057.96,828.0,11.900000000000034
6522,L,299.0,310.5,1362.0,22.8,197,0,3251.93,4491.6,11.5
6523,M,300.6,310.9,1580.0,29.5,23,0,4880.99,678.5,10.299999999999955
6524,L,299.6,310.4,1716.0,33.0,182,0,5930.07,6006.0,10.799999999999955
6525,L,300.6,309.9,1577.0,50.3,128,0,8306.7,6438.4,9.299999999999955
6526,H,303.1,314.6,1444.0,51.3,165,0,7757.35,8464.5,11.5
6527,L,299.0,307.5,1539.0,20.7,183,0,3336.09,3788.1,8.5
6528,M,299.4,310.3,1709.0,34.5,173,0,6174.33,5968.5,10.900000000000034
6529,L,300.3,310.8,1585.0,46.8,212,0,7767.9,9921.599999999999,10.5
6530,M,299.5,308.8,1537.0,38.9,133,0,6261.12,5173.7,9.300000000000011
6531,L,296.2,306.0,1744.0,54.9,78,0,10026.46,4282.2,9.800000000000011
6532,H,298.8,307.7,1630.0,46.6,159,0,7954.3,7409.400000000001,8.899999999999977
6533,H,301.4,310.3,1322.0,37.2,81,0,5149.95,3013.2000000000003,8.900000000000034
6534,L,302.9,311.3,1651.0,38.1,110,0,6587.2,4191.0,8.400000000000034
6535,L,297.7,308.5,1707.0,39.3,95,0,7025.14,3733.4999999999995,10.800000000000011
6536,L,297.7,308.9,1316.0,31.5,139,0,4341.05,4378.5,11.199999999999989
6537,M,300.1,307.9,1131.0,49.3,202,1,5839.0,9958.599999999999,7.7999999999999545
6538,M,295.8,307.7,1351.0,47.3,33,0,6691.83,1560.8999999999999,11.899999999999977
6539,L,299.1,309.1,1519.0,44.4,65,0,7062.68,2886.0,10.0
6540,M,296.5,306.8,1718.0,42.3,171,0,7610.13,7233.299999999999,10.300000000000011
6541,L,302.7,311.3,1378.0,29.8,85,1,4300.25,2533.0,8.600000000000023
6542,M,298.5,309.8,1637.0,44.9,20,0,7697.04,898.0,11.300000000000011
6543,H,303.3,313.5,1046.5,41.2,197,0,4515.08,8116.400000000001,10.199999999999989
6544,L,302.2,313.4,1570.0,59.8,5,0,9831.72,299.0,11.199999999999989
6545,L,298.7,309.9,1465.0,27.0,11,0,4142.19,297.0,11.199999999999989
6546,L,297.9,309.2,1913.0,32.7,131,0,6550.75,4283.700000000001,11.300000000000011
6547,L,299.6,309.0,1199.0,24.1,6,0,3025.97,144.60000000000002,9.399999999999977
6548,L,299.8,309.6,1535.0,37.7,75,0,6060.08,2827.5,9.800000000000011
6549,L,300.7,310.1,1198.0,22.6,221,0,2835.27,4994.6,9.400000000000034
6550,L,298.4,309.3,1439.0,51.7,72,0,7790.76,3722.4,10.900000000000034
6551,L,301.5,311.8,1233.0,50.8,6,0,6559.27,304.79999999999995,10.300000000000011
6552,L,300.5,311.6,1949.0,38.3,239,0,7816.98,9153.699999999999,11.100000000000023
6553,L,299.3,310.4,1474.0,29.8,46,0,4599.84,1370.8,11.099999999999966
6554,L,298.6,306.8,1500.0,24.7,21,0,3879.87,518.6999999999999,8.199999999999989
6555,M,299.6,311.0,1530.0,32.9,154,0,5271.28,5066.599999999999,11.399999999999977
6556,M,298.4,309.3,1335.0,46.1,226,0,6444.82,10418.6,10.900000000000034
6557,L,300.1,309.7,1726.0,32.1,37,0,5801.96,1187.7,9.599999999999966
6558,L,300.2,310.5,1652.0,58.9,87,0,10189.53,5124.3,10.300000000000011
6559,M,300.5,310.4,1702.0,54.7,13,0,9749.35,711.1,9.899999999999977
6560,H,303.5,314.1,1319.0,39.9,167,0,5511.2,6663.3,10.600000000000023
6561,L,299.7,309.4,1741.0,35.3,99,0,6435.79,3494.7,9.699999999999989
6562,L,302.0,312.5,1720.0,34.2,204,0,6160.03,6976.8,10.5
6563,L,300.5,310.5,1496.0,55.8,100,0,8741.67,5580.0,10.0
6564,L,299.5,309.1,1698.0,33.4,115,0,5938.99,3841.0,9.600000000000023
6565,L,299.8,310.0,1586.0,49.2,49,0,8171.41,2410.8,10.199999999999989
6566,L,299.9,312.6,1252.0,40.1,202,0,5257.48,8100.200000000001,12.700000000000045
6567,M,300.6,309.9,1505.0,47.0,31,0,7407.35,1457.0,9.299999999999955
6568,L,298.1,307.8,1451.0,31.7,68,0,4816.76,2155.6,9.699999999999989
6569,L,297.1,306.4,1553.0,36.6,208,0,5952.25,7612.8,9.299999999999955
6570,L,301.3,310.7,1720.0,39.7,193,0,7150.68,7662.1,9.399999999999977
6571,L,301.8,312.6,1244.0,33.6,223,0,4377.12,7492.8,10.800000000000011
6572,L,301.5,312.2,1458.0,52.3,86,0,7985.24,4497.8,10.699999999999989
6573,L,300.3,310.3,1390.0,32.3,4,0,4701.6,129.2,10.0
6574,M,301.5,312.6,1398.0,34.2,121,0,5006.82,4138.200000000001,11.100000000000023
6575,L,301.4,312.2,1390.0,53.4,39,0,7772.93,2082.6,10.800000000000011
6576,M,301.6,311.4,1550.0,51.5,165,0,8359.25,8497.5,9.799999999999955
6577,H,298.3,306.7,1631.0,55.7,199,0,9513.44,11084.300000000001,8.399999999999977
6578,L,297.8,308.6,1600.0,20.9,218,0,3501.83,4556.2,10.800000000000011
6579,L,299.2,309.4,1571.0,41.9,189,0,6893.17,7919.099999999999,10.199999999999989
6580,L,300.0,310.0,1649.0,40.8,1,0,7045.46,40.8,10.0
6581,M,299.5,309.1,1964.0,34.3,39,0,7054.47,1337.6999999999998,9.600000000000023
6582,H,296.2,307.0,1562.0,43.1,248,0,7049.96,10688.800000000001,10.800000000000011
6583,M,303.4,313.8,1720.0,36.7,247,0,6610.33,9064.900000000001,10.400000000000034
6584,L,299.5,309.2,1710.0,41.5,70,0,7431.44,2905.0,9.699999999999989
6585,M,300.3,309.1,1856.0,66.55000000000001,231,1,12934.65,15373.050000000003,8.800000000000011
6586,L,302.5,313.6,1638.0,43.1,177,0,7392.98,7628.7,11.100000000000023
6587,L,295.3,305.9,1386.0,43.5,149,0,6313.66,6481.5,10.599999999999966
6588,L,299.0,309.2,1592.0,48.1,134,0,8018.94,6445.400000000001,10.199999999999989
6589,L,299.2,306.6,1582.0,41.7,124,0,6908.3,5170.8,7.400000000000034
6590,M,299.3,309.3,1683.0,29.0,238,0,5111.06,6902.0,10.0
6591,L,299.7,309.4,1381.0,23.5,72,0,3398.52,1692.0,9.699999999999989
6592,L,302.9,312.3,1764.0,39.6,237,0,7315.14,9385.2,9.400000000000034
6593,L,301.3,312.1,1538.0,37.2,108,0,5991.39,4017.6000000000004,10.800000000000011
6594,M,301.9,312.6,1688.0,20.3,162,0,3588.37,3288.6,10.700000000000045
6595,M,300.1,310.5,1593.0,56.1,101,0,9358.52,5666.1,10.399999999999977
6596,L,297.2,308.2,1559.0,41.0,23,0,6693.58,943.0,11.0
6597,L,295.8,304.8,1579.0,54.2,163,0,8962.11,8834.6,9.0
6598,L,296.9,306.5,1658.0,17.7,52,0,3073.17,920.4,9.600000000000023
6599,H,300.7,310.8,1888.0,54.4,209,0,10755.47,11369.6,10.100000000000023
6600,L,300.1,309.4,1176.0,35.1,106,0,4322.58,3720.6000000000004,9.299999999999955
6601,L,299.6,310.3,1634.0,52.4,153,0,8966.27,8017.2,10.699999999999989
6602,L,299.3,308.7,1545.0,42.0,230,0,6795.26,9660.0,9.399999999999977
6603,L,304.0,315.3,1506.0,44.4,206,0,7002.23,9146.4,11.300000000000011
6604,M,298.4,307.4,1114.0,44.4,55,0,5179.61,2442.0,9.0
6605,L,301.9,314.0,1641.0,35.7,85,0,6134.87,3034.5000000000005,12.100000000000023
6606,L,300.0,312.0,1515.0,33.5,88,0,5314.79,2948.0,12.0
6607,L,299.9,309.8,1388.0,36.3,42,0,5276.24,1524.6,9.900000000000034
6608,L,302.4,313.5,1545.0,25.2,242,0,4077.16,6098.4,11.100000000000023
6609,H,302.9,312.5,1485.0,35.1,88,0,5458.36,3088.8,9.600000000000023
6610,L,299.5,310.5,1226.0,33.0,40,0,4236.75,1320.0,11.0
6611,M,301.6,311.4,1553.0,25.0,88,0,4065.74,2200.0,9.799999999999955
6612,M,300.7,309.4,1641.0,44.5,165,0,7647.11,7342.5,8.699999999999989
6613,L,300.0,306.5,1439.0,40.0,216,0,6027.67,8640.0,6.5
6614,L,300.4,310.1,1584.0,42.4,6,0,7033.15,254.39999999999998,9.700000000000045
6615,L,298.6,308.9,1557.0,46.8,39,0,7630.68,1825.1999999999998,10.299999999999955
6616,M,299.4,310.7,1725.0,37.5,247,0,6774.06,9262.5,11.300000000000011
6617,L,298.8,308.9,1519.0,30.6,107,0,4867.52,3274.2000000000003,10.099999999999966
6618,L,301.8,312.8,1681.0,42.9,151,0,7551.85,6477.9,11.0
6619,L,299.8,309.4,1481.0,13.34999999999999,82,0,2070.45,1094.6999999999991,9.599999999999966
6620,M,297.4,307.1,1890.0,38.8,149,0,7679.31,5781.2,9.700000000000045
6621,L,298.6,309.6,1459.0,47.5,45,0,7257.34,2137.5,11.0
6622,L,294.4000000000001,303.85,1415.0,50.3,22,0,7453.38,1106.6,9.449999999999932
6623,L,299.0,309.0,1520.0,34.6,83,0,5507.42,2871.8,10.0
6624,L,300.1,309.7,1407.0,17.6,83,0,2593.2,1460.8000000000002,9.599999999999966
6625,M,299.7,311.1,1314.0,13.7,134,0,1885.14,1835.8,11.400000000000034
6626,L,304.0,313.4,1668.0,46.3,161,0,8087.34,7454.299999999999,9.399999999999977
6627,M,301.1,311.7,1046.5,36.4,138,0,3989.05,5023.2,10.599999999999966
6628,M,301.1,312.0,1409.0,60.0,170,0,8853.01,10200.0,10.899999999999977
6629,L,296.7,305.2,1297.0,25.8,71,1,3504.2,1831.8,8.5
6630,M,299.3,309.1,1563.0,43.3,101,0,7087.21,4373.299999999999,9.800000000000011
6631,L,299.0,308.6,1146.0,56.5,138,1,6780.5,7797.0,9.600000000000023
6632,L,298.4,309.4,1636.0,42.0,42,0,7195.5,1764.0,11.0
6633,M,298.4,309.1,1655.0,24.0,24,0,4159.47,576.0,10.700000000000045
6634,L,296.4,306.2,1245.0,66.55000000000001,30,0,8676.53,1996.5000000000005,9.800000000000011
6635,M,297.4,306.4,1572.0,55.6,228,1,9152.84,12676.800000000001,9.0
6636,L,301.7,312.8,1630.0,37.6,153,0,6418.06,5752.8,11.100000000000023
6637,H,299.7,309.6,1706.0,48.1,201,0,8593.16,9668.1,9.900000000000034
6638,L,299.0,307.4,1275.0,48.2,224,1,6435.55,10796.800000000001,8.399999999999977
6639,L,300.0,308.5,1249.0,46.3,70,1,6055.81,3241.0,8.5
6640,L,302.3,312.8,1806.0,26.1,227,0,4936.13,5924.700000000001,10.5
6641,M,300.0,308.7,1390.0,43.1,172,0,6273.66,7413.2,8.699999999999989
6642,M,301.1,312.9,1443.0,54.4,185,0,8220.42,10064.0,11.799999999999955
6643,L,298.3,307.4,1651.0,44.9,63,0,7762.86,2828.7,9.099999999999966
6644,M,298.8,308.8,1328.0,43.9,19,0,6105.08,834.1,10.0
6645,L,300.7,310.9,1490.0,34.6,78,0,5398.72,2698.8,10.199999999999989
6646,L,303.8,313.1,1697.0,30.9,79,0,5491.22,2441.1,9.300000000000011
6647,M,302.9,310.6,1283.0,24.2,98,1,3251.4,2371.6,7.7000000000000455
6648,M,301.2,311.4,1448.0,47.4,189,0,7187.46,8958.6,10.199999999999989
6649,M,300.3,309.5,1336.0,37.7,188,0,5274.44,7087.6,9.199999999999989
6650,M,302.8,312.9,1399.0,26.5,212,0,3882.33,5618.0,10.099999999999966
6651,L,301.6,311.5,1750.0,49.6,53,0,9089.67,2628.8,9.899999999999977
6652,M,295.4,305.7,1789.0,34.1,34,0,6388.42,1159.4,10.300000000000011
6653,L,297.9,309.5,1584.0,31.4,103,0,5208.51,3234.2,11.600000000000023
6654,L,300.7,310.1,1633.0,35.0,111,0,5985.26,3885.0,9.400000000000034
6655,L,296.4,306.0,1628.0,38.0,33,0,6478.38,1254.0,9.600000000000023
6656,L,298.2,306.5,1417.0,44.5,102,0,6603.26,4539.0,8.300000000000011
6657,L,298.6,308.4,1580.0,31.2,124,0,5162.27,3868.7999999999997,9.799999999999955
6658,L,299.5,309.9,1306.0,50.0,128,0,6838.2,6400.0,10.399999999999977
6659,L,299.4,308.9,1366.0,44.7,8,0,6394.21,357.6,9.5
6660,L,299.4,309.8,1522.0,34.8,104,0,5546.54,3619.2,10.400000000000034
6661,L,301.7,311.5,1348.0,38.3,93,0,5406.51,3561.8999999999996,9.800000000000011
6662,L,299.5,308.2,1310.0,35.7,20,0,4897.43,714.0,8.699999999999989
6663,L,299.2,309.5,1410.0,40.6,209,0,5994.79,8485.4,10.300000000000011
6664,M,297.3,307.1,1743.0,55.0,21,0,10038.96,1155.0,9.800000000000011
6665,M,302.0,312.2,1816.0,35.6,107,0,6770.09,3809.2000000000003,10.199999999999989
6666,M,298.7,308.1,1532.0,41.8,89,0,6706.0,3720.2,9.400000000000034
6667,L,297.8,307.2,1642.0,32.9,203,0,5657.15,6678.7,9.399999999999977
6668,M,300.4,310.6,1437.0,45.2,158,0,6801.8,7141.6,10.200000000000045
6669,L,298.5,308.2,1168.0,42.7,36,0,5222.75,1537.2,9.699999999999989
6670,L,298.9,310.7,1378.0,53.1,234,1,7662.53,12425.4,11.800000000000011
6671,L,300.5,311.3,1482.0,31.6,227,0,4904.15,7173.200000000001,10.800000000000011
6672,M,299.3,309.9,1563.0,46.8,175,0,7660.08,8189.999999999999,10.599999999999966
6673,L,304.6,314.4,1519.0,52.5,235,1,8351.14,12337.5,9.799999999999955
6674,L,299.9,307.8,1487.0,35.5,129,0,5528.0,4579.5,7.900000000000034
6675,L,301.2,310.4,1435.0,38.6,228,0,5800.53,8800.800000000001,9.199999999999989
6676,M,296.1,305.5,1599.0,41.8,103,0,6999.28,4305.4,9.399999999999977
6677,M,298.3,308.0,1293.0,37.5,143,0,5077.6,5362.5,9.699999999999989
6678,L,297.8,307.8,1681.0,41.7,49,0,7340.61,2043.3000000000002,10.0
6679,L,298.1,308.7,1433.0,46.6,124,0,6992.95,5778.400000000001,10.599999999999966
6680,L,300.8,311.1,1908.0,38.8,22,0,7752.45,853.5999999999999,10.300000000000011
6681,M,302.1,313.2,1481.0,38.7,123,0,6001.98,4760.1,11.099999999999966
6682,L,300.7,310.4,1452.0,42.6,98,0,6477.46,4174.8,9.699999999999989
6683,M,299.5,309.8,1437.0,35.9,5,0,5402.31,179.5,10.300000000000011
6684,L,298.7,309.1,1453.0,36.4,188,0,5538.54,6843.2,10.400000000000034
6685,M,302.2,312.5,1646.0,30.9,35,0,5326.19,1081.5,10.300000000000011
6686,L,304.1,315.4,1530.0,39.5,149,0,6328.74,5885.5,11.299999999999955
6687,L,300.3,311.1,1714.0,44.4,189,0,7969.34,8391.6,10.800000000000011
6688,L,301.9,310.6,1621.0,37.2,138,0,6314.73,5133.6,8.700000000000045
6689,L,300.7,310.6,1543.0,32.2,225,0,5202.96,7245.000000000001,9.900000000000034
6690,L,301.5,311.5,1604.0,38.9,121,0,6534.05,4706.9,10.0
6691,M,297.7,309.8,1752.0,43.9,212,0,8054.29,9306.8,12.100000000000023
6692,L,299.0,308.7,1655.0,41.2,76,0,7140.42,3131.2000000000003,9.699999999999989
6693,M,300.8,309.8,1588.0,62.1,172,0,10326.92,10681.2,9.0
6694,M,302.4,312.9,1613.0,33.4,209,0,5641.69,6980.599999999999,10.5
6695,L,298.4,308.9,1331.0,38.4,55,0,5352.27,2112.0,10.5
6696,M,295.9,305.9,1998.0,47.7,172,0,9980.27,8204.4,10.0
6697,M,299.0,308.8,1632.0,33.0,171,0,5639.79,5643.0,9.800000000000011
6698,L,302.0,313.0,1650.0,59.1,93,0,10211.75,5496.3,11.0
6699,M,296.8,306.0,1532.0,39.9,104,0,6401.18,4149.599999999999,9.199999999999989
6700,L,297.6,307.3,1126.0,45.5,215,0,5365.11,9782.5,9.699999999999989
6701,L,300.3,309.8,1490.0,40.1,128,0,6256.9,5132.8,9.5
6702,M,299.8,310.9,1551.0,50.0,228,0,8121.02,11400.0,11.099999999999966
6703,L,301.2,311.5,1390.0,29.3,27,0,4264.92,791.1,10.300000000000011
6704,L,297.5,306.5,1389.0,55.6,3,0,8087.34,166.8,9.0
6705,L,299.4,308.4,1477.0,42.2,131,0,6527.12,5528.200000000001,9.0
6706,M,302.4,314.3,1676.0,46.5,77,0,8161.23,3580.5,11.900000000000034
6707,H,297.6,308.7,1762.0,32.5,202,0,5996.78,6565.0,11.099999999999966
6708,L,303.0,313.8,1568.0,43.3,86,0,7109.88,3723.7999999999997,10.800000000000011
6709,M,297.9,307.9,1436.0,30.3,237,0,4556.44,7181.1,10.0
6710,H,301.7,313.2,1473.0,51.6,203,0,7959.41,10474.800000000001,11.5
6711,L,299.3,308.2,1555.0,27.1,239,0,4412.94,6476.900000000001,8.899999999999977
6712,L,297.7,308.5,1577.0,41.4,57,0,6836.92,2359.7999999999997,10.800000000000011
6713,M,299.0,308.6,1615.0,36.0,110,0,6088.41,3960.0,9.600000000000023
6714,M,301.1,310.8,1459.0,24.3,41,0,3712.7,996.3000000000001,9.699999999999989
6715,M,300.0,310.7,1632.0,30.6,195,0,5229.62,5967.0,10.699999999999989
6716,L,302.2,312.1,1618.0,44.4,192,0,7522.98,8524.8,9.900000000000034
6717,L,302.9,312.4,1467.0,31.0,242,0,4762.34,7502.0,9.5
6718,L,297.6,307.1,1230.0,33.2,39,0,4276.34,1294.8000000000002,9.5
6719,L,297.5,305.5,1379.0,43.6,73,1,6296.21,3182.8,8.0
6720,L,297.4,308.2,1818.0,49.0,134,0,9328.65,6566.0,10.800000000000011
6721,M,298.2,307.2,1234.0,46.5,129,0,6008.92,5998.5,9.0
6722,L,302.2,314.1,1773.0,39.4,214,0,7315.32,8431.6,11.900000000000034
6723,M,301.1,310.8,1228.0,42.1,33,0,5413.89,1389.3,9.699999999999989
6724,L,298.9,310.2,1399.0,41.1,117,0,6021.27,4808.7,11.300000000000011
6725,L,300.0,308.2,1470.0,29.6,119,0,4556.57,3522.4,8.199999999999989
6726,L,302.8,313.5,1857.0,42.7,50,0,8303.64,2135.0,10.699999999999989
6727,L,303.8,314.8,1542.0,29.5,11,0,4763.6,324.5,11.0
6728,L,300.5,311.8,1499.0,46.0,242,1,7220.85,11132.0,11.300000000000011
6729,H,294.7,303.85,1370.0,41.2,55,1,5910.8,2266.0,9.150000000000034
6730,M,300.6,309.9,1631.0,18.3,75,0,3125.6,1372.5,9.299999999999955
6731,L,301.9,312.4,1446.0,49.7,236,1,7525.81,11729.2,10.5
6732,L,300.4,310.6,1497.0,34.7,15,0,5439.76,520.5,10.200000000000045
6733,H,301.5,311.7,1473.0,33.9,135,0,5229.15,4576.5,10.199999999999989
6734,L,300.7,310.4,1666.0,49.4,169,0,8618.48,8348.6,9.699999999999989
6735,L,297.5,309.1,1674.0,38.3,5,0,6714.02,191.5,11.600000000000023
6736,L,298.2,310.8,1378.0,45.9,206,0,6623.55,9455.4,12.600000000000023
6737,H,299.4,309.5,1425.0,33.4,176,0,4984.14,5878.4,10.100000000000023
6738,L,302.1,312.6,1408.0,47.9,138,0,7062.64,6610.2,10.5
6739,L,298.5,308.5,1570.0,41.9,189,0,6888.78,7919.099999999999,10.0
6740,H,300.9,312.2,1700.0,43.9,242,0,7815.24,10623.8,11.300000000000011
6741,L,300.6,311.4,1573.0,38.1,157,0,6275.99,5981.7,10.799999999999955
6742,L,303.2,312.1,1145.0,56.1,137,1,6726.62,7685.7,8.900000000000034
6743,L,299.9,309.3,1673.0,58.5,86,0,10248.97,5031.0,9.400000000000034
6744,M,296.5,305.5,1296.0,18.0,17,0,2442.9,306.0,9.0
6745,L,301.3,314.0,1409.0,49.1,61,0,7244.71,2995.1,12.699999999999989
6746,H,304.3,314.9,1573.0,29.1,8,0,4793.47,232.8,10.599999999999966
6747,M,301.4,310.8,1522.0,45.0,72,0,7172.26,3240.0,9.400000000000034
6748,L,298.4,307.7,1694.0,22.2,113,0,3938.17,2508.6,9.300000000000011
6749,H,297.8,308.6,1428.0,43.9,133,0,6564.8,5838.7,10.800000000000011
6750,L,298.1,309.0,1364.0,31.6,79,0,4513.67,2496.4,10.899999999999977
6751,L,304.0,314.8,1482.0,35.3,75,0,5478.37,2647.5,10.800000000000011
6752,L,299.3,308.9,1712.0,35.6,129,0,6382.38,4592.400000000001,9.599999999999966
6753,L,298.7,309.0,1650.0,32.6,208,0,5632.88,6780.8,10.300000000000011
6754,L,299.7,309.8,1553.0,32.9,153,0,5350.52,5033.7,10.100000000000023
6755,L,299.4,308.4,1775.0,35.9,8,0,6673.0,287.2,9.0
6756,L,303.1,312.2,1742.0,38.4,4,0,7005.0,153.6,9.099999999999966
6757,M,298.0,308.4,1679.0,43.1,91,0,7578.03,3922.1,10.399999999999977
6758,L,302.4,312.6,1327.0,58.4,93,0,8115.45,5431.2,10.200000000000045
6759,H,300.2,310.8,1678.0,30.5,144,0,5359.45,4392.0,10.600000000000023
6760,L,302.4,313.2,1501.0,41.2,61,0,6476.0,2513.2000000000003,10.800000000000011
6761,L,303.2,314.7,1467.0,47.6,46,0,7312.5,2189.6,11.5
6762,L,300.2,309.4,1415.0,32.8,38,0,4860.25,1246.3999999999999,9.199999999999989
6763,L,299.4,310.0,1507.0,17.4,127,0,2745.94,2209.7999999999997,10.600000000000023
6764,L,300.1,310.9,1425.0,20.9,58,0,3118.82,1212.1999999999998,10.799999999999955
6765,M,299.8,309.5,1568.0,17.8,210,0,2922.77,3738.0,9.699999999999989
6766,H,296.7,306.8,1507.0,55.2,5,0,8711.26,276.0,10.100000000000023
6767,H,303.1,312.8,1577.0,46.0,195,0,7596.58,8970.0,9.699999999999989
6768,L,300.5,312.6,1637.0,47.4,235,1,8125.6,11139.0,12.100000000000023
6769,M,297.7,307.8,1485.0,49.7,114,0,7728.79,5665.8,10.100000000000023
6770,L,295.9,306.3,1406.0,34.2,165,0,5035.47,5643.000000000001,10.400000000000034
6771,L,295.3,305.1,1178.0,62.8,183,1,7747.0,11492.4,9.800000000000011
6772,M,301.5,311.1,1675.0,43.2,245,0,7577.52,10584.0,9.600000000000023
6773,M,298.8,307.5,1552.0,39.2,141,0,6370.98,5527.200000000001,8.699999999999989
6774,L,299.1,310.2,1506.0,51.0,79,0,8043.11,4029.0,11.099999999999966
6775,L,301.0,311.7,1747.0,46.5,181,0,8506.96,8416.5,10.699999999999989
6776,L,299.0,308.7,1307.0,53.2,100,0,7281.42,5320.0,9.699999999999989
6777,M,301.1,310.2,1548.0,53.8,159,0,8721.31,8554.199999999999,9.099999999999966
6778,L,300.2,310.4,1365.0,36.4,158,0,5203.11,5751.2,10.199999999999989
6779,H,299.8,309.3,1655.0,41.8,196,0,7244.41,8192.8,9.5
6780,L,296.9,306.6,1139.0,30.8,144,0,3673.69,4435.2,9.700000000000045
6781,L,298.4,307.1,1681.0,23.7,3,0,4172.0,71.1,8.700000000000045
6782,L,301.2,311.4,1674.0,48.2,106,0,8449.5,5109.200000000001,10.199999999999989
6783,L,298.6,308.9,1372.0,49.4,215,0,7097.57,10621.0,10.299999999999955
6784,L,302.4,313.5,1549.0,20.2,5,0,3276.66,101.0,11.100000000000023
6785,M,304.7,314.5,1376.0,32.8,191,0,4726.3,6264.799999999999,9.800000000000011
6786,M,301.3,311.0,1614.0,40.5,157,0,6845.22,6358.5,9.699999999999989
6787,H,303.0,311.4,1684.0,41.4,118,0,7300.81,4885.2,8.399999999999977
6788,M,301.4,312.5,1358.0,60.3,235,1,8575.23,14170.5,11.100000000000023
6789,M,298.9,309.8,1305.0,33.7,74,0,4605.42,2493.8,10.900000000000034
6790,L,300.4,310.4,1734.0,38.2,90,0,6936.51,3438.0000000000005,10.0
6791,M,304.0,312.7,1885.0,46.4,8,0,9159.21,371.2,8.699999999999989
6792,L,299.0,307.7,1626.0,36.4,151,0,6197.99,5496.4,8.699999999999989
6793,L,297.9,307.4,1639.0,34.9,19,0,5990.09,663.1,9.5
6794,L,297.7,308.7,1478.0,34.1,12,0,5277.85,409.20000000000005,11.0
6795,L,299.6,309.9,1570.0,42.2,54,0,6938.1,2278.8,10.299999999999955
6796,L,298.0,306.5,1600.0,38.2,91,0,6400.47,3476.2000000000003,8.5
6797,H,303.3,313.8,1505.0,46.7,238,0,7360.07,11114.6,10.5
6798,L,300.4,309.6,1779.0,43.5,222,0,8103.9,9657.0,9.200000000000045
6799,L,301.9,311.4,1569.0,13.34999999999999,95,0,2193.48,1268.249999999999,9.5
6800,L,299.4,310.4,1592.0,22.5,226,0,3751.06,5085.0,11.0
6801,L,297.7,308.5,1509.0,34.9,100,0,5514.97,3490.0,10.800000000000011
6802,L,297.4,308.5,1527.0,49.7,18,0,7947.38,894.6,11.100000000000023
6803,L,298.2,308.2,1756.0,33.4,46,0,6141.86,1536.3999999999999,10.0
6804,L,300.7,311.6,1564.0,43.6,70,0,7140.88,3052.0,10.900000000000034
6805,L,301.0,310.5,1568.0,45.9,66,0,7536.81,3029.4,9.5
6806,M,301.2,310.9,1570.0,45.3,39,0,7447.77,1766.6999999999998,9.699999999999989
6807,M,297.0,306.7,1472.0,34.4,93,0,5302.67,3199.2,9.699999999999989
6808,L,300.0,310.0,1285.0,28.5,57,0,3835.1,1624.5,10.0
6809,L,297.9,306.7,1819.0,26.8,30,0,5105.0,804.0,8.800000000000011
6810,L,300.8,310.6,1729.0,66.55000000000001,44,0,12049.57,2928.2000000000007,9.800000000000011
6811,M,301.0,312.4,1761.0,44.4,239,0,8187.87,10611.6,11.399999999999977
6812,L,297.7,306.6,1346.0,58.2,103,0,8203.45,5994.6,8.900000000000034
6813,L,301.9,310.6,1796.0,31.6,53,0,5943.22,1674.8000000000002,8.700000000000045
6814,M,304.7,313.4,1890.0,52.3,72,0,10351.23,3765.6,8.699999999999989
6815,L,301.7,314.3,1725.0,35.2,97,0,6358.58,3414.4,12.600000000000023
6816,L,299.7,310.1,1832.0,39.6,213,0,7597.13,8434.800000000001,10.400000000000034
6817,L,299.4,309.1,1680.0,37.0,154,0,6509.38,5698.0,9.700000000000045
6818,H,299.6,309.7,1386.0,31.1,51,0,4513.9,1586.1000000000001,10.099999999999966
6819,M,298.5,308.7,1628.0,31.3,54,0,5336.14,1690.2,10.199999999999989
6820,M,300.5,309.9,1355.0,39.5,26,0,5604.86,1027.0,9.399999999999977
6821,L,297.7,307.2,1431.0,34.1,96,0,5110.02,3273.6000000000004,9.5
6822,L,296.2,306.1,1594.0,41.2,115,0,6877.24,4738.0,9.900000000000034
6823,H,300.4,309.7,1570.0,31.6,108,0,5195.36,3412.8,9.300000000000011
6824,H,300.0,309.6,1620.0,46.9,172,0,7956.4,8066.8,9.600000000000023
6825,L,298.9,309.2,1217.0,35.3,170,0,4498.77,6000.999999999999,10.300000000000011
6826,M,297.4,306.4,1510.0,56.2,41,0,8886.73,2304.2000000000003,9.0
6827,L,300.6,313.2,1636.0,39.4,243,0,6750.07,9574.199999999999,12.599999999999966
6828,L,298.0,308.8,1671.0,38.9,5,0,6806.98,194.5,10.800000000000011
6829,M,299.7,308.5,1683.0,55.9,47,0,9852.0,2627.2999999999997,8.800000000000011
6830,L,303.5,311.1,1582.0,35.0,185,0,5798.33,6475.0,7.600000000000023
6831,H,301.3,310.6,1470.0,35.8,26,0,5510.98,930.8,9.300000000000011
6832,L,297.3,307.9,1627.0,32.9,159,0,5605.47,5231.099999999999,10.599999999999966
6833,L,297.5,307.9,1484.0,41.9,165,0,6511.43,6913.5,10.399999999999977
6834,H,300.3,310.2,1699.0,32.6,85,0,5800.15,2771.0,9.899999999999977
6835,H,297.2,306.6,1614.0,47.6,243,0,8045.24,11566.800000000001,9.400000000000034
6836,L,296.0,305.1,1526.0,39.4,180,0,6296.21,7092.0,9.100000000000023
6837,L,301.1,310.7,1400.0,48.3,204,0,7081.15,9853.199999999999,9.599999999999966
6838,M,300.6,309.6,1738.0,47.1,95,0,8572.34,4474.5,9.0
6839,L,300.9,310.5,1638.0,34.8,26,0,5969.28,904.8,9.600000000000023
6840,H,300.5,311.9,1914.0,32.6,235,0,6534.14,7661.0,11.399999999999977
6841,H,299.9,309.1,1632.0,36.6,39,0,6255.04,1427.4,9.200000000000045
6842,L,298.7,309.3,1647.0,40.0,93,0,6898.94,3720.0,10.600000000000023
6843,L,301.0,311.8,1275.0,43.2,162,0,5767.96,6998.400000000001,10.800000000000011
6844,L,303.1,312.0,1593.0,44.3,204,0,7390.06,9037.199999999999,8.899999999999977
6845,H,299.0,308.2,1481.0,39.6,117,0,6141.56,4633.2,9.199999999999989
6846,L,298.0,309.0,1685.0,33.1,189,0,5840.59,6255.900000000001,11.0
6847,L,297.7,306.8,1597.0,34.1,128,0,5702.8,4364.8,9.100000000000023
6848,L,298.3,308.2,1714.0,45.1,233,0,8094.98,10508.300000000001,9.899999999999977
6849,L,300.4,312.4,1919.0,33.4,154,0,6711.97,5143.599999999999,12.0
6850,L,295.7,306.7,1395.0,45.5,21,0,6646.82,955.5,11.0
6851,L,300.9,311.0,1707.0,45.8,248,1,8187.05,11358.4,10.100000000000023
6852,H,301.3,312.1,1660.0,55.2,124,0,9595.68,6844.8,10.800000000000011
6853,H,296.4,306.3,1892.0,35.1,110,0,6954.36,3861.0,9.900000000000034
6854,M,298.0,309.1,1664.0,36.7,234,0,6395.11,8587.800000000001,11.100000000000023
6855,L,300.2,308.1,1645.0,16.9,175,0,2911.26,2957.4999999999995,7.900000000000034
6856,L,299.7,309.6,1690.0,30.5,23,0,5397.78,701.5,9.900000000000034
6857,M,301.0,309.0,1702.0,30.4,244,0,5418.28,7417.599999999999,8.0
6858,L,299.7,309.9,1798.0,44.9,150,0,8454.05,6735.0,10.199999999999989
6859,H,302.5,312.3,1391.0,57.9,180,0,8434.01,10422.0,9.800000000000011
6860,M,299.4,310.7,1467.0,45.7,34,0,7020.61,1553.8000000000002,11.300000000000011
6861,L,298.0,308.7,1848.0,49.8,72,0,9637.4,3585.6,10.699999999999989
6862,H,297.9,307.3,1187.0,32.8,154,0,4077.12,5051.2,9.400000000000034
6863,H,301.5,311.1,1522.0,28.0,6,0,4462.74,168.0,9.600000000000023
6864,L,300.1,310.4,1564.0,37.5,151,0,6141.81,5662.5,10.299999999999955
6865,L,301.3,310.7,1506.0,33.7,207,0,5314.76,6975.900000000001,9.399999999999977
6866,L,301.2,311.2,1820.0,31.3,127,0,5965.47,3975.1,10.0
6867,L,296.0,307.3,1623.0,42.1,22,0,7155.32,926.2,11.300000000000011
6868,L,297.7,306.9,1468.0,28.1,6,0,4319.77,168.60000000000002,9.199999999999989
6869,L,298.0,307.5,1424.0,48.1,231,1,7172.72,11111.1,9.5
6870,H,298.4,308.1,1588.0,35.9,55,0,5969.99,1974.5,9.700000000000045
6871,L,299.2,312.3,1746.0,39.4,149,0,7203.92,5870.599999999999,13.100000000000023
6872,L,302.0,312.6,1562.0,40.9,92,0,6690.11,3762.7999999999997,10.600000000000023
6873,M,302.4,313.5,1513.0,35.3,147,0,5592.97,5189.099999999999,11.100000000000023
6874,L,299.4,310.2,1413.0,52.5,228,1,7768.37,11970.0,10.800000000000011
6875,M,299.5,310.3,1604.0,23.9,5,0,4014.49,119.5,10.800000000000011
6876,L,298.6,309.1,1595.0,52.7,30,0,8802.38,1581.0,10.5
6877,L,300.2,310.5,1408.0,36.4,218,0,5367.01,7935.2,10.300000000000011
6878,L,300.4,309.0,1721.0,49.1,104,0,8848.93,5106.400000000001,8.600000000000023
6879,M,301.6,312.0,1843.0,41.9,228,0,8086.64,9553.199999999999,10.399999999999977
6880,L,301.6,311.5,1546.0,48.4,200,1,7835.8,9680.0,9.899999999999977
6881,M,295.4,305.9,1592.0,38.7,189,0,6451.83,7314.3,10.5
6882,L,299.7,309.6,1340.0,42.3,88,0,5935.73,3722.3999999999996,9.900000000000034
6883,L,302.8,313.5,1669.0,50.8,127,0,8878.69,6451.599999999999,10.699999999999989
6884,L,299.1,310.1,1621.0,40.9,119,0,6942.8,4867.099999999999,11.0
6885,H,302.3,309.4,1479.0,53.1,41,0,8224.16,2177.1,7.099999999999966
6886,H,299.4,309.0,1404.0,43.4,101,0,6380.95,4383.4,9.600000000000023
6887,L,300.3,308.5,1868.0,32.6,224,1,6377.1,7302.400000000001,8.199999999999989
6888,L,297.7,308.0,1606.0,36.4,12,0,6121.75,436.79999999999995,10.300000000000011
6889,L,297.8,307.5,1373.0,48.7,100,0,7002.1,4870.0,9.699999999999989
6890,L,301.5,312.8,1691.0,27.6,154,0,4887.44,4250.400000000001,11.300000000000011
6891,L,301.8,312.0,1579.0,47.8,82,0,7903.85,3919.6,10.199999999999989
6892,H,300.1,309.6,1548.0,36.3,79,0,5884.45,2867.7,9.5
6893,H,297.5,308.5,1713.0,27.1,46,0,4861.33,1246.6000000000001,11.0
6894,L,300.1,309.8,1070.0,42.0,184,0,4706.11,7728.0,9.699999999999989
6895,L,302.5,312.0,1214.0,32.9,77,0,4182.57,2533.2999999999997,9.5
6896,M,303.5,313.9,1784.0,34.2,237,1,6389.25,8105.400000000001,10.399999999999977
6897,M,299.4,311.0,1514.0,33.7,3,0,5342.99,101.10000000000001,11.600000000000023
6898,L,296.7,307.5,1461.0,41.0,102,0,6272.82,4182.0,10.800000000000011
6899,L,301.7,312.2,1298.0,36.0,149,0,4893.34,5364.0,10.5
6900,L,299.4,312.2,1572.0,43.8,110,0,7210.33,4818.0,12.800000000000011
6901,L,301.9,311.2,1594.0,50.0,53,0,8346.16,2650.0,9.300000000000011
6902,L,300.6,309.8,1795.0,45.3,228,0,8515.13,10328.4,9.199999999999989
6903,L,298.2,308.4,1604.0,57.9,128,0,9725.49,7411.2,10.199999999999989
6904,M,300.1,311.6,1483.0,60.3,178,0,9364.55,10733.4,11.5
6905,L,302.6,311.7,1610.0,37.0,212,0,6238.16,7844.0,9.099999999999966
6906,L,299.7,311.5,1736.0,28.4,113,0,5162.94,3209.2,11.800000000000011
6907,L,297.9,306.5,1697.0,37.0,62,0,6575.25,2294.0,8.600000000000023
6908,M,296.8,306.7,1649.0,41.1,29,0,7097.27,1191.9,9.899999999999977
6909,M,298.5,308.6,1587.0,62.1,90,0,10320.41,5589.0,10.100000000000023
6910,L,299.2,308.3,1433.0,36.2,237,0,5432.3,8579.400000000001,9.100000000000023
6911,L,301.6,311.0,1353.0,42.7,161,0,6049.98,6874.700000000001,9.399999999999977
6912,H,297.8,308.6,1324.0,33.1,28,0,4589.28,926.8000000000001,10.800000000000011
6913,L,303.1,314.5,1608.0,36.4,67,0,6129.37,2438.7999999999997,11.399999999999977
6914,L,297.3,305.2,1627.0,27.8,198,0,4736.54,5504.400000000001,7.899999999999977
6915,L,304.7,314.8,1733.0,25.3,224,0,4591.43,5667.2,10.100000000000023
6916,L,303.5,313.3,1638.0,53.5,56,0,9176.91,2996.0,9.800000000000011
6917,L,300.3,310.4,1726.0,50.5,203,0,9127.69,10251.5,10.099999999999966
6918,H,296.7,306.4,1514.0,36.2,32,0,5739.35,1158.4,9.699999999999989
6919,M,299.9,308.6,1675.0,50.5,109,0,8857.98,5504.5,8.700000000000045
6920,L,299.2,310.8,1358.0,26.9,215,0,3825.43,5783.5,11.600000000000023
6921,H,297.5,308.6,1527.0,38.2,101,0,6108.45,3858.2000000000003,11.100000000000023
6922,L,300.6,310.5,1210.0,41.6,192,0,5271.17,7987.200000000001,9.899999999999977
6923,L,298.4,307.9,1543.0,52.5,118,0,8483.09,6195.0,9.5
6924,L,298.6,308.0,1757.0,41.9,161,0,7709.29,6745.9,9.399999999999977
6925,M,299.6,307.0,1550.0,45.3,208,0,7352.9,9422.4,7.399999999999977
6926,L,298.9,309.2,1667.0,35.2,103,0,6144.79,3625.6000000000004,10.300000000000011
6927,L,304.2,314.9,1586.0,42.5,49,0,7058.64,2082.5,10.699999999999989
6928,M,298.9,309.1,1435.0,52.5,184,0,7889.32,9660.0,10.200000000000045
6929,M,300.9,310.8,1504.0,23.8,85,0,3748.46,2023.0,9.900000000000034
6930,M,300.3,310.4,1749.0,51.2,48,0,9377.53,2457.6000000000004,10.099999999999966
6931,L,300.7,309.9,1666.0,37.8,175,0,6594.71,6614.999999999999,9.199999999999989
6932,L,300.9,310.4,1427.0,25.9,218,0,3870.37,5646.2,9.5
6933,L,301.8,311.6,1289.0,37.2,206,0,5021.4,7663.200000000001,9.800000000000011
6934,L,300.5,311.2,1575.0,52.7,78,0,8692.0,4110.6,10.699999999999989
6935,H,300.4,311.8,1433.0,35.1,183,0,5267.23,6423.3,11.400000000000034
6936,L,300.1,309.9,1506.0,42.9,86,0,6765.67,3689.4,9.799999999999955
6937,L,299.7,308.7,1277.0,23.8,139,0,3182.71,3308.2000000000003,9.0
6938,M,298.2,308.2,1724.0,21.7,218,0,3917.65,4730.599999999999,10.0
6939,L,299.9,311.9,1520.0,29.2,112,0,4647.88,3270.4,12.0
6940,L,300.5,309.5,1547.0,50.0,55,0,8100.07,2750.0,9.0
6941,M,300.8,311.7,1388.0,39.4,241,0,5726.83,9495.4,10.899999999999977
6942,M,300.4,311.7,1488.0,50.9,231,0,7931.39,11757.9,11.300000000000011
6943,M,299.5,309.2,1559.0,51.4,136,0,8391.47,6990.4,9.699999999999989
6944,L,299.9,309.2,1428.0,32.3,110,0,4830.14,3552.9999999999995,9.300000000000011
6945,L,298.9,309.5,1499.0,55.5,108,0,8712.11,5994.0,10.600000000000023
6946,M,300.6,311.0,1786.0,34.5,156,0,6452.52,5382.0,10.399999999999977
6947,L,299.6,310.3,1224.0,49.9,164,0,6396.03,8183.599999999999,10.699999999999989
6948,L,300.4,312.4,1571.0,49.5,148,0,8143.48,7326.0,12.0
6949,M,302.0,312.2,1397.0,40.5,118,0,5924.89,4779.0,10.199999999999989
6950,L,298.6,307.4,1777.0,40.6,0,0,7555.13,0.0,8.799999999999955
6951,M,301.2,311.3,1505.0,43.1,244,0,6792.7,10516.4,10.100000000000023
6952,L,300.1,310.3,1350.0,41.0,75,0,5796.24,3075.0,10.199999999999989
6953,L,304.0,315.3,1499.0,36.0,64,0,5651.1,2304.0,11.300000000000011
6954,L,299.6,309.4,1600.0,35.2,154,0,5897.82,5420.8,9.799999999999955
6955,M,301.4,311.0,2026.5,36.1,23,0,7660.95,830.3000000000001,9.600000000000023
6956,L,300.0,308.7,1160.0,52.0,87,0,6316.7,4524.0,8.699999999999989
6957,L,297.2,307.8,1323.0,24.1,176,0,3338.92,4241.6,10.600000000000023
6958,M,299.0,312.3,1771.0,35.0,33,0,6491.05,1155.0,13.300000000000011
6959,M,301.8,311.5,1267.0,36.7,102,0,4869.35,3743.4,9.699999999999989
6960,H,299.1,309.6,1539.0,37.6,118,0,6059.76,4436.8,10.5
6961,L,295.6,305.0,1451.0,42.9,123,0,6518.58,5276.7,9.399999999999977
6962,L,299.9,308.7,1423.0,26.5,56,0,3948.93,1484.0,8.800000000000011
6963,H,297.8,308.2,1507.0,50.1,226,0,7906.41,11322.6,10.399999999999977
6964,M,300.3,310.3,1478.0,48.7,49,0,7537.58,2386.3,10.0
6965,L,303.1,310.7,1727.0,46.6,173,0,8427.66,8061.8,7.599999999999966
6966,L,301.5,313.1,1775.0,37.8,9,0,7026.17,340.2,11.600000000000023
6967,M,303.1,313.5,1614.0,32.5,127,0,5493.07,4127.5,10.399999999999977
6968,L,298.9,309.0,1495.0,36.7,215,0,5745.61,7890.500000000001,10.100000000000023
6969,M,299.7,309.3,1584.0,40.5,90,0,6717.98,3645.0,9.600000000000023
6970,L,297.9,308.3,1682.0,46.5,6,0,8190.45,279.0,10.400000000000034
6971,L,298.6,309.1,1717.0,39.1,141,0,7030.33,5513.1,10.5
6972,M,298.1,308.5,1604.0,43.5,226,0,7306.72,9831.0,10.399999999999977
6973,L,297.4,308.5,1811.0,35.6,234,1,6751.45,8330.4,11.100000000000023
6974,L,302.7,314.0,1427.0,42.8,142,0,6395.82,6077.599999999999,11.300000000000011
6975,L,295.8,307.8,1742.0,37.4,50,0,6822.58,1870.0,12.0
6976,L,302.7,311.9,1664.0,42.6,182,0,7423.21,7753.2,9.199999999999989
6977,M,302.5,311.9,1428.0,22.3,124,0,3334.74,2765.2000000000003,9.399999999999977
6978,M,301.0,311.4,1579.0,44.8,107,0,7407.79,4793.599999999999,10.399999999999977
6979,M,297.8,307.0,1591.0,45.3,159,0,7547.39,7202.7,9.199999999999989
6980,L,296.8,306.2,1512.0,45.2,186,0,7156.8,8407.2,9.399999999999977
6981,L,298.9,309.4,1510.0,30.1,100,0,4759.62,3010.0,10.5
6982,L,301.3,312.2,1265.0,32.8,72,0,4345.03,2361.6,10.899999999999977
6983,H,300.0,311.3,1414.0,31.2,249,0,4619.9,7768.8,11.300000000000011
6984,M,297.9,307.7,1495.0,43.2,38,0,6763.22,1641.6000000000001,9.800000000000011
6985,M,302.3,312.8,1435.0,46.5,174,0,6987.69,8091.0,10.5
6986,L,303.4,313.6,1384.0,33.0,32,0,4782.76,1056.0,10.200000000000045
6987,L,299.5,309.6,1727.0,53.0,32,0,9585.1,1696.0,10.100000000000023
6988,L,300.2,309.4,1519.0,52.9,37,0,8414.77,1957.3,9.199999999999989
6989,L,297.0,306.0,1925.0,41.3,223,0,8325.48,9209.9,9.0
6990,L,299.2,309.8,1577.0,43.6,20,0,7200.24,872.0,10.600000000000023
6991,H,301.0,310.2,1724.0,23.2,68,0,4188.46,1577.6,9.199999999999989
6992,L,300.7,308.9,1500.0,34.6,170,0,5434.96,5882.0,8.199999999999989
6993,L,299.0,309.0,1419.0,27.4,10,0,4071.57,274.0,10.0
6994,L,299.5,310.9,1585.0,30.8,220,0,5112.21,6776.0,11.399999999999977
6995,H,299.1,306.3,1769.0,45.0,187,0,8336.22,8415.0,7.199999999999989
6996,L,299.4,309.2,1522.0,47.4,173,0,7554.78,8200.199999999999,9.800000000000011
6997,M,300.8,311.5,1617.0,47.8,125,0,8094.06,5975.0,10.699999999999989
6998,H,296.1,304.2,1584.0,42.3,199,0,7016.56,8417.699999999999,8.099999999999966
6999,L,299.9,309.6,1520.0,45.1,218,0,7178.75,9831.800000000001,9.700000000000045
7000,M,300.7,309.6,1529.0,24.1,55,0,3858.81,1325.5,8.900000000000034
7001,L,298.9,307.9,1359.0,27.1,237,0,3856.71,6422.700000000001,9.0
7002,L,299.0,308.6,1536.0,37.8,40,0,6080.11,1512.0,9.600000000000023
7003,M,299.1,308.0,1654.0,45.9,106,0,7950.18,4865.4,8.899999999999977
7004,M,299.0,307.8,1590.0,35.4,42,0,5894.26,1486.8,8.800000000000011
7005,L,300.0,310.0,1570.0,26.3,51,0,4323.98,1341.3,10.0
7006,L,300.3,312.5,1667.0,33.0,244,0,5760.74,8052.0,12.199999999999989
7007,L,295.8,306.6,1572.0,30.6,47,0,5037.36,1438.2,10.800000000000011
7008,L,301.3,312.3,1540.0,22.7,11,0,3660.79,249.7,11.0
7009,L,299.4,310.2,1669.0,62.1,134,0,10853.67,8321.4,10.800000000000011
7010,L,303.9,313.2,1562.0,52.2,98,0,8538.47,5115.6,9.300000000000011
7011,L,297.6,307.9,1495.0,20.2,43,0,3162.43,868.6,10.299999999999955
7012,M,298.3,309.4,1621.0,20.8,133,0,3530.82,2766.4,11.099999999999966
7013,L,299.6,310.4,1531.0,31.9,146,0,5114.4,4657.4,10.799999999999955
7014,L,300.8,311.0,1487.0,25.1,227,0,3908.53,5697.700000000001,10.199999999999989
7015,L,296.1,306.6,1565.0,63.6,105,0,10423.18,6678.0,10.5
7016,M,298.3,310.8,1567.0,31.9,231,0,5234.66,7368.9,12.5
7017,L,301.2,312.0,1340.0,43.5,105,0,6104.11,4567.5,10.800000000000011
7018,L,298.1,307.8,1597.0,34.9,143,0,5836.59,4990.7,9.699999999999989
7019,L,302.7,312.7,1868.0,28.3,138,0,5535.95,3905.4,10.0
7020,M,299.1,308.0,1362.0,50.3,99,0,7174.2,4979.7,8.899999999999977
7021,L,298.2,310.5,1448.0,46.4,58,0,7035.83,2691.2,12.300000000000011
7022,M,301.2,312.8,2026.5,39.3,91,0,8340.03,3576.2999999999997,11.600000000000023
7023,H,303.2,313.3,1390.0,63.6,236,1,9257.65,15009.6,10.100000000000023
7024,M,300.8,313.0,1768.0,42.2,123,0,7813.1,5190.6,12.199999999999989
7025,M,302.5,313.2,1497.0,35.4,115,0,5549.5,4071.0,10.699999999999989
7026,L,303.4,312.9,1548.0,59.0,86,0,9564.26,5074.0,9.5
7027,L,298.2,309.1,1514.0,43.9,162,0,6960.16,7111.8,10.900000000000034
7028,H,301.9,312.3,1614.0,56.1,59,0,9481.89,3309.9,10.400000000000034
7029,L,297.0,307.8,1255.0,39.5,162,0,5191.22,6399.0,10.800000000000011
7030,L,300.8,309.5,1571.0,13.34999999999999,144,0,2196.27,1922.3999999999987,8.699999999999989
7031,M,299.9,309.0,1465.0,24.4,166,0,3743.31,4050.3999999999996,9.100000000000023
7032,L,302.5,314.0,1204.0,50.7,234,1,6392.39,11863.800000000001,11.5
7033,L,302.3,314.0,1738.0,34.0,131,0,6188.1,4454.0,11.699999999999989
7034,L,301.1,312.6,1160.0,42.4,175,0,5150.54,7420.0,11.5
7035,L,300.6,312.8,1922.0,51.2,198,0,10305.09,10137.6,12.199999999999989
7036,M,301.0,311.6,1648.0,41.7,47,0,7196.51,1959.9,10.600000000000023
7037,L,300.1,310.6,1294.0,31.3,81,0,4241.38,2535.3,10.5
7038,L,299.9,309.0,1777.0,39.8,244,0,7406.26,9711.199999999999,9.100000000000023
7039,L,302.9,312.3,1403.0,41.0,107,0,6023.79,4387.0,9.400000000000034
7040,M,303.1,311.1,1411.0,35.8,61,0,5289.79,2183.7999999999997,8.0
7041,M,299.7,309.4,1215.0,26.1,126,0,3320.82,3288.6000000000004,9.699999999999989
7042,L,300.5,308.4,1383.0,36.4,22,0,5271.72,800.8,7.899999999999977
7043,M,300.2,311.2,1404.0,39.0,187,0,5734.03,7293.0,11.0
7044,L,296.8,307.2,1684.0,25.5,155,0,4496.88,3952.5,10.399999999999977
7045,H,299.3,307.3,1746.0,30.8,104,0,5631.49,3203.2000000000003,8.0
7046,L,303.2,313.0,1315.0,32.8,41,0,4516.77,1344.8,9.800000000000011
7047,M,298.5,310.5,1586.0,21.4,227,0,3554.23,4857.799999999999,12.0
7048,L,304.2,314.1,1208.0,41.2,165,0,5211.86,6798.000000000001,9.900000000000034
7049,L,302.3,311.3,1587.0,42.3,82,0,7029.85,3468.6,9.0
7050,L,300.8,309.0,1925.0,34.5,241,0,6954.7,8314.5,8.199999999999989
7051,M,301.1,309.4,1219.0,26.3,57,1,3357.28,1499.1000000000001,8.299999999999955
7052,L,298.2,308.7,1356.0,44.0,235,0,6248.0,10340.0,10.5
7053,H,299.5,309.0,1668.0,45.3,190,0,7912.67,8607.0,9.5
7054,L,302.9,312.5,1689.0,40.9,186,0,7234.05,7607.4,9.600000000000023
7055,L,298.8,308.3,1369.0,40.3,241,0,5777.46,9712.3,9.5
7056,L,302.1,312.0,1801.0,45.8,20,0,8637.89,916.0,9.899999999999977
7057,M,297.2,306.0,1392.0,38.9,226,0,5670.45,8791.4,8.800000000000011
7058,L,297.6,307.9,1837.0,30.8,49,0,5925.0,1509.2,10.299999999999955
7059,M,303.8,312.4,1621.0,39.2,129,0,6654.23,5056.8,8.599999999999966
7060,H,300.0,309.2,1765.0,36.0,242,0,6653.89,8712.0,9.199999999999989
7061,H,298.9,309.9,1604.0,39.2,80,0,6584.44,3136.0,11.0
7062,L,302.7,313.1,1655.0,48.7,74,0,8440.26,3603.8,10.400000000000034
7063,M,302.5,313.2,1665.0,27.9,12,0,4864.6,334.79999999999995,10.699999999999989
7064,M,301.8,314.0,1742.0,41.7,55,0,7606.99,2293.5,12.199999999999989
7065,L,298.9,308.8,1532.0,27.4,232,0,4395.8,6356.799999999999,9.900000000000034
7066,M,299.4,309.4,1376.0,30.8,219,0,4438.11,6745.2,10.0
7067,L,300.6,310.4,1523.0,55.6,16,0,8867.54,889.6,9.799999999999955
7068,L,301.4,310.9,1418.0,44.5,44,0,6607.92,1958.0,9.5
7069,L,299.0,308.0,1430.0,41.5,52,0,6214.59,2158.0,9.0
7070,L,300.3,310.4,1834.0,23.4,87,0,4494.11,2035.8,10.099999999999966
7071,L,300.5,310.9,1649.0,37.6,236,0,6492.88,8873.6,10.399999999999977
7072,L,302.6,313.0,1641.0,19.3,225,0,3316.61,4342.5,10.399999999999977
7073,M,301.5,311.6,1730.0,40.3,240,0,7300.96,9672.0,10.100000000000023
7074,L,297.0,307.9,1648.0,27.5,36,0,4745.9,990.0,10.899999999999977
7075,L,299.6,309.6,1872.0,45.5,141,0,8919.61,6415.5,10.0
7076,L,298.1,307.7,1163.0,41.5,112,0,5054.25,4648.0,9.599999999999966
7077,L,301.1,310.2,1359.0,27.8,197,0,3956.33,5476.6,9.099999999999966
7078,M,301.8,310.3,1412.0,43.7,168,0,6461.67,7341.6,8.5
7079,L,300.2,311.7,1291.0,60.8,183,1,8219.75,11126.4,11.5
7080,M,299.5,308.8,1558.0,37.9,171,0,6183.51,6480.9,9.300000000000011
7081,L,300.1,309.2,1566.0,48.7,149,0,7986.37,7256.3,9.099999999999966
7082,M,300.4,310.0,1891.0,19.0,83,0,3762.48,1577.0,9.600000000000023
7083,L,298.7,308.4,1699.0,44.6,150,0,7935.18,6690.0,9.699999999999989
7084,L,297.6,309.2,1447.0,34.2,171,0,5182.31,5848.200000000001,11.599999999999966
7085,M,295.9,305.6,1626.0,37.2,159,0,6334.2,5914.8,9.700000000000045
7086,L,302.5,315.2,1210.0,45.8,213,0,5803.36,9755.4,12.699999999999989
7087,M,301.0,311.1,1563.0,37.5,230,0,6137.89,8625.0,10.100000000000023
7088,M,300.7,312.8,1553.0,23.8,113,0,3870.59,2689.4,12.100000000000023
7089,L,302.5,313.4,1376.0,55.1,86,0,7939.6,4738.6,10.899999999999977
7090,L,297.5,307.9,1501.0,25.5,126,0,4008.2,3213.0,10.399999999999977
7091,L,296.5,308.1,1414.0,31.5,249,0,4664.32,7843.5,11.600000000000023
7092,H,300.8,311.9,1371.0,41.2,83,0,5915.12,3419.6000000000004,11.099999999999966
7093,M,300.6,311.2,1658.0,41.3,164,0,7170.73,6773.2,10.599999999999966
7094,L,296.5,308.9,1723.0,44.2,234,0,7975.1,10342.800000000001,12.399999999999977
7095,L,300.7,310.2,1629.0,41.2,45,0,7028.25,1854.0000000000002,9.5
7096,L,299.2,308.2,1459.0,51.3,38,0,7837.93,1949.3999999999999,9.0
7097,M,298.4,307.7,1419.0,44.8,249,0,6657.16,11155.199999999999,9.300000000000011
7098,L,299.3,311.1,1465.0,28.1,106,0,4310.95,2978.6000000000004,11.800000000000011
7099,L,295.1,306.6,1498.0,14.0,161,0,2196.18,2254.0,11.5
7100,M,298.8,308.3,1381.0,41.4,80,0,5987.18,3312.0,9.5
7101,L,298.6,306.2,1726.0,54.5,206,1,9850.67,11227.0,7.599999999999966
7102,L,301.1,310.9,1501.0,27.4,84,0,4306.85,2301.6,9.799999999999955
7103,H,299.7,308.7,1674.0,29.4,121,0,5153.85,3557.3999999999996,9.0
7104,M,301.3,310.8,1287.0,43.4,0,0,5849.21,0.0,9.5
7105,L,294.9,303.85,1414.0,44.7,108,0,6618.9,4827.6,8.950000000000045
7106,L,298.3,306.7,1691.0,51.1,165,0,9048.84,8431.5,8.399999999999977
7107,L,301.1,313.0,1694.0,56.2,97,0,9969.61,5451.400000000001,11.899999999999977
7108,L,299.4,308.7,1322.0,42.3,156,0,5855.99,6598.799999999999,9.300000000000011
7109,M,301.7,313.1,1592.0,30.7,193,0,5118.12,5925.099999999999,11.400000000000034
7110,L,296.4,306.2,1596.0,31.0,147,0,5181.11,4557.0,9.800000000000011
7111,M,301.5,310.3,1411.0,34.5,41,0,5097.71,1414.5,8.800000000000011
7112,H,298.7,309.2,1601.0,50.2,241,1,8416.35,12098.2,10.5
7113,L,298.5,308.1,1255.0,34.9,56,0,4586.67,1954.3999999999999,9.600000000000023
7114,L,302.0,311.8,1372.0,49.5,235,1,7111.94,11632.5,9.800000000000011
7115,L,302.3,312.5,1645.0,24.7,114,0,4254.92,2815.7999999999997,10.199999999999989
7116,H,302.1,311.3,1543.0,42.8,76,0,6915.73,3252.7999999999997,9.199999999999989
7117,M,304.1,312.5,1552.0,32.4,7,0,5265.81,226.79999999999998,8.399999999999977
7118,L,302.5,312.5,1506.0,45.1,214,1,7112.63,9651.4,10.0
7119,M,298.4,309.4,1634.0,37.3,58,0,6382.48,2163.3999999999996,11.0
7120,L,300.3,309.4,1642.0,47.8,239,1,8219.2,11424.199999999999,9.099999999999966
7121,H,299.3,309.4,1679.0,35.6,138,0,6259.35,4912.8,10.099999999999966
7122,L,304.1,315.6,1560.0,39.6,86,0,6469.17,3405.6,11.5
7123,L,302.2,312.1,1468.0,47.9,243,1,7363.6,11639.699999999999,9.900000000000034
7124,M,299.6,309.7,1438.0,38.9,35,0,5857.83,1361.5,10.099999999999966
7125,L,301.8,311.8,1348.0,40.5,27,0,5717.07,1093.5,10.0
7126,L,297.5,306.9,1465.0,47.5,80,0,7287.19,3800.0,9.399999999999977
7127,L,300.5,309.5,1429.0,39.1,71,0,5851.1,2776.1,9.0
7128,L,298.1,307.1,1824.0,24.1,0,0,4603.31,0.0,9.0
7129,L,296.6,307.0,1350.0,34.2,92,0,4834.91,3146.4,10.399999999999977
7130,H,301.6,312.3,1723.0,20.7,179,0,3734.95,3705.2999999999997,10.699999999999989
7131,L,301.8,312.6,1490.0,37.4,2,0,5835.61,74.8,10.800000000000011
7132,L,300.9,310.5,1501.0,44.6,12,0,7010.42,535.2,9.600000000000023
7133,M,299.6,310.7,1609.0,41.1,96,0,6925.11,3945.6000000000004,11.099999999999966
7134,L,297.5,307.8,1284.0,53.8,22,0,7233.96,1183.6,10.300000000000011
7135,L,297.7,307.7,1394.0,52.7,214,1,7693.11,11277.800000000001,10.0
7136,M,298.1,304.7,1315.0,42.5,33,1,5852.53,1402.5,6.599999999999966
7137,M,299.5,308.7,1469.0,16.1,153,0,2476.72,2463.3,9.199999999999989
7138,M,302.2,310.6,1375.0,46.6,4,1,6709.92,186.4,8.400000000000034
7139,M,302.1,312.7,1773.0,32.2,135,0,5978.51,4347.0,10.599999999999966
7140,L,296.7,306.8,1433.0,48.7,80,0,7308.09,3896.0,10.100000000000023
7141,H,298.6,307.5,1112.0,43.0,124,0,5007.28,5332.0,8.899999999999977
7142,L,298.6,308.9,1478.0,46.4,152,0,7181.6,7052.8,10.299999999999955
7143,M,294.9,303.85,1682.0,44.9,214,0,7908.62,9608.6,8.950000000000045
7144,L,301.1,310.1,1829.0,63.7,182,1,12200.62,11593.4,9.0
7145,H,299.5,308.8,1496.0,45.1,27,0,7065.4,1217.7,9.300000000000011
7146,M,299.8,310.3,1445.0,27.1,225,0,4100.77,6097.5,10.5
7147,M,302.7,314.1,1535.0,50.6,7,0,8133.69,354.2,11.400000000000034
7148,L,300.2,309.6,1612.0,35.6,234,0,6009.57,8330.4,9.400000000000034
7149,L,299.1,310.5,1335.0,53.3,123,0,7451.39,6555.9,11.399999999999977
7150,M,301.1,311.2,1494.0,55.3,18,0,8651.76,995.4,10.099999999999966
7151,M,302.1,312.4,1529.0,46.1,140,0,7381.37,6454.0,10.299999999999955
7152,L,300.6,310.5,1546.0,27.2,153,0,4403.59,4161.599999999999,9.899999999999977
7153,H,301.4,311.2,1512.0,35.3,166,0,5589.27,5859.799999999999,9.800000000000011
7154,M,299.7,310.1,1370.0,53.3,50,0,7646.74,2665.0,10.400000000000034
7155,L,299.8,310.6,1598.0,59.8,5,0,10007.06,299.0,10.800000000000011
7156,M,300.2,309.3,1530.0,40.5,12,0,6488.96,486.0,9.100000000000023
7157,L,298.5,308.3,1529.0,37.2,240,0,5956.33,8928.0,9.800000000000011
7158,L,298.9,310.5,1344.0,28.1,51,0,3954.89,1433.1000000000001,11.600000000000023
7159,L,302.8,312.9,1652.0,28.3,248,0,4895.82,7018.400000000001,10.099999999999966
7160,L,304.0,314.3,1368.0,42.2,246,0,6045.43,10381.2,10.300000000000011
7161,M,303.2,314.4,1827.0,46.9,86,0,8973.05,4033.4,11.199999999999989
7162,L,297.4,306.9,1326.0,25.1,35,0,3485.35,878.5,9.5
7163,M,297.2,307.1,1674.0,48.2,121,0,8449.5,5832.200000000001,9.900000000000034
7164,M,297.6,308.4,1196.0,53.6,106,0,6713.12,5681.6,10.799999999999955
7165,M,300.3,311.5,1133.0,46.2,144,0,5481.51,6652.8,11.199999999999989
7166,L,294.4000000000001,303.85,1438.0,56.4,192,0,8493.11,10828.8,9.449999999999932
7167,M,298.8,308.1,1133.0,43.4,42,0,5149.3,1822.8,9.300000000000011
7168,L,302.8,311.8,1668.0,43.5,242,0,7598.26,10527.0,9.0
7169,L,302.0,311.8,1534.0,43.3,140,0,6955.72,6062.0,9.800000000000011
7170,L,299.0,308.1,1788.0,53.4,91,0,9998.56,4859.4,9.100000000000023
7171,L,299.1,309.8,1508.0,45.3,190,0,7153.66,8607.0,10.699999999999989
7172,M,301.1,311.3,1581.0,34.6,182,0,5728.44,6297.2,10.199999999999989
7173,L,301.9,312.8,1489.0,44.1,205,0,6876.41,9040.5,10.900000000000034
7174,M,298.9,309.9,1381.0,44.2,111,0,6392.11,4906.200000000001,11.0
7175,L,299.5,310.2,1465.0,37.8,141,0,5799.07,5329.799999999999,10.699999999999989
7176,L,298.9,308.5,1322.0,50.1,198,0,6935.82,9919.800000000001,9.600000000000023
7177,H,297.3,307.4,1607.0,40.8,100,0,6866.01,4079.9999999999995,10.099999999999966
7178,M,299.6,309.1,1482.0,46.9,40,0,7278.63,1876.0,9.5
7179,L,299.4,308.0,1520.0,45.0,170,0,7162.83,7650.0,8.600000000000023
7180,L,297.5,308.4,2026.5,32.7,190,0,6939.42,6213.000000000001,10.899999999999977
7181,L,301.3,311.2,1465.0,30.1,81,0,4617.77,2438.1,9.899999999999977
7182,L,301.0,309.5,1594.0,32.8,168,0,5475.08,5510.4,8.5
7183,M,301.4,311.9,1528.0,39.1,8,0,6256.46,312.8,10.5
7184,M,298.5,308.2,1745.0,55.8,229,1,10196.67,12778.199999999999,9.699999999999989
7185,L,296.0,304.0,1580.0,39.4,147,0,6519.01,5791.8,8.0
7186,H,300.9,309.6,1489.0,43.6,148,0,6798.45,6452.8,8.700000000000045
7187,L,298.7,308.0,1948.0,48.6,101,0,9914.11,4908.6,9.300000000000011
7188,L,298.2,308.4,1384.0,36.3,99,0,5261.04,3593.7,10.199999999999989
7189,L,297.5,308.3,1503.0,35.8,24,1,5634.7,859.1999999999999,10.800000000000011
7190,M,299.4,310.2,1702.0,50.4,234,1,8982.94,11793.6,10.800000000000011
7191,L,303.2,313.8,1391.0,45.6,193,0,6642.33,8800.800000000001,10.600000000000023
7192,L,299.0,309.0,1675.0,34.3,235,0,6016.41,8060.499999999999,10.0
7193,L,297.8,309.5,1452.0,35.8,29,0,5443.5,1038.1999999999998,11.699999999999989
7194,L,301.3,312.0,1717.0,40.7,127,0,7318.02,5168.900000000001,10.699999999999989
7195,M,300.3,310.6,1712.0,43.2,71,0,7744.91,3067.2000000000003,10.300000000000011
7196,L,295.8,306.3,1521.0,52.3,24,0,8330.28,1255.1999999999998,10.5
7197,L,301.3,310.9,1358.0,45.2,93,0,6427.87,4203.6,9.599999999999966
7198,M,304.3,314.2,1467.0,30.1,157,0,4624.08,4725.7,9.899999999999977
7199,H,294.8,303.85,1535.0,32.1,204,0,5159.91,6548.400000000001,9.050000000000011
7200,H,297.5,307.1,1697.0,43.0,30,0,7641.51,1290.0,9.600000000000023
7201,L,294.4000000000001,306.1,1595.0,41.3,95,0,6898.26,3923.4999999999995,11.699999999999932
7202,L,299.8,310.0,1634.0,31.5,35,0,5390.03,1102.5,10.199999999999989
7203,L,302.0,312.1,1600.0,50.4,168,0,8444.6,8467.199999999999,10.100000000000023
7204,L,300.2,311.2,1689.0,17.5,60,0,3095.25,1050.0,11.0
7205,H,302.8,313.1,1502.0,43.2,156,0,6794.89,6739.200000000001,10.300000000000011
7206,L,301.7,310.9,1567.0,24.5,239,0,4020.35,5855.5,9.199999999999989
7207,L,303.4,313.4,1543.0,48.7,161,0,7869.07,7840.700000000001,10.0
7208,L,302.3,311.2,1459.0,37.3,18,0,5698.92,671.4,8.899999999999977
7209,L,299.2,309.4,1719.0,47.3,217,0,8514.63,10264.099999999999,10.199999999999989
7210,M,300.1,309.3,1715.0,36.0,4,0,6465.4,144.0,9.199999999999989
7211,L,298.3,309.2,1753.0,53.1,147,0,9747.77,7805.7,10.899999999999977
7212,L,299.5,309.0,1401.0,21.3,205,0,3124.97,4366.5,9.5
7213,L,300.1,309.3,1600.0,48.7,234,1,8159.76,11395.800000000001,9.199999999999989
7214,L,299.8,309.7,1733.0,33.8,28,0,6134.0,946.3999999999999,9.899999999999977
7215,L,302.7,313.0,1807.0,43.6,2,0,8250.37,87.2,10.300000000000011
7216,M,299.3,308.1,1267.0,44.1,83,0,5851.18,3660.3,8.800000000000011
7217,L,298.1,307.6,1537.0,26.0,24,0,4184.81,624.0,9.5
7218,M,298.3,308.4,1504.0,49.8,232,0,7843.43,11553.599999999999,10.099999999999966
7219,H,301.3,312.6,1822.0,43.8,68,0,8357.01,2978.3999999999996,11.300000000000011
7220,H,297.2,304.7,1142.0,41.1,54,1,4915.15,2219.4,7.5
7221,H,299.6,310.2,1350.0,43.7,183,0,6177.94,7997.1,10.599999999999966
7222,L,302.7,312.3,1794.0,41.1,156,0,7721.34,6411.6,9.600000000000023
7223,L,300.6,310.1,1453.0,48.2,241,1,7334.01,11616.2,9.5
7224,L,299.9,309.2,1305.0,35.2,124,0,4810.41,4364.8,9.300000000000011
7225,M,299.9,309.6,1808.0,48.2,232,0,9125.87,11182.400000000001,9.700000000000045
7226,H,297.9,308.6,1281.0,45.6,40,0,6117.06,1824.0,10.700000000000045
7227,M,298.3,307.7,1720.0,38.2,129,0,6880.51,4927.8,9.399999999999977
7228,L,299.6,311.3,1258.0,58.3,5,0,7680.29,291.5,11.699999999999989
7229,H,300.5,311.2,1279.0,44.4,227,0,5946.78,10078.8,10.699999999999989
7230,L,301.9,312.1,1573.0,41.8,186,0,6885.47,7774.799999999999,10.200000000000045
7231,L,300.2,310.0,1386.0,45.6,192,0,6618.46,8755.2,9.800000000000011
7232,L,302.7,313.9,1586.0,38.9,30,0,6460.73,1167.0,11.199999999999989
7233,L,303.2,314.5,1860.0,51.9,90,0,10109.02,4671.0,11.300000000000011
7234,L,301.6,310.4,1510.0,39.7,108,0,6277.64,4287.6,8.799999999999955
7235,L,302.4,311.7,1829.0,48.1,100,0,9212.71,4810.0,9.300000000000011
7236,L,298.0,308.7,1596.0,29.3,45,0,4896.99,1318.5,10.699999999999989
7237,M,297.7,308.6,1709.0,22.0,59,0,3937.25,1298.0,10.900000000000034
7238,M,301.0,310.7,1116.0,43.9,45,0,5130.47,1975.5,9.699999999999989
7239,M,297.3,306.6,1651.0,36.1,18,0,6241.41,649.8000000000001,9.300000000000011
7240,L,299.4,309.5,1624.0,38.0,0,0,6462.47,0.0,10.100000000000023
7241,M,301.5,313.0,1473.0,16.6,222,0,2560.59,3685.2000000000003,11.5
7242,H,302.8,312.9,1877.0,56.8,17,0,11164.55,965.5999999999999,10.099999999999966
7243,L,299.5,308.2,1449.0,40.9,134,0,6206.12,5480.599999999999,8.699999999999989
7244,L,298.7,308.8,1250.0,53.2,112,0,6963.86,5958.400000000001,10.100000000000023
7245,L,300.6,311.4,1677.0,26.0,159,0,4565.99,4134.0,10.799999999999955
7246,L,297.9,307.8,1283.0,40.9,226,0,5495.14,9243.4,9.900000000000034
7247,M,299.7,310.9,1551.0,44.0,223,0,7146.49,9812.0,11.199999999999989
7248,M,300.0,310.8,1777.0,41.2,58,0,7666.78,2389.6000000000004,10.800000000000011
7249,L,299.9,309.9,1627.0,42.2,64,0,7190.0,2700.8,10.0
7250,M,300.2,310.2,1493.0,26.1,224,0,4080.65,5846.400000000001,10.0
7251,M,298.3,306.5,1475.0,43.1,11,0,6657.3,474.1,8.199999999999989
7252,H,298.5,309.8,1764.0,31.5,172,0,5818.86,5418.0,11.300000000000011
7253,L,298.5,308.2,1319.0,33.7,151,0,4654.82,5088.700000000001,9.699999999999989
7254,H,296.8,306.4,1676.0,40.1,181,0,7037.96,7258.1,9.599999999999966
7255,L,300.7,310.1,1930.0,36.4,3,0,7356.77,109.19999999999999,9.400000000000034
7256,L,301.8,312.2,1635.0,37.0,78,0,6335.02,2886.0,10.399999999999977
7257,L,301.6,310.5,1495.0,51.1,223,1,8000.01,11395.300000000001,8.899999999999977
7258,L,299.5,308.5,1509.0,38.3,23,0,6052.25,880.9,9.0
7259,M,298.4,308.3,1452.0,35.9,22,0,5458.71,789.8,9.900000000000034
7260,L,301.5,310.9,1421.0,38.7,88,0,5758.82,3405.6000000000004,9.399999999999977
7261,L,301.3,311.6,1559.0,28.8,176,0,4701.83,5068.8,10.300000000000011
7262,L,300.4,309.8,1659.0,41.5,217,0,7209.8,9005.5,9.400000000000034
7263,M,303.5,315.1,1826.0,47.1,20,0,9006.38,942.0,11.600000000000023
7264,L,299.9,310.6,1187.0,43.0,197,0,5345.0,8471.0,10.700000000000045
7265,M,299.5,310.2,1101.0,40.3,149,0,4646.45,6004.7,10.699999999999989
7266,L,299.2,308.6,1829.0,45.9,121,0,8791.34,5553.9,9.400000000000034
7267,L,296.9,309.3,1548.0,34.4,108,0,5576.45,3715.2,12.400000000000034
7268,L,301.3,310.9,1557.0,40.3,230,0,6570.86,9269.0,9.599999999999966
7269,L,299.8,309.1,1627.0,53.8,228,1,9166.39,12266.4,9.300000000000011
7270,L,301.0,311.7,1504.0,37.0,202,0,5827.44,7474.0,10.699999999999989
7271,L,303.7,313.9,1891.0,46.0,36,0,9109.15,1656.0,10.199999999999989
7272,H,299.2,308.4,1626.0,46.2,29,0,7866.67,1339.8000000000002,9.199999999999989
7273,M,295.3,307.5,1457.0,32.4,30,0,4943.48,972.0,12.199999999999989
7274,L,301.0,311.9,1473.0,46.8,32,0,7219.0,1497.6,10.899999999999977
7275,L,300.3,310.3,1512.0,33.9,108,0,5367.6,3661.2,10.0
7276,M,298.5,310.9,1398.0,44.2,75,0,6470.8,3315.0,12.399999999999977
7277,L,300.8,311.6,1840.0,33.7,154,0,6493.46,5189.8,10.800000000000011
7278,L,301.6,311.6,1560.0,42.7,249,0,6975.59,10632.300000000001,10.0
7279,M,298.1,310.4,1328.0,41.2,77,0,5729.59,3172.4,12.299999999999955
7280,M,299.4,310.1,1610.0,41.0,116,0,6912.55,4756.0,10.700000000000045
7281,L,303.0,313.6,1795.0,42.6,57,0,8007.61,2428.2000000000003,10.600000000000023
7282,L,298.6,308.2,1727.0,34.6,128,0,6257.45,4428.8,9.599999999999966
7283,L,300.1,310.2,1401.0,28.3,63,0,4151.96,1782.9,10.099999999999966
7284,M,294.8,304.3,1339.0,40.7,249,0,5706.94,10134.300000000001,9.5
7285,L,297.0,308.5,1793.0,50.9,108,0,9557.11,5497.2,11.5
7286,L,300.3,308.7,1247.0,45.7,113,1,5967.76,5164.1,8.399999999999977
7287,L,302.5,313.8,1604.0,44.4,112,0,7457.89,4972.8,11.300000000000011
7288,L,297.3,306.4,1436.0,34.8,71,0,5233.14,2470.7999999999997,9.099999999999966
7289,H,300.1,310.1,1773.0,41.8,71,0,7760.93,2967.7999999999997,10.0
7290,M,299.2,309.0,1349.0,31.6,231,0,4464.04,7299.6,9.800000000000011
7291,M,301.9,311.4,1395.0,35.7,220,0,5215.2,7854.000000000001,9.5
7292,L,297.6,308.3,1648.0,43.5,25,0,7507.15,1087.5,10.699999999999989
7293,L,300.9,310.9,1680.0,21.8,89,0,3835.26,1940.2,10.0
7294,L,298.7,308.0,1781.0,57.1,176,0,10649.49,10049.6,9.300000000000011
7295,L,300.4,310.6,1622.0,26.6,211,0,4518.15,5612.6,10.200000000000045
7296,H,300.1,309.4,1600.0,58.7,171,0,9835.28,10037.7,9.299999999999955
7297,L,299.5,309.0,1725.0,31.5,42,0,5690.21,1323.0,9.5
7298,L,301.0,309.5,1292.0,31.4,48,1,4248.35,1507.1999999999998,8.5
7299,L,300.1,309.6,1380.0,35.9,179,0,5188.03,6426.099999999999,9.5
7300,M,299.7,310.2,1307.0,35.5,70,0,4858.84,2485.0,10.5
7301,L,299.3,309.3,1057.0,33.9,159,0,3752.35,5390.099999999999,10.0
7302,L,300.2,312.0,1688.0,36.2,105,0,6398.96,3801.0000000000005,11.800000000000011
7303,L,300.4,313.1,1793.0,40.8,54,0,7660.71,2203.2,12.700000000000045
7304,M,298.0,307.6,1637.0,31.0,112,0,5314.21,3472.0,9.600000000000023
7305,L,299.3,308.5,1606.0,48.3,249,1,8123.09,12026.699999999999,9.199999999999989
7306,H,297.9,309.0,1553.0,54.0,17,0,8782.01,918.0,11.100000000000023
7307,M,299.9,310.3,1547.0,20.5,122,0,3321.03,2501.0,10.400000000000034
7308,L,298.8,310.0,1841.0,58.4,213,1,11258.88,12439.199999999999,11.199999999999989
7309,M,301.5,311.9,1815.0,47.6,186,0,9047.16,8853.6,10.399999999999977
7310,L,301.3,311.2,1433.0,42.5,28,0,6377.69,1190.0,9.899999999999977
7311,H,298.2,308.0,1736.0,34.2,159,0,6217.34,5437.8,9.800000000000011
7312,L,300.0,310.4,1758.0,41.6,181,0,7658.45,7529.6,10.399999999999977
7313,L,301.3,311.1,1654.0,48.8,240,1,8452.48,11712.0,9.800000000000011
7314,L,299.6,310.9,1607.0,65.9,83,0,11089.96,5469.700000000001,11.299999999999955
7315,L,298.5,307.2,1601.0,61.7,30,0,10344.4,1851.0,8.699999999999989
7316,H,297.8,309.0,1272.0,24.7,170,0,3290.13,4199.0,11.199999999999989
7317,L,301.7,309.8,1256.0,37.8,168,1,4971.76,6350.4,8.100000000000023
7318,M,301.8,312.0,1678.0,40.7,135,0,7151.79,5494.5,10.199999999999989
7319,L,299.6,309.3,1341.0,53.3,42,0,7484.88,2238.6,9.699999999999989
7320,H,301.5,310.0,1289.0,39.1,227,1,5277.87,8875.7,8.5
7321,L,294.4000000000001,303.85,1166.0,32.4,178,1,3956.14,5767.2,9.449999999999932
7322,L,302.7,311.6,1452.0,40.4,135,0,6142.94,5454.0,8.900000000000034
7323,L,299.7,309.7,1605.0,36.1,124,0,6067.51,4476.400000000001,10.0
7324,M,300.3,309.7,1619.0,49.7,8,0,8426.2,397.6,9.399999999999977
7325,L,299.4,308.3,1690.0,63.7,77,0,11273.4,4904.900000000001,8.900000000000034
7326,L,302.8,314.1,1467.0,49.0,173,0,7527.57,8477.0,11.300000000000011
7327,L,297.9,306.6,1557.0,49.4,32,0,8054.6,1580.8,8.700000000000045
7328,M,302.9,313.6,1689.0,52.2,57,0,9232.7,2975.4,10.700000000000045
7329,L,300.8,309.9,1621.0,44.4,78,0,7536.93,3463.2,9.099999999999966
7330,L,301.2,310.1,1433.0,35.9,221,0,5387.28,7933.9,8.900000000000034
7331,L,299.3,308.7,1591.0,36.9,93,0,6147.88,3431.7,9.399999999999977
7332,M,297.4,308.0,1182.0,50.8,231,0,6287.96,11734.8,10.600000000000023
7333,H,301.9,310.5,1538.0,42.8,158,0,6893.32,6762.4,8.600000000000023
7334,L,300.6,310.9,1427.0,30.1,196,0,4498.0,5899.6,10.299999999999955
7335,L,302.7,311.8,1809.0,52.9,82,0,10021.27,4337.8,9.100000000000023
7336,L,299.6,308.8,1363.0,32.2,47,0,4596.0,1513.4,9.199999999999989
7337,L,299.2,309.6,1558.0,28.7,105,0,4682.5,3013.5,10.400000000000034
7338,L,302.8,314.9,1461.0,31.2,138,0,4773.46,4305.599999999999,12.099999999999966
7339,M,303.8,312.9,1438.0,43.0,127,0,6475.24,5461.0,9.099999999999966
7340,L,300.0,310.7,1605.0,49.6,228,1,8336.53,11308.800000000001,10.699999999999989
7341,H,298.5,308.2,1463.0,42.4,73,0,6495.89,3095.2,9.699999999999989
7342,L,301.6,311.1,1869.0,34.4,111,0,6732.81,3818.3999999999996,9.5
7343,M,299.5,310.6,1184.0,31.9,127,0,3955.22,4051.2999999999997,11.100000000000023
7344,L,301.2,310.4,1650.0,47.6,99,0,8224.69,4712.400000000001,9.199999999999989
7345,L,299.5,308.3,1522.0,39.0,160,0,6215.96,6240.0,8.800000000000011
7346,L,303.1,313.6,1528.0,43.3,188,0,6928.51,8140.4,10.5
7347,L,298.6,310.2,1592.0,38.5,87,0,6418.48,3349.5,11.599999999999966
7348,L,301.0,311.7,1716.0,42.9,14,0,7709.09,600.6,10.699999999999989
7349,M,299.0,307.6,1585.0,43.8,28,0,7269.96,1226.3999999999999,8.600000000000023
7350,H,299.4,308.8,1717.0,64.1,230,1,11525.42,14742.999999999998,9.400000000000034
7351,L,299.2,310.2,1546.0,43.9,154,0,7107.27,6760.599999999999,11.0
7352,L,301.5,313.1,1352.0,36.0,19,0,5096.92,684.0,11.600000000000023
7353,L,301.8,312.1,1522.0,41.6,163,0,6630.35,6780.8,10.300000000000011
7354,L,301.1,310.5,1744.0,30.4,13,0,5551.99,395.2,9.399999999999977
7355,L,299.8,311.4,1464.0,30.4,36,0,4660.62,1094.3999999999999,11.599999999999966
7356,M,300.3,310.2,1344.0,52.3,240,1,7360.88,12552.0,9.899999999999977
7357,H,301.8,311.2,1648.0,42.9,227,0,7403.6,9738.3,9.399999999999977
7358,H,301.9,311.1,1598.0,51.0,100,0,8534.45,5100.0,9.200000000000045
7359,L,294.6,303.85,1400.0,23.7,215,0,3474.6,5095.5,9.25
7360,M,299.5,312.3,1496.0,30.2,48,0,4731.15,1449.6,12.800000000000011
7361,M,299.6,311.0,1505.0,42.9,234,1,6761.18,10038.6,11.399999999999977
7362,L,301.3,310.7,1539.0,31.7,163,0,5108.89,5167.099999999999,9.399999999999977
7363,L,299.9,311.6,1653.0,25.7,185,0,4448.72,4754.5,11.700000000000045
7364,M,301.4,312.0,1465.0,29.2,249,0,4479.7,7270.8,10.600000000000023
7365,L,297.8,308.3,1662.0,36.7,220,0,6387.42,8074.000000000001,10.5
7366,L,300.5,309.8,1442.0,44.0,14,0,6644.26,616.0,9.300000000000011
7367,L,301.8,311.3,1836.0,57.0,166,0,10959.13,9462.0,9.5
7368,L,297.1,307.0,1840.0,29.4,4,0,5664.92,117.6,9.899999999999977
7369,L,305.0,313.1,1384.0,29.9,237,0,4333.47,7086.299999999999,8.100000000000023
7370,H,302.4,311.9,1318.0,25.4,96,0,3505.72,2438.3999999999996,9.5
7371,M,300.0,310.0,1713.0,45.6,230,0,8179.95,10488.0,10.0
7372,M,298.3,309.7,1584.0,41.1,236,0,6817.51,9699.6,11.399999999999977
7373,L,299.6,309.0,1636.0,30.3,44,0,5191.04,1333.2,9.399999999999977
7374,M,300.2,311.0,1420.0,31.6,128,0,4698.98,4044.8,10.800000000000011
7375,L,300.9,308.8,1514.0,38.7,46,0,6135.72,1780.2,7.900000000000034
7376,L,303.0,314.2,1476.0,39.2,33,0,6059.0,1293.6000000000001,11.199999999999989
7377,L,299.0,308.1,1592.0,29.5,231,0,4918.06,6814.5,9.100000000000023
7378,L,301.1,311.3,1315.0,41.7,248,0,5742.36,10341.6,10.199999999999989
7379,L,297.4,307.8,1520.0,26.2,135,0,4170.36,3537.0,10.400000000000034
7380,L,299.2,309.4,1313.0,40.4,215,0,5554.88,8686.0,10.199999999999989
7381,L,300.8,310.6,1445.0,38.1,237,0,5765.29,9029.7,9.800000000000011
7382,L,301.4,310.1,1520.0,43.9,53,0,6987.74,2326.7,8.700000000000045
7383,H,298.5,307.6,1628.0,52.0,86,0,8865.16,4472.0,9.100000000000023
7384,L,299.1,310.1,1643.0,36.2,227,0,6228.37,8217.400000000001,11.0
7385,M,302.9,312.3,1674.0,39.9,59,0,6994.5,2354.1,9.400000000000034
7386,L,302.3,312.2,1272.0,20.2,204,0,2690.71,4120.8,9.899999999999977
7387,L,300.4,308.9,1764.0,59.5,36,0,10991.18,2142.0,8.5
7388,H,295.5,306.4,1422.0,21.4,173,0,3186.71,3702.2,10.899999999999977
7389,L,305.0,313.7,1435.0,39.1,17,0,5875.67,664.7,8.699999999999989
7390,L,300.0,310.9,1586.0,14.5,9,0,2408.24,130.5,10.899999999999977
7391,M,299.4,308.3,1477.0,31.7,67,0,4903.07,2123.9,8.900000000000034
7392,L,299.0,310.0,1602.0,57.2,198,1,9595.93,11325.6,11.0
7393,M,300.8,310.8,1635.0,51.3,227,0,8783.42,11645.099999999999,10.0
7394,L,300.8,310.2,1401.0,49.7,85,0,7291.61,4224.5,9.399999999999977
7395,L,301.9,313.5,1505.0,38.0,106,0,5988.92,4028.0,11.600000000000023
7396,L,298.1,308.1,1510.0,56.3,234,1,8902.54,13174.199999999999,10.0
7397,L,299.4,309.0,1709.0,42.5,75,0,7606.06,3187.5,9.600000000000023
7398,M,304.1,315.0,1454.0,46.8,151,0,7125.89,7066.799999999999,10.899999999999977
7399,M,300.4,309.0,1446.0,66.3,46,0,10039.46,3049.7999999999997,8.600000000000023
7400,L,299.7,307.1,1355.0,50.8,36,1,7208.28,1828.8,7.400000000000034
7401,L,298.1,309.3,1375.0,39.2,199,0,5644.39,7800.8,11.199999999999989
7402,M,301.0,310.2,1296.0,45.0,211,0,6107.26,9495.0,9.199999999999989
7403,L,302.1,312.9,1412.0,53.9,42,0,7969.89,2263.7999999999997,10.799999999999955
7404,L,301.7,311.8,1823.0,46.1,209,0,8800.68,9634.9,10.100000000000023
7405,L,299.5,308.3,1661.0,47.7,24,0,8296.91,1144.8000000000002,8.800000000000011
7406,L,300.7,311.3,1766.0,52.7,241,1,9746.08,12700.7,10.600000000000023
7407,M,303.3,312.9,1367.0,65.1,86,0,9319.19,5598.599999999999,9.599999999999966
7408,H,302.1,311.1,1189.0,30.6,229,0,3810.06,7007.400000000001,9.0
7409,L,298.4,307.4,1594.0,46.9,145,0,7828.7,6800.5,9.0
7410,L,294.9,303.85,1869.0,44.5,178,0,8709.59,7921.0,8.950000000000045
7411,L,300.6,311.0,1451.0,36.1,45,0,5485.34,1624.5,10.399999999999977
7412,L,301.6,310.7,1556.0,33.5,202,0,5458.62,6767.0,9.099999999999966
7413,L,297.8,307.8,1257.0,56.4,186,0,7424.09,10490.4,10.0
7414,M,300.0,309.8,1543.0,29.7,166,0,4799.0,4930.2,9.800000000000011
7415,L,299.5,308.5,1515.0,25.9,77,0,4109.05,1994.3,9.0
7416,L,300.2,308.7,1163.0,34.3,111,1,4177.37,3807.2999999999997,8.5
7417,L,298.9,311.4,1352.0,22.2,85,0,3143.1,1887.0,12.5
7418,L,302.6,312.5,1338.0,31.5,236,0,4413.62,7434.0,9.899999999999977
7419,L,300.3,312.1,1255.0,29.4,165,0,3863.84,4851.0,11.800000000000011
7420,M,298.2,309.4,1408.0,40.8,182,0,6015.77,7425.599999999999,11.199999999999989
7421,L,301.8,311.5,1629.0,54.3,78,0,9262.95,4235.4,9.699999999999989
7422,M,297.5,307.7,1424.0,34.0,4,0,5070.11,136.0,10.199999999999989
7423,L,302.6,312.7,1743.0,48.5,112,0,8852.54,5432.0,10.099999999999966
7424,L,302.0,313.8,1473.0,47.4,132,0,7311.55,6256.8,11.800000000000011
7425,L,302.8,313.6,1596.0,17.8,120,0,2974.96,2136.0,10.800000000000011
7426,L,299.7,308.9,1627.0,34.4,177,0,5861.04,6088.8,9.199999999999989
7427,L,299.0,309.4,1812.0,36.2,41,0,6869.03,1484.2,10.399999999999977
7428,L,300.2,311.0,1409.0,43.7,146,0,6447.94,6380.200000000001,10.800000000000011
7429,M,299.8,308.7,1617.0,45.6,161,0,7721.53,7341.6,8.899999999999977
7430,M,298.7,309.2,1368.0,43.2,52,0,6188.69,2246.4,10.5
7431,L,298.9,310.2,1846.0,31.0,207,0,5992.69,6417.0,11.300000000000011
7432,L,299.3,308.4,1351.0,33.6,20,0,4753.61,672.0,9.099999999999966
7433,L,297.7,306.9,1606.0,24.9,44,0,4187.68,1095.6,9.199999999999989
7434,L,301.4,312.5,1817.0,40.6,223,1,7725.2,9053.800000000001,11.100000000000023
7435,L,299.9,309.5,1323.0,36.2,59,0,5015.3,2135.8,9.600000000000023
7436,M,299.4,308.4,1644.0,45.2,180,0,7781.6,8136.000000000001,9.0
7437,L,297.8,308.7,1360.0,46.8,245,1,6665.2,11466.0,10.899999999999977
7438,L,297.7,308.3,1954.0,36.6,18,0,7489.18,658.8000000000001,10.600000000000023
7439,L,303.9,314.0,1199.0,42.7,215,0,5361.37,9180.5,10.100000000000023
7440,L,298.7,309.9,1266.0,37.8,34,0,5011.34,1285.1999999999998,11.199999999999989
7441,M,301.2,312.4,1337.0,28.8,81,0,4032.3,2332.8,11.199999999999989
7442,L,300.3,310.2,1343.0,31.9,248,0,4486.37,7911.2,9.899999999999977
7443,L,294.4000000000001,306.4,1631.0,17.3,13,0,2954.8,224.9,11.999999999999886
7444,M,303.6,315.2,1860.0,36.0,85,0,7012.03,3060.0,11.599999999999966
7445,L,301.4,309.4,1744.0,34.0,102,0,6209.46,3468.0,8.0
7446,M,298.5,307.4,1579.0,29.0,221,0,4795.22,6409.0,8.899999999999977
7447,L,299.9,307.7,1539.0,48.1,11,0,7751.97,529.1,7.800000000000011
7448,L,297.7,307.4,1429.0,45.1,176,0,6748.97,7937.6,9.699999999999989
7449,M,303.7,312.4,1608.0,45.4,203,0,7644.88,9216.199999999999,8.699999999999989
7450,L,298.2,307.4,1500.0,46.8,221,0,7351.33,10342.8,9.199999999999989
7451,L,299.0,310.0,1571.0,39.9,2,0,6564.14,79.8,11.0
7452,L,298.5,306.8,1405.0,39.8,118,0,5855.82,4696.4,8.300000000000011
7453,L,300.2,310.3,1322.0,48.2,103,0,6672.78,4964.6,10.100000000000023
7454,M,302.7,312.9,1542.0,46.5,95,0,7508.72,4417.5,10.199999999999989
7455,M,303.6,313.5,1538.0,50.1,154,0,8069.06,7715.400000000001,9.899999999999977
7456,H,299.2,309.3,1431.0,39.5,219,1,5919.23,8650.5,10.100000000000023
7457,M,300.8,308.5,1400.0,30.1,209,0,4412.89,6290.900000000001,7.699999999999989
7458,L,300.2,309.4,1637.0,42.3,244,0,7251.33,10321.199999999999,9.199999999999989
7459,L,298.0,309.6,1619.0,34.1,116,0,5781.36,3955.6000000000004,11.600000000000023
7460,L,304.8,313.6,1873.0,46.4,152,1,9100.9,7052.8,8.800000000000011
7461,L,302.7,314.4,1785.0,42.8,142,0,8000.38,6077.599999999999,11.699999999999989
7462,L,300.4,309.0,1324.0,40.4,114,1,5601.42,4605.599999999999,8.600000000000023
7463,H,303.2,311.6,1503.0,36.0,236,0,5666.18,8496.0,8.400000000000034
7464,L,302.4,311.5,1293.0,49.9,239,1,6756.59,11926.1,9.100000000000023
7465,L,300.2,311.3,1208.0,49.1,26,0,6211.22,1276.6000000000001,11.100000000000023
7466,L,300.7,310.1,1930.0,34.3,14,0,6932.34,480.19999999999993,9.400000000000034
7467,M,303.0,313.4,1802.0,27.7,157,0,5227.13,4348.9,10.399999999999977
7468,M,298.1,308.2,1425.0,41.7,202,0,6222.71,8423.400000000001,10.099999999999966
7469,M,303.3,313.3,1760.0,51.7,186,0,9528.66,9616.2,10.0
7470,L,299.5,310.8,1787.0,27.3,172,0,5108.76,4695.6,11.300000000000011
7471,M,303.0,313.8,1194.0,44.6,180,0,5576.58,8028.0,10.800000000000011
7472,L,300.0,308.8,1690.0,31.7,77,0,5610.15,2440.9,8.800000000000011
7473,M,300.7,310.4,1449.0,29.8,44,0,4521.82,1311.2,9.699999999999989
7474,L,299.9,311.7,1606.0,49.2,91,0,8274.45,4477.2,11.800000000000011
7475,L,298.9,309.3,2026.5,46.4,199,0,9846.76,9233.6,10.400000000000034
7476,L,299.5,308.0,1821.0,38.4,188,0,7322.68,7219.2,8.5
7477,M,302.8,311.3,1515.0,47.8,10,0,7583.49,478.0,8.5
7478,L,295.4,306.3,1792.0,46.7,77,0,8763.62,3595.9,10.900000000000034
7479,M,297.5,308.2,1193.0,25.1,178,0,3135.76,4467.8,10.699999999999989
7480,L,298.5,307.6,1628.0,40.7,110,0,6938.69,4477.0,9.100000000000023
7481,L,297.8,308.6,1632.0,54.0,213,1,9228.74,11502.0,10.800000000000011
7482,L,303.0,314.6,1664.0,44.6,216,1,7771.71,9633.6,11.600000000000023
7483,L,302.5,314.0,1446.0,13.8,201,0,2089.66,2773.8,11.5
7484,L,301.2,312.8,1606.0,29.2,227,0,4910.85,6628.4,11.600000000000023
7485,L,298.7,309.3,1691.0,49.8,166,0,8818.64,8266.8,10.600000000000023
7486,M,302.7,312.5,1122.0,34.4,23,0,4041.85,791.1999999999999,9.800000000000011
7487,L,296.8,306.4,1481.0,51.1,133,0,7925.1,6796.3,9.599999999999966
7488,H,304.3,314.3,1376.0,60.3,32,0,8688.89,1929.6,10.0
7489,L,298.6,307.8,1656.0,37.5,149,0,6503.1,5587.5,9.199999999999989
7490,M,299.5,309.1,1784.0,33.7,59,0,6295.84,1988.3000000000002,9.600000000000023
7491,L,299.1,310.4,1428.0,29.9,147,0,4471.24,4395.3,11.299999999999955
7492,L,297.9,306.2,1343.0,47.5,10,1,6680.33,475.0,8.300000000000011
7493,L,303.9,312.3,1558.0,33.9,114,0,5530.9,3864.6,8.400000000000034
7494,L,301.6,312.4,1331.0,35.9,34,0,5003.81,1220.6,10.799999999999955
7495,M,302.4,312.1,1497.0,28.9,162,0,4530.52,4681.8,9.700000000000045
7496,L,297.6,305.6,1478.0,35.6,64,0,5510.02,2278.4,8.0
7497,L,300.4,310.3,1641.0,32.9,105,0,5653.7,3454.5,9.900000000000034
7498,M,301.0,310.8,1594.0,20.2,89,0,3371.85,1797.8,9.800000000000011
7499,L,300.5,310.1,1566.0,31.5,205,0,5165.72,6457.5,9.600000000000023
7500,M,297.7,308.4,1830.0,47.3,176,0,9064.44,8324.8,10.699999999999989
7501,L,302.2,310.8,1586.0,53.3,65,0,8852.36,3464.5,8.600000000000023
7502,M,300.2,310.3,1463.0,38.8,173,0,5944.35,6712.4,10.100000000000023
7503,L,298.1,307.9,1485.0,40.2,132,0,6251.46,5306.400000000001,9.799999999999955
7504,L,296.3,306.3,1401.0,42.7,166,0,6264.62,7088.200000000001,10.0
7505,L,301.2,309.5,1355.0,59.4,78,1,8428.58,4633.2,8.300000000000011
7506,H,304.9,314.4,1289.0,29.8,212,0,4022.52,6317.6,9.5
7507,L,298.0,308.0,1741.0,27.3,220,0,4977.26,6006.0,10.0
7508,L,300.3,310.9,1409.0,39.4,178,0,5813.48,7013.2,10.599999999999966
7509,M,302.2,314.1,1594.0,43.8,148,0,7311.24,6482.4,11.900000000000034
7510,H,297.5,308.3,1484.0,39.6,165,0,6154.0,6534.0,10.800000000000011
7511,M,299.0,309.5,1532.0,26.3,243,0,4219.33,6390.900000000001,10.5
7512,H,298.3,309.6,1744.0,48.7,163,0,8894.14,7938.1,11.300000000000011
7513,L,302.0,311.7,1569.0,38.5,13,0,6325.75,500.5,9.699999999999989
7514,L,302.7,314.2,1372.0,45.4,160,0,6522.87,7264.0,11.5
7515,M,300.3,311.4,1437.0,55.4,22,0,8336.72,1218.8,11.099999999999966
7516,M,298.3,307.9,1691.0,25.3,71,0,4480.15,1796.3,9.599999999999966
7517,L,299.1,311.0,1624.0,22.8,211,0,3877.48,4810.8,11.899999999999977
7518,L,298.7,309.2,1703.0,45.5,165,0,8114.37,7507.5,10.5
7519,M,298.0,310.2,1495.0,19.6,46,0,3068.5,901.6,12.199999999999989
7520,L,299.8,310.1,1288.0,35.9,63,0,4842.16,2261.7,10.300000000000011
7521,L,301.1,310.6,1628.0,34.2,229,0,5830.54,7831.800000000001,9.5
7522,L,301.0,310.2,1583.0,43.5,174,0,7211.05,7569.0,9.199999999999989
7523,L,300.0,309.6,1587.0,33.3,0,0,5534.14,0.0,9.600000000000023
7524,M,300.1,309.5,1290.0,44.8,41,0,6051.96,1836.8,9.399999999999977
7525,L,299.8,311.1,1423.0,29.3,67,0,4366.17,1963.1000000000001,11.300000000000011
7526,M,297.4,307.4,1370.0,27.5,205,1,3945.32,5637.5,10.0
7527,L,300.3,308.7,1609.0,40.1,213,0,6756.61,8541.300000000001,8.399999999999977
7528,L,298.8,309.0,1615.0,40.9,203,0,6917.11,8302.699999999999,10.199999999999989
7529,M,297.3,307.4,1530.0,42.8,24,0,6857.47,1027.1999999999998,10.099999999999966
7530,L,300.7,310.3,1711.0,54.6,115,0,9782.98,6279.0,9.600000000000023
7531,L,298.8,309.0,1804.0,52.7,111,0,9955.79,5849.700000000001,10.199999999999989
7532,L,300.5,310.4,1601.0,44.4,184,0,7443.94,8169.599999999999,9.899999999999977
7533,L,301.7,312.3,1658.0,48.0,179,0,8334.02,8592.0,10.600000000000023
7534,L,298.1,308.7,1441.0,42.5,134,0,6413.3,5695.0,10.599999999999966
7535,M,300.2,310.5,1408.0,51.6,134,0,7608.18,6914.400000000001,10.300000000000011
7536,M,296.4,305.1,1718.0,43.5,183,0,7826.02,7960.5,8.700000000000045
7537,M,303.1,315.2,1381.0,34.4,166,0,4974.86,5710.4,12.099999999999966
7538,L,297.3,305.7,1662.0,32.4,197,0,5639.03,6382.799999999999,8.399999999999977
7539,L,299.0,308.8,1845.0,51.4,82,0,9930.89,4214.8,9.800000000000011
7540,L,302.7,311.6,1654.0,38.1,238,0,6599.17,9067.800000000001,8.900000000000034
7541,L,299.5,309.9,1523.0,59.0,185,0,9409.8,10915.0,10.399999999999977
7542,L,297.6,307.7,1298.0,28.9,150,0,3928.27,4335.0,10.099999999999966
7543,L,301.4,311.3,1567.0,52.4,117,0,8598.62,6130.8,9.900000000000034
7544,H,301.4,312.9,1718.0,35.7,137,0,6422.73,4890.900000000001,11.5
7545,L,298.7,309.8,1505.0,44.0,107,0,6934.54,4708.0,11.100000000000023
7546,L,299.0,308.6,1720.0,26.9,199,0,4845.17,5353.099999999999,9.600000000000023
7547,M,299.1,309.9,1603.0,21.6,163,0,3625.9,3520.8,10.799999999999955
7548,L,299.6,311.2,1590.0,54.6,198,0,9091.14,10810.800000000001,11.599999999999966
7549,M,296.2,307.3,1481.0,35.5,118,0,5505.69,4189.0,11.100000000000023
7550,M,299.6,309.5,1277.0,49.7,130,0,6646.24,6461.0,9.899999999999977
7551,H,303.6,312.0,1461.0,33.4,71,0,5110.05,2371.4,8.399999999999977
7552,L,298.2,308.5,1460.0,49.7,76,0,7598.67,3777.2000000000003,10.300000000000011
7553,M,298.8,309.5,1641.0,35.6,222,0,6117.69,7903.200000000001,10.699999999999989
7554,L,297.6,306.9,1535.0,27.8,140,0,4468.71,3892.0,9.299999999999955
7555,M,301.2,311.2,1731.0,46.3,217,0,8392.8,10047.099999999999,10.0
7556,L,302.4,312.3,1588.0,49.3,175,0,8198.34,8627.5,9.900000000000034
7557,L,302.4,313.7,1447.0,46.3,111,0,7015.82,5139.299999999999,11.300000000000011
7558,L,297.5,309.4,1392.0,38.5,65,0,5612.14,2502.5,11.899999999999977
7559,L,301.0,312.2,1429.0,22.5,130,0,3367.0,2925.0,11.199999999999989
7560,M,302.9,312.8,1566.0,29.3,62,0,4804.94,1816.6000000000001,9.900000000000034
7561,M,301.0,312.2,1471.0,32.9,14,0,5068.01,460.59999999999997,11.199999999999989
7562,M,301.0,311.6,1345.0,37.3,240,0,5253.63,8952.0,10.600000000000023
7563,L,299.1,309.0,1718.0,51.2,129,0,9211.32,6604.8,9.899999999999977
7564,M,300.4,312.5,1565.0,38.7,188,0,6342.4,7275.6,12.100000000000023
7565,L,302.5,311.7,1587.0,18.9,186,0,3141.0,3515.3999999999996,9.199999999999989
7566,M,300.7,311.3,1390.0,14.1,144,0,2052.4,2030.3999999999999,10.600000000000023
7567,H,297.5,308.3,1351.0,33.0,229,0,4668.72,7557.0,10.800000000000011
7568,L,299.1,308.8,1508.0,34.8,10,0,5495.53,348.0,9.699999999999989
7569,M,302.4,313.0,1174.0,43.4,4,0,5335.64,173.6,10.600000000000023
7570,L,300.6,311.6,1677.0,25.4,69,0,4460.62,1752.6,11.0
7571,L,300.2,310.5,1411.0,26.1,66,0,3856.52,1722.6000000000001,10.300000000000011
7572,L,298.9,309.4,1490.0,44.4,22,0,6927.84,976.8,10.5
7573,L,302.4,312.5,1614.0,53.2,95,0,8991.74,5054.0,10.100000000000023
7574,M,303.3,314.1,1497.0,20.3,62,0,3182.34,1258.6000000000001,10.800000000000011
7575,L,302.5,312.3,1328.0,32.2,131,0,4477.98,4218.200000000001,9.800000000000011
7576,L,302.9,312.6,1807.0,51.0,238,1,9650.66,12138.0,9.700000000000045
7577,L,299.3,309.3,1263.0,49.2,28,0,6507.24,1377.6000000000001,10.0
7578,M,299.0,310.2,1137.0,30.7,144,0,3655.34,4420.8,11.199999999999989
7579,H,299.7,307.9,1694.0,51.5,222,0,9135.86,11433.0,8.199999999999989
7580,M,300.1,309.2,1276.0,40.3,162,0,5384.98,6528.599999999999,9.099999999999966
7581,M,302.9,315.1,1762.0,46.5,175,0,8580.0,8137.5,12.200000000000045
7582,L,302.3,312.6,1605.0,32.9,84,0,5529.67,2763.6,10.300000000000011
7583,L,301.1,310.7,1588.0,42.8,86,0,7117.42,3680.7999999999997,9.599999999999966
7584,L,297.1,307.9,1436.0,28.3,47,0,4255.69,1330.1000000000001,10.799999999999955
7585,L,296.6,305.8,1390.0,34.4,222,0,5007.28,7636.799999999999,9.199999999999989
7586,M,300.5,308.4,1470.0,36.9,248,0,5680.31,9151.199999999999,7.899999999999977
7587,L,301.8,312.1,1380.0,41.3,52,0,5968.4,2147.6,10.300000000000011
7588,M,299.8,309.1,1754.0,63.9,192,1,11737.05,12268.8,9.300000000000011
7589,L,303.8,313.9,1405.0,65.4,116,0,9622.38,7586.400000000001,10.099999999999966
7590,L,297.8,308.2,1628.0,36.0,202,0,6137.42,7272.0,10.399999999999977
7591,L,297.6,307.7,1717.0,54.6,0,0,9817.29,0.0,10.099999999999966
7592,M,298.7,307.0,1380.0,28.9,134,0,4176.43,3872.6,8.300000000000011
7593,M,298.6,308.6,1605.0,43.9,232,0,7378.5,10184.8,10.0
7594,M,301.1,311.5,1377.0,33.1,76,0,4772.99,2515.6,10.399999999999977
7595,L,299.2,307.8,1506.0,35.4,117,0,5582.86,4141.8,8.600000000000023
7596,H,296.9,305.4,1455.0,66.4,83,0,10117.18,5511.200000000001,8.5
7597,L,301.8,310.7,1413.0,36.0,197,0,5326.88,7092.0,8.899999999999977
7598,L,296.5,307.2,1566.0,33.4,29,0,5477.3,968.5999999999999,10.699999999999989
7599,H,297.9,305.9,1320.0,29.9,112,1,4133.08,3348.7999999999997,8.0
7600,L,296.8,307.6,1704.0,32.2,115,0,5745.85,3703.0000000000005,10.800000000000011
7601,M,300.4,310.8,1344.0,25.7,69,0,3617.1,1773.3,10.400000000000034
7602,L,300.4,310.1,1311.0,42.1,97,0,5779.81,4083.7000000000003,9.700000000000045
7603,L,303.8,312.4,1492.0,41.9,98,0,6546.53,4106.2,8.599999999999966
7604,H,301.8,311.0,1471.0,43.3,83,0,6670.05,3593.8999999999996,9.199999999999989
7605,L,302.9,313.7,1601.0,39.8,165,0,6672.72,6566.999999999999,10.800000000000011
7606,M,300.6,311.8,1553.0,34.2,157,0,5561.94,5369.400000000001,11.199999999999989
7607,L,298.0,307.0,1246.0,33.4,242,0,4358.06,8082.799999999999,9.0
7608,M,300.3,311.4,1714.0,41.5,96,0,7448.82,3984.0,11.099999999999966
7609,L,301.2,311.9,1488.0,39.4,53,0,6139.43,2088.2,10.699999999999989
7610,L,301.4,311.4,1581.0,33.6,87,0,5562.88,2923.2000000000003,10.0
7611,L,299.1,308.3,1932.0,37.0,222,0,7485.79,8214.0,9.199999999999989
7612,L,301.0,310.4,1768.0,55.2,143,0,10219.98,7893.6,9.399999999999977
7613,H,298.1,310.0,1575.0,59.5,103,0,9813.55,6128.5,11.899999999999977
7614,L,297.9,308.1,1292.0,37.7,15,0,5100.73,565.5,10.200000000000045
7615,L,297.8,309.1,1295.0,32.6,26,0,4420.95,847.6,11.300000000000011
7616,L,300.0,310.3,1746.0,39.5,99,0,7222.21,3910.5,10.300000000000011
7617,L,297.6,307.2,1466.0,51.2,21,0,7860.18,1075.2,9.599999999999966
7618,M,299.2,309.7,1507.0,39.5,142,0,6233.6,5609.0,10.5
7619,H,301.8,314.0,1332.0,43.4,45,0,6053.72,1953.0,12.199999999999989
7620,L,297.9,307.3,1617.0,33.4,128,0,5655.68,4275.2,9.400000000000034
7621,M,299.0,309.9,1742.0,28.3,245,0,5162.54,6933.5,10.899999999999977
7622,L,300.1,310.3,1810.0,47.5,155,0,9003.28,7362.5,10.199999999999989
7623,L,300.5,309.0,1457.0,41.8,160,0,6377.71,6688.0,8.5
7624,M,299.0,307.5,1653.0,46.4,99,0,8031.92,4593.599999999999,8.5
7625,L,301.6,311.1,1520.0,22.9,142,0,3645.09,3251.7999999999997,9.5
7626,M,301.2,311.5,1695.0,58.2,222,1,10330.5,12920.400000000001,10.300000000000011
7627,M,302.3,313.2,1537.0,42.4,56,0,6824.46,2374.4,10.899999999999977
7628,L,299.8,308.3,1390.0,21.9,69,0,3187.77,1511.1,8.5
7629,H,299.0,309.6,1774.0,49.7,195,0,9232.91,9691.5,10.600000000000023
7630,M,298.6,308.5,1555.0,36.2,185,0,5894.78,6697.000000000001,9.899999999999977
7631,L,300.6,310.6,1475.0,40.2,19,0,6209.36,763.8000000000001,10.0
7632,M,299.2,309.8,1569.0,35.1,3,0,5767.12,105.30000000000001,10.600000000000023
7633,L,298.9,310.6,1406.0,38.9,9,0,5727.48,350.09999999999997,11.700000000000045
7634,H,299.1,309.4,1612.0,39.4,6,0,6651.04,236.39999999999998,10.299999999999955
7635,M,298.6,307.3,1502.0,23.3,218,1,3664.84,5079.400000000001,8.699999999999989
7636,L,300.4,310.2,1395.0,48.5,56,0,7085.08,2716.0,9.800000000000011
7637,L,297.2,308.0,1963.0,41.0,133,0,8428.16,5453.0,10.800000000000011
7638,M,300.6,311.5,1357.0,44.3,54,0,6295.24,2392.2,10.899999999999977
7639,L,301.4,312.0,1601.0,48.0,158,0,8047.5,7584.0,10.600000000000023
7640,L,298.8,308.3,1548.0,41.1,63,0,6662.56,2589.3,9.5
7641,L,303.8,312.5,1354.0,43.2,163,0,6125.35,7041.6,8.699999999999989
7642,L,300.0,310.6,1477.0,25.3,90,0,3913.18,2277.0,10.600000000000023
7643,L,296.9,305.7,1297.0,31.6,12,0,4291.96,379.20000000000005,8.800000000000011
7644,L,299.4,310.1,1907.0,40.7,74,0,8127.81,3011.8,10.700000000000045
7645,L,300.1,310.8,1490.0,41.7,116,0,6506.55,4837.200000000001,10.699999999999989
7646,M,300.9,310.4,1505.0,43.9,72,0,6918.78,3160.7999999999997,9.5
7647,L,299.5,309.4,1886.0,53.9,199,0,10645.33,10726.1,9.899999999999977
7648,L,298.0,308.2,1390.0,39.0,188,0,5676.86,7332.0,10.199999999999989
7649,L,297.8,307.2,1769.0,43.5,9,0,8058.34,391.5,9.399999999999977
7650,L,298.7,307.3,1644.0,40.5,193,0,6972.45,7816.5,8.600000000000023
7651,L,298.9,308.8,1183.0,37.4,151,0,4633.24,5647.4,9.900000000000034
7652,L,297.7,307.8,1471.0,37.8,98,0,5822.82,3704.3999999999996,10.100000000000023
7653,L,298.5,309.9,1616.0,32.1,161,0,5432.19,5168.1,11.399999999999977
7654,M,301.3,310.5,1544.0,38.7,177,0,6257.3,6849.900000000001,9.199999999999989
7655,M,303.3,314.4,1544.0,37.7,74,0,6095.61,2789.8,11.099999999999966
7656,M,301.5,310.4,1429.0,38.4,115,0,5746.35,4416.0,8.899999999999977
7657,M,302.6,311.3,1410.0,22.6,128,0,3337.0,2892.8,8.699999999999989
7658,M,301.9,311.6,1482.0,38.9,4,0,6037.07,155.6,9.700000000000045
7659,L,301.7,310.7,1889.0,31.2,154,0,6171.85,4804.8,9.0
7660,M,299.3,308.0,1375.0,39.3,6,0,5658.79,235.79999999999998,8.699999999999989
7661,L,300.3,312.2,1451.0,29.0,241,0,4406.5,6989.0,11.899999999999977
7662,M,299.2,308.7,1543.0,40.4,100,0,6527.94,4040.0,9.5
7663,M,299.6,311.9,1276.0,36.9,243,0,4930.67,8966.699999999999,12.299999999999955
7664,L,300.1,309.1,1615.0,33.7,229,0,5699.43,7717.300000000001,9.0
7665,L,301.4,309.7,1307.0,42.8,0,1,5857.98,0.0,8.300000000000011
7666,L,300.8,312.1,1343.0,43.6,31,0,6131.84,1351.6000000000001,11.300000000000011
7667,M,299.7,308.9,1334.0,39.4,144,0,5504.03,5673.599999999999,9.199999999999989
7668,M,300.1,310.2,1244.0,45.6,17,0,5940.37,775.2,10.099999999999966
7669,M,300.9,309.5,1765.0,35.8,67,0,6616.93,2398.6,8.600000000000023
7670,L,301.3,311.3,1631.0,43.9,48,0,7498.03,2107.2,10.0
7671,M,297.0,305.6,1703.0,39.5,12,0,7044.34,474.0,8.600000000000023
7672,L,297.8,307.8,1686.0,29.9,68,0,5279.07,2033.1999999999998,10.0
7673,M,302.2,311.7,1507.0,31.9,149,0,5034.22,4753.099999999999,9.5
7674,L,299.9,310.1,1532.0,51.5,153,0,8262.18,7879.5,10.200000000000045
7675,L,299.2,309.8,1719.0,55.6,67,0,10008.74,3725.2000000000003,10.600000000000023
7676,L,299.5,309.7,1831.0,47.0,86,0,9011.87,4042.0,10.199999999999989
7677,M,299.5,309.9,1312.0,34.1,132,0,4685.08,4501.2,10.399999999999977
7678,H,301.1,311.0,1989.0,54.1,136,0,11268.36,7357.6,9.899999999999977
7679,L,297.8,307.3,1302.0,46.0,76,0,6271.88,3496.0,9.5
7680,L,300.0,310.5,1455.0,43.2,61,0,6582.26,2635.2000000000003,10.5
7681,H,300.5,310.4,1551.0,58.2,72,0,9452.86,4190.400000000001,9.899999999999977
7682,L,300.8,310.7,1567.0,31.3,67,0,5136.2,2097.1,9.899999999999977
7683,M,300.4,310.8,1889.0,47.6,217,0,9416.02,10329.2,10.400000000000034
7684,L,301.0,310.0,1719.0,31.8,77,0,5724.42,2448.6,9.0
7685,L,298.9,310.3,1611.0,33.9,245,0,5719.05,8305.5,11.400000000000034
7686,M,298.1,307.9,1723.0,65.8,1,0,11872.43,65.8,9.799999999999955
7687,M,304.9,315.0,1599.0,44.9,94,0,7518.37,4220.599999999999,10.100000000000023
7688,L,299.4,309.4,1417.0,58.3,177,0,8651.01,10319.1,10.0
7689,L,299.6,310.3,1624.0,45.3,50,0,7703.94,2265.0,10.699999999999989
7690,M,301.4,311.7,1550.0,43.9,217,0,7125.66,9526.3,10.300000000000011
7691,L,303.2,313.1,1387.0,33.7,1,0,4894.8,33.7,9.900000000000034
7692,M,298.9,310.4,1764.0,49.6,168,0,9162.39,8332.800000000001,11.5
7693,L,298.0,304.8,1528.0,40.2,237,1,6432.47,9527.400000000001,6.800000000000011
7694,L,297.5,308.8,1337.0,40.7,63,0,5698.42,2564.1000000000004,11.300000000000011
7695,H,303.2,314.1,1365.0,37.3,171,0,5331.75,6378.299999999999,10.900000000000034
7696,M,297.9,306.1,1633.0,38.9,51,0,6652.19,1983.8999999999999,8.200000000000045
7697,L,299.9,310.9,1725.0,40.1,36,0,7243.73,1443.6000000000001,11.0
7698,M,298.0,309.1,1624.0,41.1,65,0,6989.67,2671.5,11.100000000000023
7699,L,297.1,307.7,1625.0,39.4,231,0,6704.68,9101.4,10.599999999999966
7700,L,299.4,307.9,1392.0,24.4,91,0,3556.79,2220.4,8.5
7701,H,298.1,308.8,1554.0,45.3,183,0,7371.87,8289.9,10.699999999999989
7702,M,298.6,309.6,1478.0,38.7,22,0,5989.82,851.4000000000001,11.0
7703,M,304.0,313.4,1503.0,13.34999999999999,198,0,2101.21,2643.2999999999984,9.399999999999977
7704,L,300.8,311.3,1517.0,24.1,166,0,3828.52,4000.6000000000004,10.5
7705,L,301.9,311.5,1419.0,35.2,231,0,5230.63,8131.200000000001,9.600000000000023
7706,L,301.6,312.5,1672.0,52.6,115,0,9209.81,6049.0,10.899999999999977
7707,L,299.8,309.5,1357.0,46.0,85,0,6536.82,3910.0,9.699999999999989
7708,M,299.1,308.5,1305.0,33.1,59,0,4523.42,1952.9,9.399999999999977
7709,L,300.5,310.5,1397.0,38.0,55,0,5559.15,2090.0,10.0
7710,M,300.3,309.0,1696.0,50.9,119,0,9040.08,6057.099999999999,8.699999999999989
7711,L,298.9,308.7,1598.0,33.8,163,0,5656.17,5509.4,9.800000000000011
7712,L,300.3,310.6,1218.0,29.1,128,0,3711.67,3724.8,10.300000000000011
7713,L,298.6,309.5,1644.0,48.7,97,0,8384.16,4723.900000000001,10.899999999999977
7714,L,299.7,309.9,1529.0,51.0,3,0,8165.94,153.0,10.199999999999989
7715,L,299.3,307.9,1463.0,33.9,40,0,5193.65,1356.0,8.599999999999966
7716,H,297.5,308.8,1494.0,44.8,98,0,7009.02,4390.4,11.300000000000011
7717,L,295.3,306.7,1299.0,39.5,180,0,5373.22,7110.0,11.399999999999977
7718,H,298.1,308.2,1569.0,34.0,158,0,5586.38,5372.0,10.099999999999966
7719,L,303.6,312.9,1311.0,51.5,160,0,7070.31,8240.0,9.299999999999955
7720,H,299.4,308.8,1475.0,33.3,132,0,5143.57,4395.599999999999,9.400000000000034
7721,L,301.6,311.3,1475.0,47.4,170,0,7321.48,8058.0,9.699999999999989
7722,H,295.8,306.0,1675.0,40.6,234,0,7121.47,9500.4,10.199999999999989
7723,L,298.0,307.7,1545.0,38.2,138,0,6180.46,5271.6,9.699999999999989
7724,M,297.3,306.4,1664.0,34.4,31,0,5994.33,1066.3999999999999,9.099999999999966
7725,H,299.6,310.6,1323.0,30.1,110,0,4170.18,3311.0,11.0
7726,L,304.8,315.1,1518.0,37.4,128,0,5945.28,4787.2,10.300000000000011
7727,L,300.9,309.9,1632.0,34.8,42,0,5947.41,1461.6,9.0
7728,L,303.4,313.7,1760.0,40.8,5,0,7519.72,204.0,10.300000000000011
7729,H,299.5,309.7,1334.0,28.0,91,0,3911.49,2548.0,10.199999999999989
7730,L,302.7,312.0,1387.0,38.4,208,0,5577.46,7987.2,9.300000000000011
7731,L,304.1,315.3,1628.0,43.9,113,0,7484.24,4960.7,11.199999999999989
7732,L,299.8,309.9,1826.0,33.2,10,0,6348.45,332.0,10.099999999999966
7733,L,298.9,308.7,1589.0,47.3,168,0,7870.71,7946.4,9.800000000000011
7734,M,297.4,307.3,1339.0,48.4,26,0,6786.64,1258.3999999999999,9.900000000000034
7735,L,299.4,309.8,1342.0,27.9,188,0,3920.9,5245.2,10.400000000000034
7736,M,300.2,310.1,1562.0,32.3,75,0,5283.38,2422.5,9.900000000000034
7737,H,304.1,314.0,1602.0,26.5,12,0,4445.67,318.0,9.899999999999977
7738,L,297.4,308.5,1498.0,44.1,94,0,6917.98,4145.400000000001,11.100000000000023
7739,M,300.1,308.7,1344.0,41.2,34,1,5798.63,1400.8000000000002,8.599999999999966
7740,L,296.4,305.1,1735.0,24.0,24,0,4360.53,576.0,8.700000000000045
7741,M,299.1,309.9,1475.0,33.4,221,0,5159.02,7381.4,10.799999999999955
7742,L,300.6,313.0,1632.0,43.0,35,0,7348.81,1505.0,12.399999999999977
7743,M,301.0,311.9,1220.0,41.0,148,0,5238.08,6068.0,10.899999999999977
7744,L,301.2,313.0,1753.0,52.0,111,0,9545.83,5772.0,11.800000000000011
7745,L,300.8,310.4,1415.0,28.4,54,0,4208.27,1533.6,9.599999999999966
7746,L,301.2,310.5,1778.0,39.8,35,0,7410.43,1393.0,9.300000000000011
7747,L,300.1,310.5,1647.0,29.9,155,0,5156.96,4634.5,10.399999999999977
7748,M,297.9,308.9,1282.0,41.0,154,0,5504.28,6314.0,11.0
7749,L,296.3,305.0,1581.0,38.1,139,0,6307.91,5295.900000000001,8.699999999999989
7750,M,298.9,308.7,1834.0,42.6,201,0,8181.59,8562.6,9.800000000000011
7751,L,299.7,309.7,1430.0,35.8,25,0,5361.02,894.9999999999999,10.0
7752,M,302.5,311.8,1834.0,47.5,220,0,9122.66,10450.0,9.300000000000011
7753,L,299.8,309.2,1607.0,32.8,172,0,5519.74,5641.599999999999,9.399999999999977
7754,L,299.6,310.4,1777.0,29.8,133,0,5545.39,3963.4,10.799999999999955
7755,L,300.8,311.2,1566.0,42.1,216,0,6904.03,9093.6,10.399999999999977
7756,M,299.5,310.3,1515.0,58.4,7,0,9265.19,408.8,10.800000000000011
7757,L,301.6,312.0,1866.0,24.7,74,0,4826.55,1827.8,10.399999999999977
7758,M,304.0,313.1,1667.0,28.5,124,0,4975.18,3534.0,9.100000000000023
7759,M,304.4,314.8,1495.0,42.2,144,0,6606.66,6076.8,10.400000000000034
7760,L,300.2,309.2,1613.0,51.1,165,0,8631.45,8431.5,9.0
7761,M,300.7,310.4,1436.0,43.0,238,0,6466.24,10234.0,9.699999999999989
7762,L,303.2,312.1,1557.0,33.8,204,0,5511.04,6895.2,8.900000000000034
7763,L,299.7,309.1,1752.0,44.1,168,0,8090.98,7408.8,9.400000000000034
7764,M,301.4,311.4,1509.0,45.0,142,0,7110.99,6390.0,10.0
7765,M,297.7,307.3,1381.0,33.1,82,0,4786.86,2714.2000000000003,9.600000000000023
7766,M,299.4,308.5,1364.0,48.1,82,0,6870.5,3944.2000000000003,9.100000000000023
7767,L,302.3,313.5,1551.0,39.6,73,0,6431.85,2890.8,11.199999999999989
7768,L,298.6,308.4,1393.0,22.5,27,0,3282.18,607.5,9.799999999999955
7769,L,299.7,309.2,1281.0,38.6,228,0,5178.04,8800.800000000001,9.5
7770,M,296.9,305.8,1323.0,34.2,152,0,4738.21,5198.400000000001,8.900000000000034
7771,L,304.0,312.1,1748.0,52.9,78,0,9683.35,4126.2,8.100000000000023
7772,M,302.5,312.3,1512.0,26.7,162,0,4227.58,4325.4,9.800000000000011
7773,L,300.4,309.0,1548.0,35.1,79,0,5689.93,2772.9,8.600000000000023
7774,L,301.0,311.7,1364.0,42.5,36,0,6070.6,1530.0,10.699999999999989
7775,L,300.8,310.8,1433.0,64.0,154,0,9604.06,9856.0,10.0
7776,L,302.8,314.3,1428.0,59.4,4,0,8882.66,237.6,11.5
7777,L,299.0,309.2,1488.0,39.4,186,0,6139.43,7328.4,10.199999999999989
7778,M,301.5,310.7,1241.0,43.4,87,0,5640.14,3775.7999999999997,9.199999999999989
7779,M,302.2,310.3,1733.0,45.9,193,0,8329.9,8858.699999999999,8.100000000000023
7780,L,302.4,313.2,1535.0,29.8,103,0,4790.2,3069.4,10.800000000000011
7781,L,295.5,304.2,1574.0,40.0,112,0,6593.16,4480.0,8.699999999999989
7782,L,298.8,308.4,1701.0,53.4,244,1,9512.05,13029.6,9.599999999999966
7783,M,298.0,309.6,1687.0,41.3,226,0,7296.15,9333.8,11.600000000000023
7784,L,300.3,310.9,1435.0,59.3,244,1,8911.18,14469.199999999999,10.599999999999966
7785,H,296.0,306.4,1646.0,35.5,56,0,6119.09,1988.0,10.399999999999977
7786,L,295.9,306.9,1644.0,39.0,188,0,6714.21,7332.0,11.0
7787,L,304.3,315.2,1594.0,39.1,126,0,6526.7,4926.6,10.899999999999977
7788,H,301.2,312.8,1727.0,26.9,224,0,4864.89,6025.599999999999,11.600000000000023
7789,L,300.2,309.6,1681.0,50.9,117,0,8960.13,5955.3,9.400000000000034
7790,L,300.7,310.4,1668.0,36.6,233,0,6393.02,8527.800000000001,9.699999999999989
7791,L,300.3,309.4,1782.0,42.5,223,0,7930.95,9477.5,9.099999999999966
7792,L,302.0,312.0,1543.0,33.9,59,0,5477.65,2000.1,10.0
7793,L,298.7,308.6,1548.0,57.1,191,0,9256.26,10906.1,9.900000000000034
7794,M,300.4,308.6,1684.0,52.2,31,0,9205.37,1618.2,8.200000000000045
7795,M,300.5,309.8,1506.0,40.5,143,0,6387.17,5791.5,9.300000000000011
7796,L,297.9,309.3,1624.0,27.7,108,0,4710.8,2991.6,11.400000000000034
7797,H,302.6,312.8,1437.0,47.3,229,0,7117.81,10831.699999999999,10.199999999999989
7798,L,299.1,309.8,1129.0,50.7,108,0,5994.19,5475.6,10.699999999999989
7799,L,302.0,311.9,1645.0,30.7,43,0,5288.5,1320.1,9.899999999999977
7800,L,300.2,308.3,1260.0,38.5,214,1,5079.96,8239.0,8.100000000000023
7801,L,303.3,313.1,1412.0,40.7,89,0,6018.08,3622.3,9.800000000000011
7802,L,297.9,309.0,1684.0,50.7,121,0,8940.85,6134.700000000001,11.100000000000023
7803,H,297.8,306.6,1686.0,38.4,68,0,6779.81,2611.2,8.800000000000011
7804,L,298.2,308.9,1748.0,49.5,188,0,9060.98,9306.0,10.699999999999989
7805,L,300.3,308.6,1176.0,32.2,70,1,3965.44,2254.0,8.300000000000011
7806,L,303.1,313.1,1590.0,29.4,161,0,4895.23,4733.4,10.0
7807,M,303.2,313.7,1491.0,58.1,241,1,9071.57,14002.1,10.5
7808,M,295.4,305.1,1714.0,26.8,201,0,4810.32,5386.8,9.700000000000045
7809,L,300.5,313.0,1802.0,32.4,119,0,6114.04,3855.6,12.5
7810,L,294.4000000000001,303.85,1303.0,47.7,85,0,6508.66,4054.5000000000005,9.449999999999932
7811,L,301.6,311.0,1540.0,34.6,20,0,5579.89,692.0,9.399999999999977
7812,L,302.2,312.4,1687.0,34.3,146,0,6059.51,5007.799999999999,10.199999999999989
7813,L,299.9,309.2,1477.0,37.9,51,0,5862.03,1932.8999999999999,9.300000000000011
7814,L,300.2,308.7,1850.0,18.4,119,0,3564.66,2189.6,8.5
7815,L,300.1,309.0,1466.0,51.1,169,0,7844.83,8635.9,8.899999999999977
7816,L,298.4,309.2,1484.0,41.7,38,0,6480.35,1584.6000000000001,10.800000000000011
7817,L,300.9,310.6,1345.0,31.8,44,0,4478.97,1399.2,9.700000000000045
7818,H,299.5,311.2,1565.0,22.8,88,0,3736.61,2006.4,11.699999999999989
7819,H,301.9,311.4,1046.5,26.3,140,0,2882.2,3682.0,9.5
7820,L,299.8,310.5,1493.0,24.0,170,0,3752.32,4080.0,10.699999999999989
7821,L,298.3,308.8,1765.0,42.2,82,0,7799.84,3460.4,10.5
7822,L,296.9,306.5,1287.0,42.3,117,0,5700.95,4949.099999999999,9.600000000000023
7823,L,296.3,305.4,1248.0,46.0,198,0,6011.75,9108.0,9.099999999999966
7824,M,302.6,310.9,1737.0,47.2,222,0,8585.6,10478.400000000001,8.299999999999955
7825,L,299.1,309.6,1762.0,46.2,193,0,8524.65,8916.6,10.5
7826,M,300.7,311.9,1295.0,55.2,107,0,7485.79,5906.400000000001,11.199999999999989
7827,H,303.6,312.0,1848.0,51.8,172,0,10024.45,8909.6,8.399999999999977
7828,L,298.9,308.5,1615.0,49.4,131,0,8354.65,6471.4,9.600000000000023
7829,L,298.7,308.1,1725.0,42.3,128,0,7641.14,5414.4,9.400000000000034
7830,L,299.7,310.3,1396.0,47.1,243,1,6885.49,11445.300000000001,10.600000000000023
7831,L,300.1,309.7,1804.0,35.8,110,0,6763.14,3937.9999999999995,9.599999999999966
7832,L,303.8,315.1,1490.0,37.7,127,0,5882.42,4787.900000000001,11.300000000000011
7833,L,303.1,312.7,1482.0,57.0,59,0,8846.1,3363.0,9.599999999999966
7834,M,301.2,310.0,1624.0,34.4,49,0,5850.23,1685.6,8.800000000000011
7835,L,302.9,312.4,1467.0,33.6,86,0,5161.76,2889.6,9.5
7836,L,299.6,309.3,1265.0,36.3,46,0,4808.68,1669.8,9.699999999999989
7837,M,300.6,311.1,1561.0,34.4,16,0,5623.28,550.4,10.5
7838,M,299.4,309.0,1481.0,35.3,85,0,5474.68,3000.4999999999995,9.600000000000023
7839,L,297.4,307.9,1400.0,42.3,162,0,6201.5,6852.599999999999,10.5
7840,M,302.4,311.6,1760.0,42.6,7,0,7851.47,298.2,9.200000000000045
7841,L,301.1,310.8,1966.0,49.0,55,0,10088.07,2695.0,9.699999999999989
7842,L,300.0,309.3,1373.0,61.7,187,1,8871.24,11537.9,9.300000000000011
7843,L,300.0,309.1,1573.0,36.2,182,0,5963.02,6588.400000000001,9.100000000000023
7844,L,297.0,308.3,1466.0,39.2,6,0,6017.95,235.20000000000002,11.300000000000011
7845,M,298.0,307.3,1947.0,21.6,64,0,4404.01,1382.4,9.300000000000011
7846,M,300.7,310.3,1626.0,27.0,24,0,4597.41,648.0,9.600000000000023
7847,M,298.9,310.0,1703.0,38.4,242,0,6848.17,9292.8,11.100000000000023
7848,L,299.6,310.3,1749.0,44.5,23,0,8150.39,1023.5,10.699999999999989
7849,L,299.8,311.4,1561.0,44.8,113,0,7323.35,5062.4,11.599999999999966
7850,L,298.6,309.1,1504.0,46.0,96,0,7244.93,4416.0,10.5
7851,L,298.1,307.5,1809.0,52.4,202,1,9926.55,10584.8,9.399999999999977
7852,M,296.8,308.8,1677.0,56.9,95,0,9992.5,5405.5,12.0
7853,M,299.7,310.3,1386.0,37.5,92,0,5442.81,3450.0,10.600000000000023
7854,L,301.2,311.1,1408.0,31.9,64,0,4703.51,2041.6,9.900000000000034
7855,L,296.7,306.8,1468.0,46.4,46,0,7133.01,2134.4,10.100000000000023
7856,L,300.0,310.1,1745.0,49.2,135,0,8990.61,6642.0,10.100000000000023
7857,L,300.6,310.3,1801.0,41.3,172,0,7789.19,7103.599999999999,9.699999999999989
7858,L,298.0,306.6,1923.0,38.1,156,0,7672.43,5943.6,8.600000000000023
7859,L,302.8,314.5,1411.0,34.9,30,0,5156.81,1047.0,11.699999999999989
7860,L,299.2,309.2,1563.0,39.5,56,0,6465.24,2212.0,10.0
7861,L,299.8,310.0,1466.0,46.8,226,0,7184.7,10576.8,10.199999999999989
7862,L,299.7,311.8,1505.0,33.2,134,0,5232.43,4448.8,12.100000000000023
7863,L,296.5,305.8,1704.0,31.9,158,0,5692.31,5040.2,9.300000000000011
7864,M,302.0,312.7,1529.0,45.9,108,0,7349.35,4957.2,10.699999999999989
7865,L,298.1,307.3,1773.0,31.5,241,0,5848.55,7591.5,9.199999999999989
7866,H,299.5,309.8,1445.0,41.4,187,0,6264.65,7741.8,10.300000000000011
7867,L,301.2,311.4,1670.0,40.9,183,0,7152.67,7484.7,10.199999999999989
7868,L,302.9,313.7,1458.0,39.9,159,0,6091.99,6344.099999999999,10.800000000000011
7869,L,297.8,309.0,1209.0,33.5,93,0,4241.31,3115.5,11.199999999999989
7870,L,299.1,308.5,1355.0,57.2,60,0,8116.41,3432.0,9.399999999999977
7871,M,302.8,314.2,1560.0,43.9,188,0,7171.63,8253.199999999999,11.399999999999977
7872,L,300.9,312.4,1881.0,34.8,75,0,6854.83,2610.0,11.5
7873,H,301.3,311.1,1455.0,43.2,98,0,6582.26,4233.6,9.800000000000011
7874,M,297.9,307.9,1507.0,58.1,191,0,9168.92,11097.1,10.0
7875,L,299.2,308.7,1625.0,40.8,9,0,6942.92,367.2,9.5
7876,L,299.7,309.4,1430.0,55.2,153,0,8266.16,8445.6,9.699999999999989
7877,M,298.3,307.1,1451.0,28.5,68,0,4330.53,1938.0,8.800000000000011
7878,L,296.7,307.4,1550.0,31.4,86,0,5096.71,2700.4,10.699999999999989
7879,M,299.0,306.9,1459.0,18.6,72,0,2841.82,1339.2,7.899999999999977
7880,L,302.7,312.0,1218.0,59.6,96,0,7601.9,5721.6,9.300000000000011
7881,L,300.1,310.1,1421.0,22.9,36,0,3407.68,824.4,10.0
7882,L,302.7,314.0,1648.0,41.6,157,0,7179.25,6531.2,11.300000000000011
7883,L,300.4,309.8,1653.0,57.2,96,0,9901.42,5491.200000000001,9.400000000000034
7884,M,298.5,308.9,1777.0,49.6,1,0,9229.92,49.6,10.399999999999977
7885,L,302.6,312.5,1762.0,43.6,41,0,8044.91,1787.6000000000001,9.899999999999977
7886,M,300.4,311.4,1376.0,52.7,195,0,7593.77,10276.5,11.0
7887,L,301.9,312.3,1404.0,33.2,217,0,4881.28,7204.400000000001,10.400000000000034
7888,L,297.9,308.7,1412.0,45.1,93,0,6668.68,4194.3,10.800000000000011
7889,L,302.1,311.5,1510.0,38.8,162,0,6135.32,6285.599999999999,9.399999999999977
7890,L,302.1,311.1,1426.0,38.6,137,0,5764.15,5288.2,9.0
7891,L,300.6,310.9,1506.0,41.8,30,0,6592.19,1254.0,10.299999999999955
7892,L,298.4,307.9,1381.0,51.6,206,0,7462.29,10629.6,9.5
7893,M,299.9,309.9,1678.0,55.5,212,0,9752.45,11766.0,10.0
7894,L,301.2,311.5,1368.0,37.2,5,0,5329.15,186.0,10.300000000000011
7895,L,300.5,311.7,1359.0,29.1,64,0,4141.34,1862.4,11.199999999999989
7896,M,301.2,312.0,1631.0,31.7,248,0,5414.29,7861.599999999999,10.800000000000011
7897,M,302.0,311.3,1667.0,59.3,201,0,10351.87,11919.3,9.300000000000011
7898,L,298.7,307.6,1497.0,54.6,129,0,8559.39,7043.400000000001,8.900000000000034
7899,L,297.7,309.4,1693.0,29.0,247,1,5141.43,7163.0,11.699999999999989
7900,M,299.9,308.3,1680.0,56.4,136,0,9922.41,7670.4,8.400000000000034
7901,L,299.3,308.9,1877.0,32.8,80,0,6447.13,2624.0,9.599999999999966
7902,L,301.6,312.2,1669.0,46.5,79,0,8127.14,3673.5,10.599999999999966
7903,L,297.9,309.5,1843.0,32.8,193,0,6330.35,6330.4,11.600000000000023
7904,M,302.0,311.9,1549.0,61.4,79,0,9959.75,4850.599999999999,9.899999999999977
7905,L,302.7,312.7,1788.0,34.2,98,0,6403.57,3351.6000000000004,10.0
7906,H,300.0,309.1,1792.0,29.4,58,0,5517.14,1705.1999999999998,9.100000000000023
7907,L,300.1,310.2,1512.0,35.4,120,0,5605.1,4248.0,10.099999999999966
7908,M,298.5,307.3,1414.0,66.1,219,1,9787.67,14475.9,8.800000000000011
7909,L,298.9,308.2,1446.0,42.5,242,0,6435.55,10285.0,9.300000000000011
7910,L,299.2,309.9,1612.0,29.7,140,0,5013.6,4158.0,10.699999999999989
7911,M,302.9,312.5,1332.0,32.0,5,0,4463.57,160.0,9.600000000000023
7912,L,299.9,310.8,1456.0,22.5,152,0,3430.62,3420.0,10.900000000000034
7913,L,297.4,307.2,1752.0,45.3,190,0,8311.15,8607.0,9.800000000000011
7914,L,300.5,309.1,1657.0,27.4,186,0,4754.47,5096.4,8.600000000000023
7915,L,301.7,312.8,1116.0,50.9,230,1,5948.54,11707.0,11.100000000000023
7916,L,299.9,308.6,1299.0,47.8,89,0,6502.28,4254.2,8.700000000000045
7917,M,302.9,312.3,1924.0,38.9,107,0,7837.6,4162.3,9.400000000000034
7918,L,301.6,311.4,1749.0,52.2,173,0,9560.68,9030.6,9.799999999999955
7919,L,297.9,308.9,1433.0,49.1,245,1,7368.11,12029.5,11.0
7920,L,298.9,308.4,1271.0,41.5,142,0,5523.6,5893.0,9.5
7921,M,300.5,309.5,1314.0,32.2,65,0,4430.78,2093.0,9.0
7922,M,296.7,306.8,1629.0,44.0,85,0,7505.89,3740.0,10.100000000000023
7923,L,300.7,310.5,1891.0,44.0,41,0,8713.1,1804.0,9.800000000000011
7924,L,296.5,306.0,1880.0,44.8,219,0,8819.92,9811.199999999999,9.5
7925,H,302.0,312.3,1255.0,40.7,144,0,5348.93,5860.8,10.300000000000011
7926,L,301.8,310.6,1485.0,43.2,126,0,6717.98,5443.200000000001,8.800000000000011
7927,M,301.0,309.3,1384.0,42.9,22,0,6217.59,943.8,8.300000000000011
7928,M,298.6,310.8,1562.0,53.5,142,0,8751.12,7597.0,12.199999999999989
7929,M,300.3,310.4,1299.0,27.2,165,0,3700.04,4488.0,10.099999999999966
7930,L,299.0,309.1,1440.0,29.9,55,0,4508.81,1644.5,10.100000000000023
7931,M,297.9,307.2,1382.0,40.6,161,0,5875.74,6536.6,9.300000000000011
7932,M,299.3,310.2,1631.0,32.3,221,0,5516.77,7138.299999999999,10.899999999999977
7933,L,301.4,310.9,1445.0,42.0,64,0,6355.44,2688.0,9.5
7934,L,300.1,307.3,1471.0,28.8,104,0,4436.43,2995.2000000000003,7.199999999999989
7935,L,302.9,312.3,1629.0,30.4,79,0,5185.89,2401.6,9.400000000000034
7936,L,301.5,311.3,1832.0,60.4,216,1,11587.53,13046.4,9.800000000000011
7937,L,301.3,311.1,1916.0,37.6,111,0,7544.18,4173.6,9.800000000000011
7938,L,296.8,306.6,1619.0,28.2,237,0,4781.06,6683.4,9.800000000000011
7939,L,299.4,308.8,1522.0,38.8,249,0,6184.08,9661.199999999999,9.400000000000034
7940,L,297.9,307.1,1773.0,50.2,86,0,9320.54,4317.2,9.200000000000045
7941,L,299.6,309.3,1746.0,51.9,224,1,9489.43,11625.6,9.699999999999989
7942,M,298.6,307.0,1695.0,25.3,33,0,4490.75,834.9,8.399999999999977
7943,H,299.2,307.3,1255.0,32.3,200,1,4244.97,6459.999999999999,8.100000000000023
7944,L,302.1,312.2,1754.0,42.1,143,0,7732.86,6020.3,10.099999999999966
7945,L,301.0,311.1,1602.0,39.6,100,0,6643.34,3960.0,10.100000000000023
7946,L,302.0,312.9,1378.0,24.0,177,0,3463.29,4248.0,10.899999999999977
7947,M,296.8,306.5,1417.0,25.6,111,0,3798.73,2841.6000000000004,9.699999999999989
7948,M,300.1,308.9,1642.0,29.3,196,0,5038.13,5742.8,8.799999999999955
7949,H,301.9,310.0,1088.0,22.3,240,1,2540.75,5352.0,8.100000000000023
7950,L,303.0,312.1,1515.0,35.3,169,0,5600.36,5965.7,9.100000000000023
7951,H,296.9,307.3,1420.0,51.8,189,0,7702.77,9790.199999999999,10.400000000000034
7952,L,299.3,310.7,1402.0,33.3,11,0,4889.01,366.29999999999995,11.399999999999977
7953,M,302.1,312.1,1456.0,50.7,196,0,7730.33,9937.2,10.0
7954,L,299.6,308.4,1273.0,40.2,86,0,5358.99,3457.2000000000003,8.799999999999955
7955,M,298.2,307.3,1726.0,38.1,71,0,6886.43,2705.1,9.100000000000023
7956,L,296.9,306.1,1157.0,23.3,234,0,2823.05,5452.2,9.200000000000045
7957,M,298.1,307.7,1568.0,51.6,226,0,8472.75,11661.6,9.599999999999966
7958,M,296.6,307.7,1386.0,41.1,127,0,5965.32,5219.7,11.099999999999966
7959,L,300.1,311.3,1893.0,24.0,79,0,4757.63,1896.0,11.199999999999989
7960,L,301.8,311.6,1542.0,43.7,83,0,7056.58,3627.1000000000004,9.800000000000011
7961,M,297.5,307.7,1157.0,34.0,27,0,4119.47,918.0,10.199999999999989
7962,L,300.5,309.7,1635.0,40.5,157,0,6934.28,6358.5,9.199999999999989
7963,L,301.7,310.0,1342.0,42.3,202,1,5944.58,8544.599999999999,8.300000000000011
7964,L,300.0,311.8,1714.0,52.0,49,0,9333.46,2548.0,11.800000000000011
7965,L,296.8,304.5,1648.0,28.7,144,0,4952.99,4132.8,7.699999999999989
7966,L,300.8,308.9,1801.0,45.6,137,0,8600.17,6247.2,8.099999999999966
7967,L,299.9,311.7,1571.0,53.1,215,1,8735.73,11416.5,11.800000000000011
7968,L,299.7,309.7,1684.0,65.0,246,1,11462.62,15990.0,10.0
7969,L,298.9,307.8,1545.0,50.4,94,0,8154.32,4737.599999999999,8.900000000000034
7970,M,300.2,310.9,1432.0,43.5,10,0,6523.2,435.0,10.699999999999989
7971,H,301.0,311.8,1728.0,42.6,174,0,7708.71,7412.400000000001,10.800000000000011
7972,M,304.8,313.4,1317.0,55.4,135,0,7640.54,7479.0,8.599999999999966
7973,L,300.2,309.7,1531.0,37.0,30,0,5932.06,1110.0,9.5
7974,H,303.0,313.9,1436.0,47.8,100,0,7188.05,4780.0,10.899999999999977
7975,L,300.7,309.9,1688.0,61.8,164,0,10924.2,10135.199999999999,9.199999999999989
7976,L,299.8,310.1,1368.0,38.8,160,0,5558.36,6208.0,10.300000000000011
7977,H,300.3,311.7,1464.0,19.8,136,0,3035.53,2692.8,11.399999999999977
7978,M,297.6,305.2,1545.0,31.3,173,0,5064.09,5414.900000000001,7.599999999999966
7979,M,300.6,310.3,1804.0,42.8,130,0,8085.54,5564.0,9.699999999999989
7980,M,296.0,306.3,1442.0,31.6,240,0,4771.79,7584.0,10.300000000000011
7981,L,298.3,306.5,1466.0,36.4,12,0,5588.1,436.79999999999995,8.199999999999989
7982,L,300.2,309.7,1296.0,37.0,243,0,5021.52,8991.0,9.5
7983,M,302.4,313.4,1362.0,45.5,155,0,6489.59,7052.5,11.0
7984,L,302.9,312.2,1611.0,30.5,51,0,5145.46,1555.5,9.300000000000011
7985,L,299.5,308.0,1543.0,34.1,188,0,5509.97,6410.8,8.5
7986,M,300.3,311.4,1546.0,53.9,151,0,8726.23,8138.9,11.099999999999966
7987,M,302.0,312.4,1849.0,35.1,9,0,6796.3,315.90000000000003,10.399999999999977
7988,L,297.3,307.3,1238.0,47.1,169,0,6106.19,7959.900000000001,10.0
7989,M,300.8,310.7,1952.0,40.0,164,0,8176.52,6560.0,9.899999999999977
7990,M,298.3,309.4,1748.0,39.7,14,0,7267.09,555.8000000000001,11.099999999999966
7991,M,299.7,310.0,1479.0,47.3,105,0,7325.85,4966.5,10.300000000000011
7992,L,299.1,309.7,1608.0,21.3,155,0,3586.69,3301.5,10.599999999999966
7993,L,300.9,310.2,1415.0,44.3,164,0,6564.31,7265.2,9.300000000000011
7994,L,301.1,309.2,1595.0,45.4,192,0,7583.07,8716.8,8.099999999999966
7995,L,301.8,312.4,1922.0,48.4,140,0,9741.53,6776.0,10.599999999999966
7996,L,300.7,311.8,1422.0,36.2,58,0,5390.6,2099.6000000000004,11.100000000000023
7997,L,300.3,310.1,1496.0,39.9,195,0,6250.76,7780.5,9.800000000000011
7998,L,303.7,314.6,1402.0,15.5,55,0,2275.66,852.5,10.900000000000034
7999,H,297.0,306.6,1431.0,33.2,231,0,4975.15,7669.200000000001,9.600000000000023
8000,L,303.4,313.3,1465.0,41.6,29,0,6382.04,1206.4,9.900000000000034
8001,M,299.4,311.2,1342.0,54.5,243,1,7659.1,13243.5,11.800000000000011
8002,M,301.1,310.9,1490.0,58.3,63,0,9096.69,3672.8999999999996,9.799999999999955
8003,L,299.3,309.0,1547.0,36.5,66,0,5913.05,2409.0,9.699999999999989
8004,H,298.6,306.7,1465.0,48.6,19,0,7455.94,923.4,8.099999999999966
8005,L,301.0,311.7,1126.0,38.4,245,0,4527.91,9408.0,10.699999999999989
8006,L,302.1,311.4,1510.0,23.8,98,0,3763.42,2332.4,9.299999999999955
8007,M,300.9,311.1,1529.0,45.9,26,0,7349.35,1193.3999999999999,10.200000000000045
8008,L,298.9,308.6,1877.0,58.1,111,0,11420.08,6449.1,9.700000000000045
8009,M,305.5999999999999,316.25000000000006,1542.0,36.1,139,0,5829.35,5017.900000000001,10.650000000000148
8010,L,302.4,312.3,1705.0,30.9,108,0,5517.11,3337.2,9.900000000000034
8011,M,301.9,311.8,1461.0,40.6,242,0,6211.62,9825.2,9.900000000000034
8012,L,299.3,310.5,1770.0,38.7,40,0,7173.2,1548.0,11.199999999999989
8013,M,298.7,310.3,1368.0,65.9,207,1,9440.61,13641.300000000001,11.600000000000023
8014,L,299.4,310.1,1628.0,49.9,223,1,8507.14,11127.699999999999,10.700000000000045
8015,M,302.2,313.4,1688.0,41.2,50,0,7282.8,2060.0,11.199999999999989
8016,M,298.0,308.9,1662.0,13.34999999999999,96,0,2323.49,1281.599999999999,10.899999999999977
8017,L,297.9,308.4,1925.0,38.5,79,0,7761.04,3041.5,10.5
8018,M,301.1,312.5,1433.0,58.3,28,0,8748.7,1632.3999999999999,11.399999999999977
8019,L,300.6,309.3,1791.0,40.7,90,0,7633.41,3663.0000000000005,8.699999999999989
8020,M,298.5,307.8,1744.0,48.1,222,0,8784.56,10678.2,9.300000000000011
8021,L,297.8,307.0,1546.0,43.8,50,0,7091.08,2190.0,9.199999999999989
8022,M,302.9,312.6,1867.0,35.1,58,0,6862.46,2035.8000000000002,9.700000000000045
8023,M,300.7,311.4,1511.0,56.7,87,0,8971.73,4932.900000000001,10.699999999999989
8024,L,297.3,306.2,1541.0,41.8,127,0,6745.4,5308.599999999999,8.899999999999977
8025,L,297.4,307.9,1537.0,32.9,158,0,5295.4,5198.2,10.5
8026,L,299.3,308.7,1310.0,40.1,136,0,5501.03,5453.6,9.399999999999977
8027,M,301.5,311.1,1674.0,54.1,108,0,9483.78,5842.8,9.600000000000023
8028,L,301.2,311.4,1646.0,25.2,227,0,4343.69,5720.4,10.199999999999989
8029,L,302.3,313.9,1519.0,42.6,197,0,6776.35,8392.2,11.599999999999966
8030,M,297.0,306.3,1853.0,40.6,29,0,7878.26,1177.4,9.300000000000011
8031,L,300.4,310.4,1459.0,24.6,89,0,3758.54,2189.4,10.0
8032,M,302.9,311.8,1228.0,47.5,39,0,6108.3,1852.5,8.900000000000034
8033,L,302.7,311.9,1878.0,42.5,6,0,8358.21,255.0,9.199999999999989
8034,L,300.7,309.6,1718.0,48.7,199,0,8761.55,9691.300000000001,8.900000000000034
8035,M,304.7,314.9,1650.0,51.2,186,0,8846.72,9523.2,10.199999999999989
8036,L,301.2,311.6,1477.0,39.3,138,0,6078.57,5423.4,10.400000000000034
8037,L,302.1,312.8,1599.0,34.4,2,0,5760.17,68.8,10.699999999999989
8038,M,300.1,309.3,1312.0,25.7,131,0,3530.98,3366.7,9.199999999999989
8039,L,298.4,308.9,1497.0,33.5,224,0,5251.64,7504.0,10.5
8040,H,298.2,308.4,1376.0,40.0,19,0,5763.78,760.0,10.199999999999989
8041,H,300.4,310.3,1584.0,30.3,4,0,5026.05,121.2,9.900000000000034
8042,L,299.6,308.3,1703.0,45.7,161,0,8150.03,7357.700000000001,8.699999999999989
8043,L,296.5,306.6,1350.0,30.9,141,0,4368.38,4356.9,10.100000000000023
8044,M,297.9,308.1,1667.0,22.3,140,0,3892.86,3122.0,10.200000000000045
8045,L,299.4,309.5,1573.0,34.1,188,0,5617.09,6410.8,10.100000000000023
8046,L,301.5,311.9,1660.0,41.7,176,0,7248.91,7339.200000000001,10.399999999999977
8047,M,300.0,310.7,1494.0,27.4,44,0,4286.77,1205.6,10.699999999999989
8048,L,299.9,308.8,1664.0,31.1,52,0,5419.29,1617.2,8.900000000000034
8049,M,298.0,307.8,1413.0,33.6,23,0,4971.76,772.8000000000001,9.800000000000011
8050,L,300.0,310.6,1236.0,34.9,221,0,4517.23,7712.9,10.600000000000023
8051,L,302.6,312.4,1277.0,42.9,190,0,5736.89,8151.0,9.799999999999955
8052,L,300.3,311.3,1448.0,46.3,231,0,7020.66,10695.3,11.0
8053,H,297.0,307.1,1249.0,35.2,202,0,4603.98,7110.400000000001,10.100000000000023
8054,M,297.5,305.5,1815.0,29.6,8,0,5625.96,236.8,8.0
8055,M,301.2,312.0,1523.0,41.3,190,0,6586.86,7846.999999999999,10.800000000000011
8056,L,299.6,309.4,1702.0,45.1,55,0,8038.31,2480.5,9.799999999999955
8057,L,299.9,308.1,1678.0,56.0,76,0,9840.31,4256.0,8.200000000000045
8058,L,298.8,308.5,1539.0,51.3,76,0,8267.7,3898.7999999999997,9.699999999999989
8059,L,301.0,309.7,2026.5,27.4,223,0,5814.68,6110.2,8.699999999999989
8060,L,299.4,310.2,2026.5,38.5,198,0,8170.26,7623.0,10.800000000000011
8061,M,299.6,309.6,1787.0,44.4,127,0,8308.76,5638.8,10.0
8062,L,298.3,307.4,1375.0,31.4,202,0,4521.28,6342.799999999999,9.099999999999966
8063,H,301.8,312.7,1794.0,36.4,127,0,6838.37,4622.8,10.899999999999977
8064,L,299.6,310.0,1225.0,46.6,112,0,5977.93,5219.2,10.399999999999977
8065,H,301.2,311.0,1788.0,42.4,41,0,7938.93,1738.3999999999999,9.800000000000011
8066,L,297.6,306.4,1080.0,39.9,0,0,4512.58,0.0,8.799999999999955
8067,L,303.5,312.6,1480.0,33.4,63,0,5176.51,2104.2,9.100000000000023
8068,L,302.6,311.7,1754.0,25.5,219,0,4683.8,5584.5,9.099999999999966
8069,L,296.2,306.9,1606.0,36.8,71,0,6189.02,2612.7999999999997,10.699999999999989
8070,L,298.4,306.7,1273.0,39.0,14,1,5199.02,546.0,8.300000000000011
8071,L,301.0,310.9,1568.0,25.3,68,0,4154.27,1720.4,9.899999999999977
8072,L,297.4,307.1,1607.0,40.4,149,0,6798.7,6019.599999999999,9.700000000000045
8073,M,299.7,310.8,1574.0,43.8,147,0,7219.51,6438.599999999999,11.100000000000023
8074,M,300.9,311.1,1465.0,33.0,195,0,5062.68,6435.0,10.200000000000045
8075,M,299.6,310.2,1691.0,43.9,249,0,7773.86,10931.1,10.599999999999966
8076,L,301.1,310.6,1742.0,42.6,44,0,7771.17,1874.4,9.5
8077,M,298.6,307.4,1510.0,36.9,88,0,5834.88,3247.2,8.799999999999955
8078,L,295.5,305.2,1810.0,35.8,79,0,6785.63,2828.2,9.699999999999989
8079,L,302.0,312.7,1510.0,36.6,167,0,5787.44,6112.2,10.699999999999989
8080,L,302.0,312.7,1450.0,31.4,173,0,4767.89,5432.2,10.699999999999989
8081,L,305.0,314.6,1780.0,43.3,90,0,8071.17,3896.9999999999995,9.600000000000023
8082,L,295.6,304.7,1774.0,31.5,62,0,5851.84,1953.0,9.099999999999966
8083,L,301.5,310.4,1427.0,32.1,92,0,4796.87,2953.2000000000003,8.899999999999977
8084,L,296.1,305.9,1401.0,44.9,139,0,6587.39,6241.099999999999,9.799999999999955
8085,M,303.5,313.6,1853.0,37.5,179,0,7276.71,6712.5,10.100000000000023
8086,M,301.0,312.4,1519.0,40.5,6,0,6442.31,243.0,11.399999999999977
8087,H,298.1,308.2,1538.0,22.9,215,0,3688.25,4923.5,10.099999999999966
8088,M,301.6,312.2,1492.0,34.7,54,0,5421.59,1873.8000000000002,10.599999999999966
8089,L,298.9,308.1,1774.0,56.6,132,0,10514.74,7471.2,9.200000000000045
8090,M,300.6,310.6,1921.0,22.2,46,0,4465.9,1021.1999999999999,10.0
8091,M,300.4,310.6,1550.0,57.3,233,1,9300.69,13350.9,10.200000000000045
8092,L,303.5,313.3,1970.0,42.5,96,0,8767.66,4080.0,9.800000000000011
8093,L,303.6,313.6,1438.0,34.6,165,0,5210.31,5709.0,10.0
8094,H,298.8,308.9,1487.0,37.9,103,0,5901.72,3903.7,10.099999999999966
8095,L,302.1,312.6,1658.0,52.2,42,0,9063.24,2192.4,10.5
8096,H,300.7,311.9,1391.0,17.2,197,0,2505.44,3388.3999999999996,11.199999999999989
8097,L,297.2,304.9,1656.0,54.0,135,0,9364.46,7290.0,7.699999999999989
8098,L,298.6,309.7,1445.0,42.5,85,0,6431.1,3612.5,11.099999999999966
8099,L,304.7,313.0,1261.0,50.0,177,1,6602.58,8850.0,8.300000000000011
8100,L,300.7,311.0,1226.0,22.5,117,0,2888.69,2632.5,10.300000000000011
8101,M,302.0,314.4,1480.0,37.6,77,0,5827.44,2895.2000000000003,12.399999999999977
8102,H,299.6,309.5,1612.0,16.7,136,0,2819.1,2271.2,9.899999999999977
8103,L,298.9,309.1,1294.0,51.8,140,0,7019.28,7252.0,10.200000000000045
8104,L,300.1,309.7,1569.0,30.1,49,0,4945.59,1474.9,9.599999999999966
8105,M,299.5,310.1,1570.0,30.0,95,0,4932.3,2850.0,10.600000000000023
8106,M,297.0,307.4,1507.0,20.6,77,0,3250.94,1586.2,10.399999999999977
8107,L,298.0,307.3,1372.0,44.3,162,0,6364.82,7176.599999999999,9.300000000000011
8108,L,301.4,311.3,1581.0,40.6,24,0,6721.81,974.4000000000001,9.900000000000034
8109,M,299.2,308.1,1512.0,32.5,188,0,5145.93,6110.0,8.900000000000034
8110,M,300.1,309.9,1713.0,42.5,30,0,7623.86,1275.0,9.799999999999955
8111,L,300.5,310.1,1306.0,32.1,246,0,4390.12,7896.6,9.600000000000023
8112,L,300.6,310.8,1558.0,22.4,48,0,3654.64,1075.1999999999998,10.199999999999989
8113,H,302.3,311.6,1310.0,36.3,170,0,4979.74,6170.999999999999,9.300000000000011
8114,M,297.8,307.6,1495.0,56.3,44,0,8814.1,2477.2,9.800000000000011
8115,L,301.1,311.1,1341.0,49.6,115,0,6965.29,5704.0,10.0
8116,L,301.5,311.6,1373.0,44.4,211,1,6383.84,9368.4,10.100000000000023
8117,M,302.0,312.2,1537.0,42.3,233,0,6808.37,9855.9,10.199999999999989
8118,L,297.2,307.0,1436.0,36.3,100,0,5458.71,3629.9999999999995,9.800000000000011
8119,L,300.5,309.7,1800.0,47.2,6,0,8896.99,283.20000000000005,9.199999999999989
8120,L,303.4,313.5,1749.0,45.5,244,1,8333.55,11102.0,10.100000000000023
8121,L,299.8,309.6,1682.0,39.1,201,0,6887.02,7859.1,9.800000000000011
8122,M,301.0,312.0,1678.0,41.9,133,1,7362.66,5572.7,11.0
8123,L,301.6,312.7,1561.0,23.9,216,0,3906.87,5162.4,11.099999999999966
8124,M,297.9,306.6,1771.0,35.1,49,0,6509.6,1719.9,8.700000000000045
8125,L,303.7,314.3,1485.0,28.0,197,0,4354.25,5516.0,10.600000000000023
8126,L,301.0,311.8,1917.0,27.8,44,0,5580.79,1223.2,10.800000000000011
8127,L,301.0,309.7,1369.0,44.6,181,0,6393.92,8072.6,8.699999999999989
8128,H,296.7,307.3,1335.0,27.3,123,0,3816.56,3357.9,10.600000000000023
8129,M,301.6,312.5,1288.0,47.6,144,0,6420.24,6854.400000000001,10.899999999999977
8130,L,301.0,310.1,1319.0,50.2,85,0,6933.89,4267.0,9.100000000000023
8131,M,303.2,313.0,1246.0,39.3,86,0,5127.9,3379.7999999999997,9.800000000000011
8132,M,299.4,309.6,1576.0,33.9,156,0,5594.8,5288.4,10.200000000000045
8133,H,298.0,308.6,1690.0,50.2,191,0,8884.21,9588.2,10.600000000000023
8134,L,298.6,307.6,1544.0,45.4,198,0,7340.6,8989.199999999999,9.0
8135,M,299.0,310.1,1290.0,51.8,98,0,6997.58,5076.4,11.100000000000023
8136,L,297.8,305.7,1453.0,29.1,119,0,4427.79,3462.9,7.899999999999977
8137,L,302.6,313.9,1688.0,37.3,102,0,6593.41,3804.6,11.299999999999955
8138,H,302.7,313.2,1476.0,37.7,115,0,5827.15,4335.5,10.5
8139,L,299.6,309.0,1395.0,42.0,147,0,6135.53,6174.0,9.399999999999977
8140,L,299.2,310.1,1267.0,46.1,25,0,6116.54,1152.5,10.900000000000034
8141,L,296.4,305.3,1462.0,41.3,220,0,6323.04,9086.0,8.900000000000034
8142,M,301.4,311.5,1412.0,53.2,156,0,7866.38,8299.2,10.100000000000023
8143,M,303.3,313.5,1522.0,36.2,6,0,5769.68,217.20000000000002,10.199999999999989
8144,L,298.7,309.0,1623.0,29.5,126,0,5013.82,3717.0,10.300000000000011
8145,H,299.8,308.9,1487.0,33.3,161,0,5185.42,5361.299999999999,9.099999999999966
8146,L,300.9,310.4,1571.0,32.0,4,0,5264.47,128.0,9.5
8147,L,303.4,313.6,1622.0,35.4,204,0,6012.88,7221.599999999999,10.200000000000045
8148,H,300.4,309.7,1317.0,37.2,133,0,5130.47,4947.6,9.300000000000011
8149,L,300.4,310.7,1875.0,37.6,223,0,7382.74,8384.800000000001,10.300000000000011
8150,L,300.4,309.7,1405.0,42.2,227,1,6208.94,9579.400000000001,9.300000000000011
8151,L,297.1,308.1,1630.0,35.3,32,0,6025.47,1129.6,11.0
8152,M,297.1,308.7,1334.0,50.3,170,0,7026.72,8551.0,11.599999999999966
8153,L,298.4,308.1,1557.0,20.6,186,0,3358.8,3831.6000000000004,9.700000000000045
8154,H,302.0,312.9,1564.0,17.7,32,0,2898.94,566.4,10.899999999999977
8155,M,299.3,309.1,1834.0,49.9,210,1,9583.6,10479.0,9.800000000000011
8156,L,298.9,308.0,1496.0,49.1,104,0,7692.04,5106.400000000001,9.100000000000023
8157,M,298.9,308.5,1770.0,52.2,188,0,9675.48,9813.6,9.600000000000023
8158,L,299.7,309.8,1589.0,46.2,145,0,7687.67,6699.0,10.100000000000023
8159,L,303.4,311.6,1869.0,39.9,141,0,7809.28,5625.9,8.200000000000045
8160,M,299.7,310.3,1219.0,37.3,148,0,4761.47,5520.4,10.600000000000023
8161,H,298.4,308.5,1624.0,23.9,166,0,4064.55,3967.3999999999996,10.100000000000023
8162,L,300.1,311.1,1059.0,41.4,161,0,4591.19,6665.4,11.0
8163,L,303.5,314.1,1527.0,25.6,158,0,4093.62,4044.8,10.600000000000023
8164,L,299.0,309.1,1720.0,64.5,80,0,11617.61,5160.0,10.100000000000023
8165,L,297.6,307.3,1796.0,29.6,134,0,5567.07,3966.4,9.699999999999989
8166,L,299.0,310.5,1670.0,39.1,84,0,6837.89,3284.4,11.5
8167,L,300.3,312.4,1485.0,54.9,70,0,8537.44,3843.0,12.099999999999966
8168,M,301.4,311.0,1635.0,36.3,128,0,6215.17,4646.4,9.600000000000023
8169,L,302.0,313.1,1988.0,36.3,85,0,7557.04,3085.4999999999995,11.100000000000023
8170,L,297.9,307.2,1551.0,14.1,21,0,2290.13,296.09999999999997,9.300000000000011
8171,M,298.1,307.5,1710.0,26.9,86,0,4817.0,2313.4,9.399999999999977
8172,M,299.4,309.0,1461.0,45.5,91,0,6961.3,4140.5,9.600000000000023
8173,L,301.4,312.1,1729.0,56.6,190,0,10248.02,10754.0,10.700000000000045
8174,L,297.5,306.4,1700.0,31.0,231,1,5518.73,7161.0,8.899999999999977
8175,M,298.8,310.3,1428.0,41.9,189,0,6265.72,7919.099999999999,11.5
8176,L,298.8,309.8,1677.0,66.55000000000001,45,0,11687.18,2994.7500000000005,11.0
8177,L,301.9,312.5,1685.0,45.5,56,0,8028.6,2548.0,10.600000000000023
8178,M,301.1,310.8,1670.0,49.6,221,0,8674.15,10961.6,9.699999999999989
8179,L,301.8,312.6,1530.0,32.3,172,0,5175.15,5555.599999999999,10.800000000000011
8180,L,302.7,309.8,1758.0,55.4,201,1,10198.99,11135.4,7.100000000000023
8181,L,299.4,309.8,1370.0,33.0,75,0,4734.38,2475.0,10.400000000000034
8182,L,297.6,307.8,1539.0,31.3,236,0,5044.42,7386.8,10.199999999999989
8183,L,297.6,305.8,1557.0,54.6,207,1,8902.46,11302.2,8.199999999999989
8184,H,296.3,306.7,1747.0,33.6,212,0,6146.97,7123.200000000001,10.399999999999977
8185,L,299.1,309.7,1365.0,39.9,12,0,5703.4,478.79999999999995,10.599999999999966
8186,L,299.2,307.4,1581.0,56.1,238,1,9288.02,13351.800000000001,8.199999999999989
8187,L,301.6,310.4,1449.0,30.8,195,0,4673.56,6006.0,8.799999999999955
8188,H,300.0,312.1,1557.0,37.5,36,0,6114.32,1350.0,12.100000000000023
8189,L,299.0,308.8,1608.0,33.8,93,0,5691.56,3143.3999999999996,9.800000000000011
8190,L,299.8,310.7,1309.0,36.6,217,1,5017.06,7942.200000000001,10.899999999999977
8191,M,297.9,309.0,1764.0,40.3,141,0,7444.44,5682.299999999999,11.100000000000023
8192,L,302.1,312.4,1614.0,53.2,36,0,8991.74,1915.2,10.299999999999955
8193,L,298.4,309.4,1384.0,56.3,216,1,8159.68,12160.8,11.0
8194,L,297.7,305.6,1476.0,41.5,102,0,6414.5,4233.0,7.900000000000034
8195,L,301.6,311.4,1805.0,32.7,90,0,6180.93,2943.0000000000005,9.799999999999955
8196,L,301.1,308.1,1612.0,46.7,13,0,7883.35,607.1,7.0
8197,M,296.6,304.8,1365.0,40.0,193,1,5717.7,7720.0,8.199999999999989
8198,L,301.7,311.2,1397.0,40.3,193,0,5895.63,7777.9,9.5
8199,L,298.5,307.9,1649.0,29.6,160,0,5111.41,4736.0,9.399999999999977
8200,L,299.3,309.3,1671.0,23.8,129,0,4164.68,3070.2000000000003,10.0
8201,L,300.4,310.4,1602.0,39.7,225,0,6660.11,8932.5,10.0
8202,L,301.2,311.3,1485.0,29.2,180,0,4540.86,5256.0,10.100000000000023
8203,H,300.9,311.1,1682.0,34.6,88,0,6094.4,3044.8,10.200000000000045
8204,L,299.9,310.2,1482.0,54.7,54,0,8489.15,2953.8,10.300000000000011
8205,M,299.2,308.2,1385.0,39.2,172,0,5685.44,6742.400000000001,9.0
8206,L,300.8,310.1,1822.0,50.9,36,0,9711.69,1832.3999999999999,9.300000000000011
8207,L,299.8,309.7,1625.0,42.8,154,0,7283.26,6591.2,9.899999999999977
8208,L,303.6,313.6,1397.0,45.7,217,1,6685.61,9916.900000000001,10.0
8209,L,301.2,310.1,1562.0,34.4,179,0,5626.89,6157.599999999999,8.900000000000034
8210,L,298.2,309.2,1542.0,51.4,238,1,8299.96,12233.199999999999,11.0
8211,L,299.0,309.8,1475.0,43.0,85,0,6641.85,3655.0,10.800000000000011
8212,M,300.1,309.2,1579.0,37.3,126,0,6167.65,4699.799999999999,9.099999999999966
8213,L,302.6,312.4,1371.0,43.0,115,0,6173.54,4945.0,9.799999999999955
8214,L,302.8,314.8,1694.0,32.8,174,0,5818.56,5707.2,12.0
8215,L,299.2,309.4,1536.0,37.0,57,0,5951.43,2109.0,10.199999999999989
8216,L,298.1,308.5,1249.0,39.3,134,0,5140.24,5266.2,10.399999999999977
8217,L,297.9,307.3,1497.0,34.7,140,0,5439.76,4858.0,9.400000000000034
8218,L,300.5,310.2,1427.0,55.4,47,0,8278.7,2603.7999999999997,9.699999999999989
8219,L,304.6,316.1,1046.5,35.8,114,0,3923.29,4081.2,11.5
8220,M,301.1,311.2,1510.0,60.6,155,0,9582.49,9393.0,10.099999999999966
8221,M,296.8,306.7,1723.0,40.6,172,0,7325.54,6983.2,9.899999999999977
8222,L,298.5,308.6,1518.0,37.6,183,0,5977.07,6880.8,10.100000000000023
8223,L,298.8,311.3,1664.0,34.9,219,0,6081.45,7643.099999999999,12.5
8224,M,298.4,308.4,1539.0,44.1,215,0,7107.32,9481.5,10.0
8225,L,299.2,308.4,1456.0,48.8,162,0,7440.63,7905.599999999999,9.199999999999989
8226,L,300.7,310.1,1407.0,14.6,124,0,2151.17,1810.3999999999999,9.400000000000034
8227,L,301.4,312.1,1308.0,39.9,54,0,5465.24,2154.6,10.700000000000045
8228,L,302.2,310.8,1703.0,20.1,96,0,3584.59,1929.6000000000001,8.600000000000023
8229,L,301.0,311.5,1668.0,49.7,164,0,8681.23,8150.8,10.5
8230,L,296.1,305.4,1488.0,49.9,136,0,7775.57,6786.4,9.299999999999955
8231,L,297.9,306.0,1175.0,40.3,113,1,4958.74,4553.9,8.100000000000023
8232,L,299.7,308.7,1622.0,42.0,130,0,7133.93,5460.0,9.0
8233,M,300.3,310.3,1376.0,25.7,115,0,3703.23,2955.5,10.0
8234,L,301.7,313.1,1563.0,34.4,129,0,5630.49,4437.599999999999,11.400000000000034
8235,L,300.1,311.0,1262.0,33.8,185,0,4466.88,6252.999999999999,10.899999999999977
8236,L,300.1,309.8,1554.0,35.4,21,0,5760.8,743.4,9.699999999999989
8237,M,300.5,311.4,1514.0,48.6,212,0,7705.32,10303.2,10.899999999999977
8238,M,299.5,309.1,1106.0,52.7,228,1,6103.72,12015.6,9.600000000000023
8239,M,300.2,308.7,1827.0,46.0,23,0,8800.86,1058.0,8.5
8240,L,302.3,312.3,1479.0,36.7,205,0,5684.12,7523.500000000001,10.0
8241,M,299.8,308.3,1491.0,32.5,53,0,5074.46,1722.5,8.5
8242,M,299.9,310.7,1633.0,40.8,224,0,6977.1,9139.199999999999,10.800000000000011
8243,L,299.9,310.7,1528.0,42.9,144,0,6864.51,6177.599999999999,10.800000000000011
8244,L,302.6,311.7,1603.0,37.7,185,0,6328.54,6974.500000000001,9.099999999999966
8245,L,297.8,307.9,1333.0,33.3,185,0,4648.39,6160.499999999999,10.099999999999966
8246,M,303.6,313.7,1512.0,46.0,148,0,7283.47,6808.0,10.099999999999966
8247,L,297.6,308.5,1196.0,47.0,76,0,5886.51,3572.0,10.899999999999977
8248,L,298.7,307.4,1495.0,26.8,62,0,4195.7,1661.6000000000001,8.699999999999989
8249,H,301.5,312.1,1796.0,36.1,190,0,6789.57,6859.0,10.600000000000023
8250,M,302.1,310.7,1268.0,47.6,107,0,6320.55,5093.2,8.599999999999966
8251,H,297.2,308.0,1475.0,49.7,114,0,7676.74,5665.8,10.800000000000011
8252,H,297.8,308.9,1157.0,40.5,43,0,4907.01,1741.5,11.099999999999966
8253,L,300.6,309.9,1539.0,43.5,167,0,7010.62,7264.5,9.299999999999955
8254,M,304.7,315.9,1621.0,42.4,74,0,7197.43,3137.6,11.199999999999989
8255,L,302.5,310.9,1606.0,49.4,193,0,8308.09,9534.199999999999,8.399999999999977
8256,M,299.5,310.6,1430.0,28.9,228,0,4327.75,6589.2,11.100000000000023
8257,L,295.2,306.6,1154.0,42.6,91,0,5148.07,3876.6,11.400000000000034
8258,H,300.2,310.5,1315.0,31.0,117,0,4268.9,3627.0,10.300000000000011
8259,M,300.7,310.5,1762.0,50.7,194,0,9354.97,9835.800000000001,9.800000000000011
8260,M,299.2,309.5,1695.0,29.4,206,0,5218.5,6056.4,10.300000000000011
8261,L,298.3,307.7,1521.0,44.0,173,0,7008.26,7612.0,9.399999999999977
8262,L,300.3,312.9,1567.0,31.1,151,0,5103.38,4696.1,12.599999999999966
8263,M,298.1,307.5,1354.0,47.4,71,0,6720.87,3365.4,9.399999999999977
8264,L,303.7,315.1,1769.0,44.3,197,0,8206.54,8727.099999999999,11.400000000000034
8265,M,303.0,312.3,1409.0,42.3,223,0,6241.37,9432.9,9.300000000000011
8266,L,301.3,312.9,1616.0,59.4,232,1,10052.09,13780.8,11.599999999999966
8267,M,300.2,312.2,1300.0,32.9,178,0,4478.86,5856.2,12.0
8268,L,298.7,309.1,1506.0,49.1,98,0,7743.46,4811.8,10.400000000000034
8269,M,300.0,310.2,1761.0,51.6,119,0,9515.63,6140.400000000001,10.199999999999989
8270,M,303.3,312.3,1368.0,49.1,204,0,7033.9,10016.4,9.0
8271,L,301.7,310.7,1672.0,33.2,219,0,5813.04,7270.8,9.0
8272,L,300.4,310.7,1344.0,37.6,105,0,5291.95,3948.0,10.300000000000011
8273,L,301.8,313.3,1376.0,33.9,131,0,4884.8,4440.9,11.5
8274,L,301.1,310.5,1536.0,36.9,121,0,5935.35,4464.9,9.399999999999977
8275,L,300.8,313.0,1711.0,31.5,158,0,5644.03,4977.0,12.199999999999989
8276,M,302.0,311.4,1484.0,36.3,192,0,5641.17,6969.599999999999,9.399999999999977
8277,L,301.0,311.3,1648.0,54.5,29,0,9405.51,1580.5,10.300000000000011
8278,L,301.7,311.9,1742.0,36.7,199,0,6694.88,7303.3,10.199999999999989
8279,L,300.3,310.2,1399.0,41.0,39,0,6006.62,1599.0,9.899999999999977
8280,L,299.5,307.4,1264.0,32.7,237,1,4328.36,7749.900000000001,7.899999999999977
8281,L,298.9,308.3,1474.0,39.8,116,0,6143.41,4616.799999999999,9.400000000000034
8282,H,298.7,308.9,1765.0,48.1,122,0,8890.34,5868.2,10.199999999999989
8283,M,296.8,306.7,1392.0,44.8,13,0,6530.49,582.4,9.899999999999977
8284,L,298.2,308.8,1719.0,54.0,43,0,9720.72,2322.0,10.600000000000023
8285,L,298.1,308.9,1491.0,27.9,219,0,4356.23,6110.099999999999,10.799999999999955
8286,M,299.0,308.7,1852.0,32.4,161,0,6283.69,5216.4,9.699999999999989
8287,L,303.1,312.2,1939.0,35.8,166,0,7269.25,5942.799999999999,9.099999999999966
8288,L,299.7,311.2,1722.0,55.1,131,0,9936.04,7218.1,11.5
8289,L,300.5,309.1,1243.0,42.9,215,0,5584.15,9223.5,8.600000000000023
8290,L,300.5,310.0,1107.0,25.8,154,0,2990.86,3973.2000000000003,9.5
8291,H,303.2,312.3,1548.0,50.8,41,0,8234.99,2082.7999999999997,9.100000000000023
8292,M,298.8,309.6,1700.0,41.0,138,0,7298.97,5658.0,10.800000000000011
8293,L,299.6,310.9,1627.0,48.8,117,0,8314.5,5709.599999999999,11.299999999999955
8294,L,299.8,309.6,1408.0,55.7,86,0,8212.71,4790.2,9.800000000000011
8295,M,302.3,312.5,1272.0,30.2,105,0,4022.75,3171.0,10.199999999999989
8296,M,302.7,313.1,1704.0,55.7,31,0,9939.25,1726.7,10.400000000000034
8297,M,300.9,312.8,1870.0,39.2,122,0,7676.38,4782.400000000001,11.900000000000034
8298,M,302.5,310.7,1418.0,35.8,49,0,5316.04,1754.1999999999998,8.199999999999989
8299,L,300.4,311.1,1685.0,41.4,52,0,7305.15,2152.7999999999997,10.700000000000045
8300,M,299.7,310.0,2003.0,28.0,131,0,5873.1,3668.0,10.300000000000011
8301,M,302.4,312.0,1504.0,39.7,146,0,6252.69,5796.200000000001,9.600000000000023
8302,L,301.0,311.3,1507.0,37.5,70,0,5917.98,2625.0,10.300000000000011
8303,M,298.5,309.3,1638.0,30.6,32,0,5248.85,979.2,10.800000000000011
8304,L,302.0,312.6,1487.0,33.5,77,0,5216.56,2579.5,10.600000000000023
8305,L,299.6,311.7,1777.0,51.2,124,0,9527.65,6348.8,12.099999999999966
8306,L,299.3,309.5,1465.0,38.1,76,0,5845.09,2895.6,10.199999999999989
8307,L,301.8,311.8,1532.0,30.1,197,0,4828.96,5929.700000000001,10.0
8308,L,299.8,309.6,1279.0,44.4,122,0,5946.78,5416.8,9.800000000000011
8309,L,300.8,311.3,1495.0,47.5,82,0,7436.41,3895.0,10.5
8310,L,301.3,311.3,1357.0,39.9,54,0,5669.98,2154.6,10.0
8311,L,298.4,308.4,1599.0,27.6,8,0,4621.53,220.8,10.0
8312,L,300.8,310.8,1240.0,14.5,189,0,1882.86,2740.5,10.0
8313,L,302.7,312.6,1713.0,30.9,226,1,5542.99,6983.4,9.900000000000034
8314,M,298.1,307.5,1382.0,50.4,61,0,7294.02,3074.4,9.399999999999977
8315,L,300.9,311.3,1857.0,49.5,240,1,9626.0,11880.0,10.400000000000034
8316,L,298.3,308.1,1783.0,32.0,114,0,5974.89,3648.0,9.800000000000011
8317,M,302.0,312.7,1633.0,37.6,47,0,6429.88,1767.2,10.699999999999989
8318,M,302.0,312.1,1262.0,46.9,248,0,6198.13,11631.199999999999,10.100000000000023
8319,M,299.3,308.9,1425.0,38.5,89,0,5745.19,3426.5,9.599999999999966
8320,L,304.4,316.0,1377.0,49.2,67,0,7094.6,3296.4,11.600000000000023
8321,L,302.2,312.1,1399.0,38.9,47,0,5698.96,1828.3,9.900000000000034
8322,M,301.4,312.0,1820.0,44.7,91,0,8519.37,4067.7000000000003,10.600000000000023
8323,L,301.3,310.6,1510.0,36.7,154,0,5803.25,5651.8,9.300000000000011
8324,L,302.0,309.9,1420.0,32.1,114,0,4773.34,3659.4,7.899999999999977
8325,L,298.0,307.4,1404.0,51.5,54,0,7571.87,2781.0,9.399999999999977
8326,M,300.4,308.3,1442.0,24.9,171,0,3760.05,4257.9,7.900000000000034
8327,L,300.8,310.5,1633.0,33.9,70,0,5797.15,2373.0,9.699999999999989
8328,H,299.2,310.7,1246.0,39.0,179,0,5088.75,6981.0,11.5
8329,M,300.9,310.0,1555.0,48.5,56,0,7897.7,2716.0,9.100000000000023
8330,L,302.5,310.4,1613.0,31.1,136,0,5253.19,4229.6,7.899999999999977
8331,M,299.2,310.7,1227.0,41.2,97,0,5293.83,3996.4,11.5
8332,M,299.9,309.4,1284.0,26.1,246,0,3509.41,6420.6,9.5
8333,M,298.4,308.3,1529.0,44.3,7,0,7093.16,310.09999999999997,9.900000000000034
8334,L,296.4,307.2,1795.0,58.1,183,0,10921.17,10632.300000000001,10.800000000000011
8335,M,301.6,312.1,1753.0,20.4,9,0,3744.9,183.6,10.5
8336,L,299.9,310.7,1429.0,32.7,192,0,4893.38,6278.400000000001,10.800000000000011
8337,H,300.1,311.0,1790.0,48.2,113,0,9035.01,5446.6,10.899999999999977
8338,L,298.0,306.3,1480.0,66.55000000000001,199,1,10314.27,13243.450000000003,8.300000000000011
8339,L,299.6,308.2,1479.0,45.8,44,0,7093.53,2015.1999999999998,8.599999999999966
8340,M,302.2,313.4,1554.0,32.6,166,0,5305.14,5411.6,11.199999999999989
8341,M,300.0,309.2,1688.0,38.4,45,0,6787.85,1728.0,9.199999999999989
8342,L,300.1,309.4,1428.0,27.7,230,0,4142.25,6371.0,9.299999999999955
8343,L,300.4,309.2,1466.0,47.9,16,0,7353.57,766.4,8.800000000000011
8344,L,297.5,307.1,1314.0,50.3,81,0,6921.37,4074.2999999999997,9.600000000000023
8345,H,301.2,310.9,1600.0,53.9,225,1,9031.03,12127.5,9.699999999999989
8346,M,297.5,306.6,1705.0,36.6,226,0,6534.83,8271.6,9.100000000000023
8347,M,298.1,307.1,1716.0,31.9,127,0,5732.4,4051.2999999999997,9.0
8348,L,297.9,308.2,1293.0,54.8,114,0,7420.06,6247.2,10.300000000000011
8349,L,299.6,308.8,1469.0,53.7,66,0,8260.85,3544.2000000000003,9.199999999999989
8350,M,299.3,308.7,1760.0,30.1,75,0,5547.63,2257.5,9.399999999999977
8351,M,300.0,307.8,1579.0,36.2,189,0,5985.76,6841.8,7.800000000000011
8352,L,298.2,310.1,1544.0,47.8,67,0,7728.65,3202.6,11.900000000000034
8353,M,302.0,313.0,1539.0,37.4,163,0,6027.52,6096.2,11.0
8354,L,301.7,311.2,1634.0,40.2,8,0,6878.71,321.6,9.5
8355,L,299.7,308.8,1589.0,25.3,162,0,4209.91,4098.6,9.100000000000023
8356,L,299.0,309.1,1435.0,28.7,194,0,4312.83,5567.8,10.100000000000023
8357,L,298.8,308.8,1695.0,39.0,216,0,6922.5,8424.0,10.0
8358,L,299.4,308.1,1322.0,32.9,51,0,4554.66,1677.8999999999999,8.700000000000045
8359,L,297.2,304.6,1774.0,28.5,117,0,5294.53,3334.5,7.400000000000034
8360,L,298.1,307.6,1377.0,36.8,89,0,5306.53,3275.2,9.5
8361,M,301.7,310.2,1636.0,31.2,100,0,5345.23,3120.0,8.5
8362,L,300.6,310.8,1508.0,40.2,111,0,6348.28,4462.200000000001,10.199999999999989
8363,L,303.3,313.4,1452.0,49.8,90,0,7572.24,4482.0,10.099999999999966
8364,L,299.4,308.4,1781.0,36.9,155,0,6882.07,5719.5,9.0
8365,L,299.3,308.7,1670.0,35.7,57,0,6243.29,2034.9,9.399999999999977
8366,M,299.2,310.9,1527.0,50.6,210,0,8091.3,10626.0,11.699999999999989
8367,L,299.4,310.1,1850.0,47.2,151,0,9144.13,7127.200000000001,10.700000000000045
8368,M,298.7,308.2,1713.0,47.8,58,0,8574.6,2772.3999999999996,9.5
8369,M,300.5,312.8,1393.0,14.8,36,0,2158.94,532.8000000000001,12.300000000000011
8370,L,300.1,308.9,1133.0,35.4,103,0,4200.12,3646.2,8.799999999999955
8371,L,299.0,308.2,1557.0,34.2,235,0,5576.26,8037.000000000001,9.199999999999989
8372,L,302.5,312.4,1785.0,31.7,37,0,5925.51,1172.8999999999999,9.899999999999977
8373,L,303.8,312.3,1647.0,50.4,152,0,8692.66,7660.8,8.5
8374,M,302.3,314.1,1819.0,34.5,225,0,6571.74,7762.5,11.800000000000011
8375,L,301.1,311.3,1430.0,26.1,14,0,3908.46,365.40000000000003,10.199999999999989
8376,L,301.5,310.7,1517.0,42.4,143,0,6735.66,6063.2,9.199999999999989
8377,L,303.7,314.2,1521.0,39.8,54,0,6339.29,2149.2,10.5
8378,L,301.5,311.7,1581.0,30.7,249,0,5082.75,7644.3,10.199999999999989
8379,L,298.8,308.5,1675.0,50.0,131,0,8770.28,6550.0,9.699999999999989
8380,L,300.8,309.6,1830.0,45.2,25,0,8662.0,1130.0,8.800000000000011
8381,L,301.3,309.8,1867.0,45.2,238,0,8837.13,10757.6,8.5
8382,L,298.0,310.2,1836.0,44.7,38,0,8594.27,1698.6000000000001,12.199999999999989
8383,M,299.4,308.1,1657.0,50.8,184,0,8814.85,9347.199999999999,8.700000000000045
8384,M,302.2,313.9,1476.0,38.4,126,0,5935.35,4838.4,11.699999999999989
8385,L,296.4,305.5,1578.0,27.5,127,0,4544.31,3492.5,9.100000000000023
8386,L,297.5,308.3,1655.0,37.8,46,0,6551.16,1738.8,10.800000000000011
8387,H,299.6,310.1,1562.0,23.4,217,0,3827.59,5077.799999999999,10.5
8388,L,300.7,311.4,1374.0,29.3,175,0,4215.83,5127.5,10.699999999999989
8389,L,297.3,308.0,1455.0,56.0,91,0,8532.57,5096.0,10.699999999999989
8390,L,299.7,308.1,1693.0,28.9,176,0,5123.7,5086.4,8.400000000000034
8391,M,302.3,311.6,1493.0,28.2,164,0,4408.97,4624.8,9.300000000000011
8392,L,300.1,308.8,1542.0,46.6,37,0,7524.87,1724.2,8.699999999999989
8393,H,301.9,312.1,1523.0,48.5,99,0,7735.18,4801.5,10.200000000000045
8394,M,298.8,307.5,1378.0,23.3,61,0,3362.28,1421.3,8.699999999999989
8395,M,298.4,306.4,1507.0,42.4,60,0,6691.26,2544.0,8.0
8396,M,301.7,311.5,1456.0,34.4,201,0,5245.04,6914.4,9.800000000000011
8397,L,300.7,308.5,1414.0,43.2,117,0,6396.79,5054.400000000001,7.800000000000011
8398,L,297.6,307.9,1348.0,36.9,224,0,5208.89,8265.6,10.299999999999955
8399,M,298.4,307.1,1519.0,26.3,7,0,4183.52,184.1,8.700000000000045
8400,H,303.1,312.3,1648.0,35.1,37,0,6057.49,1298.7,9.199999999999989
8401,L,298.2,305.9,1738.0,46.1,105,0,8390.34,4840.5,7.699999999999989
8402,H,301.9,313.5,1288.0,59.3,35,0,7998.33,2075.5,11.600000000000023
8403,L,299.0,307.6,1825.0,43.8,212,0,8370.77,9285.599999999999,8.600000000000023
8404,L,300.0,309.6,1590.0,36.0,55,0,5994.16,1980.0,9.600000000000023
8405,L,300.6,308.8,1336.0,28.2,44,1,3945.34,1240.8,8.199999999999989
8406,L,295.8,305.0,1465.0,38.3,49,0,5875.77,1876.6999999999998,9.199999999999989
8407,L,297.1,308.8,1201.0,36.1,19,0,4540.24,685.9,11.699999999999989
8408,L,300.2,310.5,1247.0,42.9,190,0,5602.12,8151.0,10.300000000000011
8409,L,298.6,307.8,1846.0,39.3,182,0,7597.19,7152.599999999999,9.199999999999989
8410,L,302.0,312.0,1412.0,44.7,161,0,6609.53,7196.700000000001,10.0
8411,L,296.8,306.2,1634.0,36.3,101,0,6211.37,3666.2999999999997,9.399999999999977
8412,H,301.1,311.0,1518.0,56.9,106,0,9045.09,6031.4,9.899999999999977
8413,L,297.2,308.0,1541.0,45.7,91,0,7374.75,4158.7,10.800000000000011
8414,L,299.3,309.0,1603.0,32.9,31,0,5522.78,1019.9,9.699999999999989
8415,L,297.9,308.1,1164.0,49.9,203,0,6082.5,10129.699999999999,10.200000000000045
8416,L,303.8,314.0,1774.0,28.4,200,0,5275.95,5680.0,10.199999999999989
8417,M,297.3,307.0,1520.0,31.4,42,0,4998.06,1318.8,9.699999999999989
8418,L,299.8,309.0,1447.0,31.9,78,0,4833.79,2488.2,9.199999999999989
8419,M,296.5,306.0,1621.0,53.1,140,0,9013.76,7434.0,9.5
8420,L,303.2,313.9,1408.0,38.1,1,0,5617.67,38.1,10.699999999999989
8421,L,300.8,311.6,1575.0,33.6,188,0,5541.77,6316.8,10.800000000000011
8422,L,300.3,309.1,1508.0,41.5,211,0,6553.57,8756.5,8.800000000000011
8423,L,302.9,312.7,1665.0,45.3,141,0,7898.44,6387.299999999999,9.800000000000011
8424,L,300.3,309.5,1499.0,55.7,169,0,8743.5,9413.300000000001,9.199999999999989
8425,L,300.4,311.2,1353.0,25.0,142,0,3542.15,3550.0,10.800000000000011
8426,L,300.3,309.8,1602.0,52.5,92,0,8807.46,4830.0,9.5
8427,L,301.1,313.3,1489.0,19.3,121,0,3009.4,2335.3,12.199999999999989
8428,H,299.0,309.2,1212.0,48.9,212,0,6206.4,10366.8,10.199999999999989
8429,L,299.6,310.8,1573.0,51.5,137,0,8483.3,7055.5,11.199999999999989
8430,L,301.6,310.6,1441.0,52.0,183,0,7846.86,9516.0,9.0
8431,L,300.6,310.6,1599.0,45.6,116,0,7635.58,5289.6,10.0
8432,L,299.8,310.4,1384.0,29.3,180,0,4246.51,5274.0,10.599999999999966
8433,L,297.2,306.2,1322.0,47.3,249,1,6548.19,11777.699999999999,9.0
8434,M,303.0,313.0,1749.0,29.3,104,0,5366.44,3047.2000000000003,10.0
8435,H,298.7,309.7,1688.0,30.6,57,0,5409.07,1744.2,11.0
8436,L,302.0,311.6,1536.0,35.4,229,0,5694.07,8106.599999999999,9.600000000000023
8437,L,300.4,309.5,1616.0,36.3,212,0,6142.94,7695.599999999999,9.100000000000023
8438,L,297.4,309.2,1683.0,42.3,98,0,7455.09,4145.4,11.800000000000011
8439,M,302.5,311.3,1536.0,33.0,235,0,5308.03,7755.0,8.800000000000011
8440,L,300.5,310.7,1321.0,43.2,208,0,5976.06,8985.6,10.199999999999989
8441,L,302.7,312.0,1591.0,26.2,117,0,4365.16,3065.4,9.300000000000011
8442,L,299.6,308.7,1717.0,40.3,249,0,7246.09,10034.699999999999,9.099999999999966
8443,M,301.4,312.1,1644.0,37.2,107,0,6404.33,3980.4,10.700000000000045
8444,L,296.5,306.3,1548.0,50.0,61,0,8105.31,3050.0,9.800000000000011
8445,L,299.0,309.4,1639.0,51.0,56,0,8753.42,2856.0,10.399999999999977
8446,M,297.5,305.2,1498.0,38.2,190,0,5992.44,7258.000000000001,7.699999999999989
8447,L,299.3,309.8,1724.0,20.4,131,0,3682.95,2672.3999999999996,10.5
8448,M,300.9,310.2,1779.0,25.2,77,0,4694.67,1940.3999999999999,9.300000000000011
8449,L,298.8,306.9,1305.0,51.1,103,1,6983.29,5263.3,8.099999999999966
8450,M,301.7,313.6,1737.0,38.5,95,0,7003.08,3657.5,11.900000000000034
8451,M,298.3,308.9,1938.0,57.3,209,0,11628.86,11975.699999999999,10.599999999999966
8452,L,301.8,312.0,1632.0,48.8,122,0,8340.05,5953.599999999999,10.199999999999989
8453,M,302.6,313.9,1714.0,42.4,161,0,7610.36,6826.4,11.299999999999955
8454,L,302.0,312.3,1422.0,41.2,31,0,6135.15,1277.2,10.300000000000011
8455,H,299.3,308.5,1447.0,28.5,77,0,4318.59,2194.5,9.199999999999989
8456,L,295.7,305.6,1500.0,33.6,227,0,5277.88,7627.200000000001,9.900000000000034
8457,M,301.2,310.5,1465.0,44.0,161,0,6750.24,7084.0,9.300000000000011
8458,L,299.7,309.2,1303.0,36.5,197,0,4980.42,7190.5,9.5
8459,H,298.0,306.8,1507.0,44.6,39,0,7038.45,1739.4,8.800000000000011
8460,L,298.9,307.9,1687.0,50.2,34,0,8868.44,1706.8000000000002,9.0
8461,H,302.9,313.8,1305.0,38.1,14,0,5206.72,533.4,10.900000000000034
8462,H,297.7,308.1,1570.0,35.6,50,0,5853.0,1780.0,10.400000000000034
8463,L,300.9,310.4,1564.0,31.0,19,0,5077.23,589.0,9.5
8464,M,300.4,309.4,1484.0,48.2,219,0,7490.48,10555.800000000001,9.0
8465,H,299.3,308.9,1626.0,47.4,36,0,8071.0,1706.3999999999999,9.599999999999966
8466,L,301.3,309.6,1610.0,61.7,242,1,10402.55,14931.400000000001,8.300000000000011
8467,L,303.3,313.4,1471.0,41.7,37,0,6423.58,1542.9,10.099999999999966
8468,L,299.4,310.4,1727.0,38.9,148,0,7035.1,5757.2,11.0
8469,L,299.5,311.9,1638.0,44.6,215,0,7650.28,9589.0,12.399999999999977
8470,L,301.2,310.1,1819.0,37.0,9,0,7047.95,333.0,8.900000000000034
8471,L,301.8,312.7,1526.0,31.1,99,0,4969.85,3078.9,10.899999999999977
8472,L,299.7,309.0,1480.0,40.8,181,0,6323.4,7384.799999999999,9.300000000000011
8473,L,299.4,308.3,1500.0,44.5,136,0,6990.04,6052.0,8.900000000000034
8474,L,295.6,304.4,1748.0,45.1,213,0,8255.56,9606.300000000001,8.799999999999955
8475,M,298.4,308.6,1511.0,44.3,169,0,7009.66,7486.7,10.200000000000045
8476,M,297.7,306.8,1522.0,50.5,100,0,8048.87,5050.0,9.100000000000023
8477,L,301.4,310.8,1889.0,45.1,143,0,8921.48,6449.3,9.400000000000034
8478,M,299.5,309.1,1297.0,42.6,106,0,5786.0,4515.6,9.600000000000023
8479,M,299.4,308.7,1601.0,27.3,23,0,4577.02,627.9,9.300000000000011
8480,H,300.0,309.2,1526.0,42.3,3,0,6759.64,126.89999999999999,9.199999999999989
8481,L,298.3,305.8,1493.0,38.2,171,0,5972.44,6532.200000000001,7.5
8482,L,303.1,313.2,1367.0,28.7,117,0,4108.46,3357.9,10.099999999999966
8483,H,302.6,312.7,1419.0,44.9,150,0,6672.02,6735.0,10.099999999999966
8484,H,303.2,312.4,1464.0,45.1,41,0,6914.27,1849.1000000000001,9.199999999999989
8485,M,301.4,311.7,1626.0,44.1,213,0,7509.1,9393.300000000001,10.300000000000011
8486,M,299.9,311.3,1690.0,45.4,119,0,8034.73,5402.599999999999,11.400000000000034
8487,L,303.2,313.3,1219.0,41.1,193,0,5246.55,7932.3,10.100000000000023
8488,L,298.6,310.0,1322.0,37.4,91,0,5177.64,3403.4,11.399999999999977
8489,L,298.3,310.5,1636.0,57.5,116,0,9850.99,6670.0,12.199999999999989
8490,L,298.8,311.3,1651.0,41.4,18,0,7157.74,745.1999999999999,12.5
8491,M,301.0,309.9,1276.0,14.6,147,0,1950.89,2146.2,8.899999999999977
8492,L,298.5,307.3,1694.0,15.7,155,0,2785.11,2433.5,8.800000000000011
8493,L,299.7,309.2,1535.0,51.9,105,0,8342.66,5449.5,9.5
8494,H,296.8,306.9,1671.0,21.6,23,0,3779.71,496.8,10.099999999999966
8495,L,301.0,312.5,1385.0,34.5,218,0,5003.77,7521.0,11.5
8496,H,297.0,307.6,1289.0,27.8,235,0,3752.55,6533.0,10.600000000000023
8497,H,298.1,306.9,1482.0,36.9,1,0,5726.68,36.9,8.799999999999955
8498,L,302.4,311.8,1490.0,43.7,248,0,6818.62,10837.6,9.400000000000034
8499,L,302.4,312.3,1480.0,33.3,6,0,5161.01,199.79999999999998,9.900000000000034
8500,L,300.7,309.3,1468.0,31.8,123,0,4888.57,3911.4,8.600000000000023
8501,L,300.6,310.6,1841.0,47.2,0,0,9099.64,0.0,10.0
8502,L,298.9,307.7,1233.0,66.1,138,0,8534.8,9121.8,8.800000000000011
8503,L,298.5,306.8,1386.0,45.3,178,0,6574.91,8063.4,8.300000000000011
8504,H,299.3,308.3,1463.0,30.8,187,0,4718.71,5759.6,9.0
8505,L,297.0,307.4,1542.0,48.6,158,0,7847.82,7678.8,10.399999999999977
8506,M,300.5,310.9,1665.0,57.3,29,0,9990.74,1661.6999999999998,10.399999999999977
8507,L,300.1,310.2,1692.0,50.5,76,0,8947.88,3838.0,10.099999999999966
8508,L,298.1,309.1,1730.0,24.5,151,0,4438.55,3699.5,11.0
8509,H,303.1,314.0,1624.0,45.2,17,0,7686.93,768.4000000000001,10.899999999999977
8510,L,301.2,311.4,1228.0,35.3,185,0,4539.43,6530.499999999999,10.199999999999989
8511,L,301.4,311.5,1240.0,40.4,204,0,5246.04,8241.6,10.100000000000023
8512,M,299.0,309.2,1743.0,36.2,246,0,6607.46,8905.2,10.199999999999989
8513,M,300.0,309.8,1731.0,47.3,16,0,8574.07,756.8,9.800000000000011
8514,M,301.3,309.1,1651.0,36.4,45,0,6293.28,1638.0,7.800000000000011
8515,L,300.3,311.4,1391.0,54.0,111,0,7865.92,5994.0,11.099999999999966
8516,L,303.2,313.6,1480.0,39.9,221,0,6183.91,8817.9,10.400000000000034
8517,H,299.6,308.4,1466.0,37.7,18,0,5787.67,678.6,8.799999999999955
8518,H,299.0,310.4,1354.0,45.6,11,0,6465.65,501.6,11.399999999999977
8519,L,301.3,310.7,1584.0,43.5,217,0,7215.61,9439.5,9.399999999999977
8520,M,297.5,307.4,1923.0,45.9,81,0,9243.16,3717.9,9.899999999999977
8521,L,301.8,312.9,1449.0,38.6,139,0,5857.12,5365.400000000001,11.099999999999966
8522,L,297.4,307.6,1770.0,53.2,235,1,9860.83,12502.0,10.200000000000045
8523,L,301.3,312.6,1379.0,49.8,49,0,7191.55,2440.2,11.300000000000011
8524,L,298.7,308.4,1262.0,39.8,233,0,5259.82,9273.4,9.699999999999989
8525,L,301.0,312.6,1714.0,48.1,193,0,8633.45,9283.300000000001,11.600000000000023
8526,L,301.8,311.0,1498.0,37.3,147,0,5851.26,5483.099999999999,9.199999999999989
8527,L,300.3,311.6,1765.0,45.6,5,0,8428.26,228.0,11.300000000000011
8528,M,297.6,305.3,1801.0,48.1,128,0,9071.67,6156.8,7.699999999999989
8529,M,298.2,307.1,1488.0,42.4,217,0,6606.9,9200.8,8.900000000000034
8530,M,298.5,308.8,1778.0,31.7,134,0,5902.28,4247.8,10.300000000000011
8531,H,296.2,305.8,1381.0,28.0,95,0,4049.3,2660.0,9.600000000000023
8532,L,302.3,312.2,1378.0,42.8,54,0,6176.2,2311.2,9.899999999999977
8533,L,300.2,310.3,1729.0,32.7,224,0,5920.68,7324.800000000001,10.100000000000023
8534,M,297.7,306.5,1260.0,50.4,201,0,6650.12,10130.4,8.800000000000011
8535,L,302.9,311.8,1537.0,24.9,123,0,4007.76,3062.7,8.900000000000034
8536,L,298.6,308.8,1761.0,53.0,108,0,9773.81,5724.0,10.199999999999989
8537,L,300.5,309.8,1773.0,40.4,104,0,7500.99,4201.599999999999,9.300000000000011
8538,M,298.3,309.7,1460.0,31.4,14,0,4800.77,439.59999999999997,11.399999999999977
8539,L,296.0,305.8,1718.0,35.4,94,0,6368.76,3327.6,9.800000000000011
8540,M,297.3,308.0,1336.0,37.9,151,0,5302.42,5722.9,10.699999999999989
8541,L,299.1,309.5,1418.0,44.7,28,0,6637.62,1251.6000000000001,10.399999999999977
8542,M,301.8,311.2,1579.0,27.7,81,0,4580.26,2243.7,9.399999999999977
8543,M,300.7,308.7,1605.0,30.3,198,0,5092.68,5999.400000000001,8.0
8544,M,300.3,311.5,1350.0,36.7,33,0,5188.34,1211.1000000000001,11.199999999999989
8545,L,296.0,305.0,1871.0,39.6,205,1,7758.85,8118.0,9.0
8546,L,302.5,312.1,1201.0,47.0,211,0,5911.12,9917.0,9.600000000000023
8547,M,300.4,310.3,1547.0,42.6,92,0,6901.26,3919.2000000000003,9.900000000000034
8548,L,299.8,309.7,1573.0,36.0,36,0,5930.07,1296.0,9.899999999999977
8549,L,302.3,313.2,1225.0,42.3,169,0,5426.32,7148.7,10.899999999999977
8550,L,302.5,312.5,1775.0,41.5,191,0,7713.92,7926.5,10.0
8551,H,302.3,312.2,1405.0,37.4,94,0,5502.71,3515.6,9.899999999999977
8552,L,299.5,310.5,1555.0,41.1,146,0,6692.69,6000.6,11.0
8553,M,298.0,308.6,1596.0,18.5,150,0,3091.96,2775.0,10.600000000000023
8554,L,302.0,311.2,1277.0,49.2,70,0,6579.37,3444.0,9.199999999999989
8555,L,297.3,306.1,1346.0,45.4,5,0,6399.26,227.0,8.800000000000011
8556,M,303.9,313.1,1817.0,54.8,246,1,10427.11,13480.8,9.200000000000045
8557,L,300.1,310.0,1526.0,31.8,98,0,5081.71,3116.4,9.899999999999977
8558,L,297.9,306.6,1055.0,45.6,220,0,5037.86,10032.0,8.700000000000045
8559,M,297.5,307.6,1483.0,20.9,54,0,3245.76,1128.6,10.100000000000023
8560,M,297.4,307.3,1532.0,22.3,204,0,3577.6,4549.2,9.900000000000034
8561,L,300.3,307.7,1577.0,37.5,38,0,6192.86,1425.0,7.399999999999977
8562,M,300.0,308.6,1180.0,34.1,24,1,4213.71,818.4000000000001,8.600000000000023
8563,M,297.5,304.6,1532.0,50.3,97,0,8069.66,4879.099999999999,7.100000000000023
8564,M,299.3,308.9,1388.0,51.6,82,0,7500.11,4231.2,9.599999999999966
8565,L,297.3,308.3,1577.0,52.7,3,0,8703.04,158.10000000000002,11.0
8566,L,301.2,309.3,1628.0,45.9,215,0,7825.2,9868.5,8.100000000000023
8567,H,299.9,308.6,1609.0,46.3,32,0,7801.28,1481.6,8.700000000000045
8568,M,299.2,309.1,1789.0,27.1,234,0,5077.01,6341.400000000001,9.900000000000034
8569,L,297.4,306.4,1930.0,53.8,65,0,10873.47,3497.0,9.0
8570,L,299.4,308.3,1335.0,52.4,129,0,7325.57,6759.599999999999,8.900000000000034
8571,L,299.2,309.7,1469.0,26.2,141,0,4030.43,3694.2,10.5
8572,L,300.6,310.1,1671.0,44.6,177,0,7804.41,7894.2,9.5
8573,L,300.3,308.8,1515.0,34.5,10,0,5473.44,345.0,8.5
8574,L,301.6,309.5,1050.0,58.3,33,1,6410.42,1923.8999999999999,7.899999999999977
8575,M,299.0,311.2,1503.0,30.2,246,0,4753.29,7429.2,12.199999999999989
8576,L,296.3,307.4,1758.0,40.8,165,0,7511.17,6731.999999999999,11.099999999999966
8577,M,302.0,311.5,1288.0,41.8,219,0,5637.94,9154.199999999999,9.5
8578,L,298.1,308.2,1577.0,39.4,166,0,6506.64,6540.4,10.099999999999966
8579,L,297.8,307.3,1196.0,61.3,149,1,7677.51,9133.699999999999,9.5
8580,L,299.9,310.4,1693.0,56.7,41,0,10052.37,2324.7000000000003,10.5
8581,L,300.6,309.8,1581.0,23.6,224,0,3907.26,5286.400000000001,9.199999999999989
8582,M,298.9,308.4,1436.0,44.8,229,0,6736.92,10259.199999999999,9.5
8583,M,298.9,309.4,1463.0,39.8,243,0,6097.56,9671.4,10.5
8584,L,299.2,310.7,1269.0,48.2,222,0,6405.27,10700.400000000001,11.5
8585,L,302.8,313.6,1718.0,42.0,184,0,7556.16,7728.0,10.800000000000011
8586,L,300.0,311.2,1394.0,31.8,205,0,4642.14,6519.0,11.199999999999989
8587,M,298.1,307.8,1627.0,29.6,165,0,5043.22,4884.0,9.699999999999989
8588,M,298.1,307.5,1365.0,35.9,8,0,5131.63,287.2,9.399999999999977
8589,L,299.5,307.6,1931.0,38.7,87,0,7825.68,3366.9,8.100000000000023
8590,M,300.5,310.5,1817.0,41.8,28,0,7953.53,1170.3999999999999,10.0
8591,M,301.0,311.3,1909.0,34.2,196,0,6836.92,6703.200000000001,10.300000000000011
8592,L,300.2,309.9,1930.0,56.9,169,0,11500.01,9616.1,9.699999999999989
8593,L,298.3,307.5,1424.0,45.2,59,0,6740.27,2666.8,9.199999999999989
8594,H,299.2,310.4,1379.0,48.6,166,0,7018.26,8067.6,11.199999999999989
8595,M,301.5,312.1,1900.0,38.5,90,0,7660.25,3465.0,10.600000000000023
8596,L,297.7,309.0,1512.0,29.6,199,0,4686.75,5890.400000000001,11.300000000000011
8597,L,299.1,308.1,1687.0,48.7,220,0,8603.45,10714.0,9.0
8598,L,301.2,310.5,1426.0,30.0,59,0,4479.91,1770.0,9.300000000000011
8599,L,301.8,313.0,1429.0,19.8,180,0,2962.96,3564.0,11.199999999999989
8600,M,299.6,309.6,1686.0,45.5,125,0,8033.37,5687.5,10.0
8601,L,299.2,308.6,1185.0,32.4,75,0,4020.61,2430.0,9.400000000000034
8602,M,297.4,306.9,1678.0,36.6,135,0,6431.34,4941.0,9.5
8603,M,301.1,311.0,1631.0,46.8,105,0,7993.34,4914.0,9.899999999999977
8604,L,302.6,313.6,1443.0,30.6,104,0,4623.98,3182.4,11.0
8605,L,305.1,315.0,1542.0,23.9,148,0,3859.32,3537.2,9.899999999999977
8606,L,300.8,311.6,1570.0,52.0,183,0,8549.32,9516.0,10.800000000000011
8607,M,299.9,310.4,1580.0,39.3,175,0,6502.47,6877.499999999999,10.5
8608,L,298.2,307.3,1661.0,52.4,46,0,9114.43,2410.4,9.100000000000023
8609,M,296.2,305.4,1392.0,46.1,8,0,6719.99,368.8,9.199999999999989
8610,M,300.4,309.9,2020.0,46.4,77,0,9815.17,3572.7999999999997,9.5
8611,L,304.7,313.4,1501.0,41.5,128,0,6523.15,5312.0,8.699999999999989
8612,H,302.5,312.0,1514.0,41.5,54,0,6579.65,2241.0,9.5
8613,H,302.2,313.7,1886.0,51.2,30,0,10112.07,1536.0,11.5
8614,L,300.5,310.5,1210.0,48.0,79,0,6082.12,3792.0,10.0
8615,L,300.7,310.0,1884.0,34.0,230,0,6707.93,7820.0,9.300000000000011
8616,H,295.2,307.1,1554.0,44.8,90,0,7290.51,4031.9999999999995,11.900000000000034
8617,H,301.5,310.6,1443.0,33.7,138,0,5092.43,4650.6,9.100000000000023
8618,L,298.8,307.9,1337.0,36.8,65,0,5152.38,2392.0,9.099999999999966
8619,L,298.6,309.8,1310.0,45.6,187,0,6255.54,8527.2,11.199999999999989
8620,L,299.4,310.0,1476.0,33.6,30,0,5193.43,1008.0,10.600000000000023
8621,H,299.3,309.2,1587.0,41.4,177,0,6880.28,7327.8,9.899999999999977
8622,L,298.6,309.4,1649.0,43.7,59,0,7546.24,2578.3,10.799999999999955
8623,L,300.0,310.3,1585.0,36.5,215,0,6058.3,7847.5,10.300000000000011
8624,M,298.9,307.7,1446.0,47.1,61,0,7132.11,2873.1,8.800000000000011
8625,L,300.2,307.8,1777.0,35.5,166,0,6606.09,5893.0,7.600000000000023
8626,M,297.0,306.5,2016.0,49.3,130,0,10407.97,6409.0,9.5
8627,L,299.6,310.7,1805.0,41.2,111,0,7787.59,4573.200000000001,11.099999999999966
8628,M,297.8,307.4,1473.0,41.6,185,0,6416.89,7696.0,9.599999999999966
8629,L,298.7,309.2,1627.0,30.9,67,0,5264.71,2070.2999999999997,10.5
8630,M,300.3,310.5,1639.0,37.6,29,0,6453.5,1090.4,10.199999999999989
8631,M,296.8,305.1,1825.0,41.8,66,0,7988.55,2758.7999999999997,8.300000000000011
8632,L,298.4,307.9,1477.0,50.1,67,0,7749.02,3356.7000000000003,9.5
8633,L,301.1,311.5,1365.0,36.7,185,0,5245.99,6789.500000000001,10.399999999999977
8634,L,297.2,306.4,1740.0,50.1,76,0,9128.84,3807.6,9.199999999999989
8635,L,303.6,313.2,1610.0,32.4,180,0,5462.6,5832.0,9.599999999999966
8636,M,302.4,312.8,1339.0,43.2,13,0,6057.49,561.6,10.400000000000034
8637,M,299.0,309.1,1664.0,34.9,137,0,6081.45,4781.3,10.100000000000023
8638,L,298.4,309.5,1867.0,55.3,205,1,10811.8,11336.5,11.100000000000023
8639,M,300.4,310.8,1413.0,53.5,208,0,7916.34,11128.0,10.400000000000034
8640,M,297.1,306.1,1378.0,42.7,21,0,6161.77,896.7,9.0
8641,M,296.0,305.5,1543.0,34.6,190,0,5590.76,6574.0,9.5
8642,L,299.1,309.1,1659.0,24.8,60,0,4308.51,1488.0,10.0
8643,L,299.7,311.1,1524.0,43.7,173,0,6974.21,7560.1,11.400000000000034
8644,L,300.2,309.7,1741.0,42.0,36,0,7657.32,1512.0,9.5
8645,L,298.8,307.0,1584.0,48.4,20,0,8028.4,968.0,8.199999999999989
8646,L,302.5,313.0,1719.0,25.3,216,0,4554.34,5464.8,10.5
8647,L,297.0,306.3,1408.0,41.3,130,0,6089.5,5369.0,9.300000000000011
8648,L,297.7,306.4,1318.0,44.2,146,0,6100.51,6453.200000000001,8.699999999999989
8649,M,301.0,311.0,1477.0,30.9,31,0,4779.34,957.9,10.0
8650,L,297.7,308.6,1296.0,41.1,206,0,5577.96,8466.6,10.900000000000034
8651,L,297.6,307.0,1611.0,32.7,232,0,5516.61,7586.400000000001,9.399999999999977
8652,L,300.2,310.7,1177.0,31.7,23,0,3907.19,729.1,10.5
8653,L,297.9,308.6,1456.0,34.6,200,0,5275.53,6920.0,10.700000000000045
8654,L,299.7,310.5,1486.0,37.2,73,0,5788.82,2715.6000000000004,10.800000000000011
8655,L,298.6,307.9,1350.0,52.2,175,0,7379.6,9135.0,9.299999999999955
8656,L,298.3,307.2,1483.0,36.7,95,0,5699.49,3486.5000000000005,8.899999999999977
8657,L,295.8,304.8,1538.0,31.5,57,0,5073.36,1795.5,9.0
8658,L,300.3,311.1,1765.0,48.0,167,0,8871.86,8016.0,10.800000000000011
8659,L,297.5,308.2,1351.0,50.1,134,0,7087.97,6713.400000000001,10.699999999999989
8660,M,299.7,308.7,1601.0,48.1,45,0,8064.27,2164.5,9.0
8661,L,299.0,311.1,1637.0,53.5,113,0,9171.3,6045.5,12.100000000000023
8662,L,299.6,308.5,1534.0,41.8,218,0,6714.76,9112.4,8.899999999999977
8663,L,299.7,310.7,1448.0,41.4,125,0,6277.66,5175.0,11.0
8664,L,300.4,311.9,1334.0,32.9,142,0,4596.0,4671.8,11.5
8665,L,298.5,308.7,1877.0,53.8,235,1,10574.87,12643.0,10.199999999999989
8666,L,302.5,311.7,1551.0,39.0,212,0,6334.39,8268.0,9.199999999999989
8667,M,296.3,305.6,1481.0,36.9,73,0,5722.82,2693.7,9.300000000000011
8668,L,299.5,309.3,1917.0,36.0,86,0,7226.92,3096.0,9.800000000000011
8669,L,301.7,312.8,1577.0,46.2,4,0,7629.61,184.8,11.100000000000023
8670,M,301.0,309.8,1993.0,40.7,240,0,8494.35,9768.0,8.800000000000011
8671,H,298.1,306.2,1284.0,41.8,186,1,5620.43,7774.799999999999,8.099999999999966
8672,L,298.4,308.7,1495.0,36.7,249,0,5745.61,9138.300000000001,10.300000000000011
8673,L,298.0,308.6,1292.0,37.9,197,0,5127.79,7466.299999999999,10.600000000000023
8674,L,301.2,313.2,1516.0,38.4,21,0,6096.2,806.4,12.0
8675,L,298.5,307.1,1515.0,54.1,27,0,8582.99,1460.7,8.600000000000023
8676,L,300.5,310.4,1456.0,22.0,181,0,3354.38,3982.0,9.899999999999977
8677,L,300.5,311.7,1547.0,44.4,18,0,7192.86,799.1999999999999,11.199999999999989
8678,M,304.7,314.9,1464.0,50.7,112,0,7772.8,5678.400000000001,10.199999999999989
8679,L,300.6,310.4,1518.0,21.6,13,0,3433.64,280.8,9.799999999999955
8680,L,298.4,309.2,1402.0,39.2,175,0,5755.23,6860.000000000001,10.800000000000011
8681,L,297.1,306.5,1796.0,49.7,134,0,9347.41,6659.8,9.399999999999977
8682,M,299.4,310.3,1339.0,32.4,206,0,4543.12,6674.4,10.900000000000034
8683,L,299.8,308.5,1576.0,42.6,159,0,7030.63,6773.400000000001,8.699999999999989
8684,M,295.6,304.1,1324.0,30.6,149,1,4242.66,4559.400000000001,8.5
8685,L,298.6,308.3,1388.0,40.2,45,0,5843.11,1809.0000000000002,9.699999999999989
8686,L,300.6,308.0,1407.0,52.6,84,0,7750.12,4418.400000000001,7.399999999999977
8687,L,298.9,309.0,1514.0,56.8,210,1,9005.4,11928.0,10.100000000000023
8688,L,301.9,310.2,1569.0,42.4,140,0,6966.54,5936.0,8.300000000000011
8689,L,296.9,307.2,1339.0,27.2,21,0,3813.98,571.1999999999999,10.300000000000011
8690,L,301.4,311.5,1463.0,36.8,137,0,5637.94,5041.599999999999,10.100000000000023
8691,L,301.8,311.8,1360.0,21.8,237,0,3104.73,5166.6,10.0
8692,M,301.9,312.3,1352.0,37.0,109,0,5238.5,4033.0,10.400000000000034
8693,L,296.9,307.1,1740.0,49.5,248,1,9019.51,12276.0,10.200000000000045
8694,L,300.6,310.3,1288.0,26.3,43,0,3547.32,1130.9,9.699999999999989
8695,L,298.7,310.5,1551.0,37.8,23,0,6139.49,869.4,11.800000000000011
8696,M,297.2,307.6,1841.0,31.8,186,0,6130.69,5914.8,10.400000000000034
8697,H,299.2,309.9,1753.0,57.8,189,0,10610.56,10924.199999999999,10.699999999999989
8698,L,298.2,309.3,1614.0,43.9,71,0,7419.88,3116.9,11.100000000000023
8699,L,301.8,312.5,1535.0,48.4,199,0,7780.05,9631.6,10.699999999999989
8700,L,301.0,313.1,1669.0,42.8,112,0,7480.47,4793.599999999999,12.100000000000023
8701,H,297.7,307.9,1604.0,47.5,182,0,7978.6,8645.0,10.199999999999989
8702,M,298.6,308.5,1792.0,50.7,176,0,9514.25,8923.2,9.899999999999977
8703,L,299.2,308.6,1514.0,40.3,230,0,6389.39,9269.0,9.400000000000034
8704,L,299.9,309.6,1717.0,34.6,49,0,6221.21,1695.4,9.700000000000045
8705,L,302.0,311.3,1479.0,30.6,146,0,4739.34,4467.6,9.300000000000011
8706,L,301.4,312.1,1876.0,57.4,233,1,11276.47,13374.199999999999,10.700000000000045
8707,M,300.1,309.2,1509.0,48.1,209,1,7600.86,10052.9,9.099999999999966
8708,L,299.5,309.6,1248.0,17.8,57,0,2326.29,1014.6,10.100000000000023
8709,L,296.5,307.0,1551.0,37.5,96,0,6090.76,3600.0,10.5
8710,M,302.6,312.7,1674.0,44.0,175,0,7713.24,7700.0,10.099999999999966
8711,M,299.1,308.2,1829.0,56.6,228,1,10840.74,12904.800000000001,9.099999999999966
8712,L,303.1,313.8,1359.0,28.9,92,0,4112.88,2658.7999999999997,10.699999999999989
8713,M,300.4,310.3,1225.0,44.1,95,0,5657.22,4189.5,9.900000000000034
8714,L,304.1,311.2,1626.0,35.9,71,0,6112.85,2548.9,7.099999999999966
8715,M,301.2,310.2,1621.0,28.0,95,0,4753.02,2660.0,9.0
8716,M,297.1,308.5,1285.0,53.3,139,0,7172.31,7408.7,11.399999999999977
8717,L,298.8,310.3,1479.0,30.3,85,0,4692.88,2575.5,11.5
8718,M,299.7,310.2,1487.0,49.6,147,0,7723.63,7291.2,10.5
8719,M,298.3,309.0,1685.0,24.0,172,0,4234.87,4128.0,10.699999999999989
8720,L,299.2,308.5,1463.0,35.0,25,0,5362.18,875.0,9.300000000000011
8721,L,297.3,307.0,1460.0,45.6,80,0,6971.82,3648.0,9.699999999999989
8722,M,300.0,311.2,1558.0,47.0,105,0,7668.21,4935.0,11.199999999999989
8723,L,300.5,310.9,1291.0,44.3,225,0,5989.06,9967.5,10.399999999999977
8724,L,298.0,308.1,1878.0,49.7,158,0,9774.19,7852.6,10.100000000000023
8725,M,303.9,313.7,1705.0,37.0,81,0,6606.25,2997.0,9.800000000000011
8726,M,300.1,311.3,1412.0,53.8,58,0,7955.1,3120.3999999999996,11.199999999999989
8727,L,298.4,309.5,1337.0,43.5,130,0,6090.45,5655.0,11.100000000000023
8728,L,296.7,307.4,1351.0,47.2,17,0,6677.69,802.4000000000001,10.699999999999989
8729,L,300.1,310.2,1643.0,43.5,83,0,7484.37,3610.5,10.099999999999966
8730,L,299.5,309.1,1357.0,44.8,115,0,6366.29,5152.0,9.600000000000023
8731,L,301.6,312.3,1493.0,29.9,148,0,4674.76,4425.2,10.699999999999989
8732,M,299.7,308.6,1235.0,30.5,184,0,3944.53,5612.0,8.900000000000034
8733,L,297.6,306.7,1634.0,34.5,226,0,5903.37,7797.0,9.099999999999966
8734,L,303.3,311.9,1641.0,45.0,245,1,7733.03,11025.0,8.599999999999966
8735,L,300.9,312.1,1504.0,34.0,41,0,5354.95,1394.0,11.200000000000045
8736,H,299.5,308.8,1572.0,37.0,61,0,6090.92,2257.0,9.300000000000011
8737,L,300.3,310.7,1680.0,39.2,234,0,6896.42,9172.800000000001,10.399999999999977
8738,L,300.9,310.8,1567.0,54.0,29,0,8861.18,1566.0,9.900000000000034
8739,L,297.1,310.0,1677.0,45.9,60,0,8060.73,2754.0,12.899999999999977
8740,L,300.3,310.8,1328.0,25.3,35,0,3518.42,885.5,10.5
8741,L,299.1,307.2,1605.0,41.5,54,0,6975.12,2241.0,8.099999999999966
8742,L,301.0,312.2,1572.0,36.9,3,0,6074.46,110.69999999999999,11.199999999999989
8743,L,298.5,308.1,1753.0,37.6,14,0,6902.37,526.4,9.600000000000023
8744,L,298.8,308.6,1543.0,39.9,111,0,6447.15,4428.9,9.800000000000011
8745,L,303.3,312.7,1520.0,51.1,198,0,8133.79,10117.800000000001,9.399999999999977
8746,L,302.5,312.7,1438.0,31.8,95,0,4788.67,3021.0,10.199999999999989
8747,L,294.4000000000001,303.85,1804.0,41.9,96,0,7915.51,4022.3999999999996,9.449999999999932
8748,L,302.3,311.7,1116.0,42.8,56,0,5001.92,2396.7999999999997,9.399999999999977
8749,L,299.9,309.3,1629.0,37.7,62,0,6431.19,2337.4,9.400000000000034
8750,L,298.6,308.7,1534.0,33.5,76,0,5381.44,2546.0,10.099999999999966
8751,M,298.0,305.6,1505.0,32.4,63,0,5106.34,2041.1999999999998,7.600000000000023
8752,L,298.1,306.7,1479.0,35.7,144,0,5529.23,5140.8,8.599999999999966
8753,L,298.6,310.3,1528.0,47.2,52,0,7552.56,2454.4,11.699999999999989
8754,L,297.7,308.1,1623.0,36.3,247,0,6169.55,8966.099999999999,10.400000000000034
8755,H,297.3,306.8,1395.0,38.9,167,0,5682.67,6496.3,9.5
8756,M,297.9,306.2,1562.0,28.4,229,0,4645.45,6503.599999999999,8.300000000000011
8757,L,300.6,310.6,1600.0,35.2,69,0,5897.82,2428.8,10.0
8758,L,300.1,311.1,1367.0,42.2,126,0,6041.01,5317.200000000001,11.0
8759,L,301.1,313.8,1628.0,23.3,49,0,3972.27,1141.7,12.699999999999989
8760,L,299.9,311.8,1602.0,50.3,67,0,8438.38,3370.1,11.900000000000034
8761,L,297.4,306.5,1394.0,34.0,14,0,4963.3,476.0,9.100000000000023
8762,M,301.0,310.5,1325.0,57.5,71,0,7978.34,4082.5,9.5
8763,L,298.0,306.5,1392.0,44.1,161,0,6428.45,7100.1,8.5
8764,M,301.3,310.5,1562.0,21.6,245,0,3533.16,5292.0,9.199999999999989
8765,L,297.7,307.5,1524.0,42.7,242,0,6814.62,10333.400000000001,9.800000000000011
8766,M,298.6,308.3,1787.0,36.7,157,0,6867.83,5761.900000000001,9.699999999999989
8767,M,299.3,311.3,1472.0,42.8,214,0,6597.51,9159.199999999999,12.0
8768,L,301.3,310.0,1378.0,56.0,200,1,8081.01,11200.0,8.699999999999989
8769,L,300.4,310.3,1655.0,46.9,151,0,8128.3,7081.9,9.900000000000034
8770,L,300.0,308.0,1362.0,37.7,107,1,5377.09,4033.9,8.0
8771,L,303.8,314.1,1396.0,26.0,7,0,3800.91,182.0,10.300000000000011
8772,L,296.3,305.0,1398.0,48.6,184,0,7114.95,8942.4,8.699999999999989
8773,L,297.9,309.0,1046.5,45.0,113,0,4931.52,5085.0,11.100000000000023
8774,L,297.8,307.5,1639.0,51.4,197,0,8822.07,10125.8,9.699999999999989
8775,H,296.5,305.1,1706.0,38.5,24,0,6878.1,924.0,8.600000000000023
8776,L,298.6,306.5,1702.0,42.8,204,0,7628.37,8731.199999999999,7.899999999999977
8777,H,301.4,310.4,1875.0,37.4,161,0,7343.47,6021.4,9.0
8778,L,298.8,309.1,1807.0,40.8,24,0,7720.53,979.1999999999999,10.300000000000011
8779,M,299.3,309.8,1478.0,24.8,17,0,3838.44,421.6,10.5
8780,L,296.6,306.1,1736.0,43.1,72,0,7835.3,3103.2000000000003,9.5
8781,L,298.4,309.3,1520.0,43.7,224,0,6955.91,9788.800000000001,10.900000000000034
8782,M,299.1,307.9,1461.0,34.9,197,0,5339.55,6875.299999999999,8.799999999999955
8783,L,301.3,308.4,1402.0,45.9,13,0,6738.9,596.6999999999999,7.099999999999966
8784,M,296.7,306.9,1490.0,48.6,133,0,7583.18,6463.8,10.199999999999989
8785,L,299.1,310.4,1596.0,53.8,209,1,8991.74,11244.199999999999,11.299999999999955
8786,L,302.2,313.5,1821.0,29.7,234,0,5663.63,6949.8,11.300000000000011
8787,L,299.1,307.8,1668.0,46.6,102,0,8139.74,4753.2,8.699999999999989
8788,M,295.8,305.2,1399.0,53.2,217,0,7793.96,11544.400000000001,9.399999999999977
8789,L,302.6,313.3,1351.0,36.4,35,0,5149.74,1274.0,10.699999999999989
8790,M,301.5,310.8,1639.0,53.8,35,0,9234.0,1883.0,9.300000000000011
8791,M,301.7,311.8,1699.0,32.7,202,0,5817.95,6605.400000000001,10.100000000000023
8792,L,296.5,305.8,1757.0,40.6,248,0,7470.1,10068.800000000001,9.300000000000011
8793,L,303.0,311.9,1489.0,22.7,145,0,3539.56,3291.5,8.899999999999977
8794,M,298.5,307.6,1622.0,21.3,14,0,3617.92,298.2,9.100000000000023
8795,L,299.0,309.9,1691.0,24.4,221,0,4320.78,5392.4,10.899999999999977
8796,L,298.6,308.6,1296.0,54.0,232,1,7328.71,12528.0,10.0
8797,L,301.9,313.2,1587.0,32.2,88,0,5351.33,2833.6000000000004,11.300000000000011
8798,L,299.6,310.2,1699.0,32.2,15,0,5728.99,483.00000000000006,10.599999999999966
8799,L,301.0,312.6,1629.0,44.0,75,0,7505.89,3300.0,11.600000000000023
8800,L,300.2,311.0,1523.0,32.5,13,0,5183.37,422.5,10.800000000000011
8801,M,299.8,310.6,2005.0,51.9,46,0,10897.09,2387.4,10.800000000000011
8802,L,298.1,308.0,1883.0,58.5,181,0,11535.46,10588.5,9.899999999999977
8803,L,303.6,316.25000000000006,1539.0,17.8,57,0,2868.71,1014.6,12.650000000000034
8804,H,297.1,307.2,1504.0,45.1,204,1,7103.18,9200.4,10.099999999999966
8805,M,300.8,308.9,1663.0,19.4,230,0,3378.49,4462.0,8.099999999999966
8806,M,300.8,311.0,1527.0,26.4,157,0,4221.55,4144.8,10.199999999999989
8807,L,302.3,311.3,1765.0,44.7,227,0,8261.92,10146.900000000001,9.0
8808,M,302.8,313.8,1311.0,30.5,45,0,4187.27,1372.5,11.0
8809,L,299.7,310.5,1494.0,42.5,15,0,6649.18,637.5,10.800000000000011
8810,L,301.1,310.9,1660.0,40.2,128,0,6988.16,5145.6,9.799999999999955
8811,L,303.5,312.6,1717.0,23.5,168,0,4225.39,3948.0,9.100000000000023
8812,L,299.9,310.0,1272.0,46.4,220,0,6180.64,10208.0,10.100000000000023
8813,M,297.9,307.2,1367.0,42.9,120,0,6141.22,5148.0,9.300000000000011
8814,L,299.2,310.0,1237.0,40.3,26,0,5220.39,1047.8,10.800000000000011
8815,M,297.4,307.9,1381.0,33.4,204,0,4830.24,6813.599999999999,10.5
8816,M,300.7,313.7,1309.0,43.8,61,0,6004.02,2671.7999999999997,13.0
8817,L,302.1,311.7,1634.0,27.0,208,0,4620.03,5616.0,9.599999999999966
8818,L,299.8,309.5,1578.0,29.9,155,0,4940.91,4634.5,9.699999999999989
8819,L,296.8,306.6,1510.0,43.1,147,0,6815.27,6335.7,9.800000000000011
8820,L,302.0,311.9,1542.0,50.2,54,0,8106.19,2710.8,9.899999999999977
8821,L,296.4,307.5,1751.0,35.1,50,0,6436.09,1755.0,11.100000000000023
8822,H,296.9,306.6,1351.0,44.5,116,0,6295.7,5162.0,9.700000000000045
8823,L,299.6,311.6,1192.0,41.9,68,0,5230.21,2849.2,12.0
8824,L,300.5,311.1,1665.0,44.0,87,0,7671.77,3828.0,10.600000000000023
8825,M,300.8,310.4,1468.0,33.0,200,0,5073.04,6600.0,9.599999999999966
8826,L,299.9,309.1,1355.0,38.4,96,0,5448.78,3686.3999999999996,9.200000000000045
8827,M,303.5,314.6,1637.0,39.5,161,0,6771.34,6359.5,11.100000000000023
8828,L,300.1,310.2,1185.0,54.8,237,1,6800.29,12987.599999999999,10.099999999999966
8829,L,302.1,312.1,1384.0,28.9,154,0,4188.54,4450.599999999999,10.0
8830,L,301.6,311.0,1110.0,25.9,100,0,3010.59,2590.0,9.399999999999977
8831,L,297.4,307.4,1584.0,66.55000000000001,96,0,11039.05,6388.800000000001,10.0
8832,L,299.7,309.0,1819.0,43.0,111,0,8190.87,4773.0,9.300000000000011
8833,M,304.2,315.6,1435.0,45.4,37,0,6822.39,1679.8,11.400000000000034
8834,L,299.0,309.7,1396.0,46.3,28,0,6768.54,1296.3999999999999,10.699999999999989
8835,H,298.7,308.5,1857.0,47.6,229,0,9256.51,10900.4,9.800000000000011
8836,L,300.3,310.2,1650.0,48.9,34,0,8449.31,1662.6,9.899999999999977
8837,L,299.1,309.2,1964.0,47.6,19,0,9789.87,904.4,10.099999999999966
8838,L,298.4,308.4,1566.0,51.1,146,0,8379.95,7460.6,10.0
8839,H,299.0,308.1,1578.0,41.6,132,0,6874.31,5491.2,9.100000000000023
8840,L,302.9,311.0,1796.0,50.6,24,0,9516.68,1214.4,8.100000000000023
8841,L,299.7,308.9,1511.0,58.7,92,0,9288.19,5400.400000000001,9.199999999999989
8842,M,297.3,307.2,1582.0,41.9,25,0,6941.43,1047.5,9.899999999999977
8843,L,297.0,306.2,1104.0,44.7,109,0,5167.79,4872.3,9.199999999999989
8844,M,304.4,315.2,1849.0,34.1,178,0,6602.67,6069.8,10.800000000000011
8845,L,299.6,309.3,1607.0,38.3,193,0,6445.3,7391.9,9.699999999999989
8846,M,300.9,312.7,1518.0,43.4,188,0,6899.06,8159.2,11.800000000000011
8847,H,298.5,307.9,1700.0,36.0,142,0,6408.85,5112.0,9.399999999999977
8848,M,300.6,310.8,1326.0,40.8,127,0,5665.42,5181.599999999999,10.199999999999989
8849,L,302.9,312.6,1439.0,43.3,44,0,6524.95,1905.1999999999998,9.700000000000045
8850,L,298.7,309.1,1637.0,55.0,5,0,9428.44,275.0,10.400000000000034
8851,H,300.9,312.0,1545.0,31.3,185,0,5064.09,5790.5,11.100000000000023
8852,L,297.2,307.8,1617.0,44.1,128,0,7467.53,5644.8,10.600000000000023
8853,L,304.0,312.0,1582.0,33.9,72,0,5616.1,2440.7999999999997,8.0
8854,M,300.5,311.0,1650.0,47.5,42,0,8207.41,1995.0,10.5
8855,L,299.2,308.2,1301.0,48.3,15,0,6580.41,724.5,9.0
8856,L,299.4,309.1,1766.0,56.6,13,0,10467.33,735.8000000000001,9.700000000000045
8857,L,299.0,309.7,1451.0,35.7,73,0,5424.56,2606.1000000000004,10.699999999999989
8858,L,299.1,308.0,1548.0,41.3,18,0,6694.99,743.4,8.899999999999977
8859,L,295.1,306.3,1430.0,47.9,50,0,7172.99,2395.0,11.199999999999989
8860,M,299.8,309.5,1486.0,46.5,135,0,7236.03,6277.5,9.699999999999989
8861,L,299.7,311.9,1579.0,15.1,47,0,2496.82,709.6999999999999,12.199999999999989
8862,M,301.0,311.0,1669.0,33.1,139,0,5785.13,4600.900000000001,10.0
8863,M,299.0,310.7,1699.0,45.6,197,0,8113.1,8983.2,11.699999999999989
8864,M,298.5,309.7,1615.0,37.8,34,0,6392.83,1285.1999999999998,11.199999999999989
8865,L,300.0,309.4,1431.0,48.0,197,0,7192.99,9456.0,9.399999999999977
8866,M,296.8,305.5,1604.0,50.3,5,0,8448.92,251.5,8.699999999999989
8867,L,300.3,310.4,1581.0,37.8,98,0,6258.24,3704.3999999999996,10.099999999999966
8868,L,296.3,305.7,1548.0,45.9,235,0,7440.67,10786.5,9.399999999999977
8869,M,302.2,313.8,1633.0,54.4,10,0,9302.8,544.0,11.600000000000023
8870,L,301.4,311.1,1309.0,50.0,165,0,6853.91,8250.0,9.700000000000045
8871,H,298.1,307.8,1175.0,32.2,90,0,3962.07,2898.0000000000005,9.699999999999989
8872,L,301.3,309.9,1751.0,38.1,25,0,6986.18,952.5,8.599999999999966
8873,M,300.2,310.6,1514.0,40.2,155,0,6373.54,6231.0,10.400000000000034
8874,L,298.0,306.8,1612.0,30.6,71,0,5165.53,2172.6,8.800000000000011
8875,H,296.0,306.4,1382.0,50.6,88,0,7322.97,4452.8,10.399999999999977
8876,L,300.6,311.2,1763.0,33.5,82,0,6184.8,2747.0,10.599999999999966
8877,L,298.4,307.7,1600.0,38.9,207,0,6517.76,8052.299999999999,9.300000000000011
8878,L,302.2,313.1,1505.0,50.6,49,0,7974.72,2479.4,10.900000000000034
8879,L,300.0,309.8,1589.0,35.4,185,0,5890.55,6549.0,9.800000000000011
8880,L,298.6,307.1,1226.0,36.5,25,1,4686.1,912.5,8.5
8881,L,303.6,315.1,1604.0,43.3,171,0,7273.12,7404.299999999999,11.5
8882,L,301.2,310.2,1804.0,35.8,14,0,6763.14,501.19999999999993,9.0
8883,L,294.4000000000001,303.85,1594.0,55.2,230,1,9214.17,12696.0,9.449999999999932
8884,L,299.0,309.5,1571.0,30.8,203,0,5067.05,6252.400000000001,10.5
8885,M,297.2,307.6,1481.0,17.0,23,0,2636.53,391.0,10.400000000000034
8886,M,298.4,308.8,1731.0,48.3,76,0,8755.34,3670.7999999999997,10.400000000000034
8887,M,299.7,308.7,1758.0,36.3,186,0,6682.73,6751.799999999999,9.0
8888,M,300.7,312.4,1460.0,31.9,56,0,4877.22,1786.3999999999999,11.699999999999989
8889,L,300.5,311.5,1602.0,43.7,144,0,7331.16,6292.8,11.0
8890,L,302.2,312.6,1579.0,44.1,204,0,7292.04,8996.4,10.400000000000034
8891,L,301.3,309.9,1609.0,32.3,80,0,5442.36,2584.0,8.599999999999966
8892,M,301.1,310.2,1399.0,51.7,234,1,7574.2,12097.800000000001,9.099999999999966
8893,H,300.4,311.1,1742.0,48.5,128,0,8847.46,6208.0,10.700000000000045
8894,L,302.6,310.6,1639.0,59.6,138,0,10229.49,8224.800000000001,8.0
8895,L,299.4,309.7,1753.0,35.3,19,0,6480.15,670.6999999999999,10.300000000000011
8896,L,299.4,308.1,1338.0,41.5,30,0,5814.77,1245.0,8.700000000000045
8897,L,296.2,305.3,1348.0,42.2,235,0,5957.05,9917.0,9.100000000000023
8898,L,302.1,310.7,1906.0,36.6,98,0,7305.21,3586.8,8.599999999999966
8899,L,299.8,310.1,1743.0,43.9,166,0,8012.91,7287.4,10.300000000000011
8900,H,305.5999999999999,316.25000000000006,1392.0,44.7,190,0,6515.91,8493.0,10.650000000000148
8901,L,299.2,309.5,1693.0,44.7,5,0,7924.89,223.5,10.300000000000011
8902,H,300.2,310.6,1454.0,36.6,98,0,5572.81,3586.8,10.400000000000034
8903,M,301.1,311.3,1233.0,37.8,27,0,4880.72,1020.5999999999999,10.199999999999989
8904,M,297.8,308.5,1162.0,34.3,178,0,4173.77,6105.4,10.699999999999989
8905,M,300.7,311.2,1534.0,32.4,52,0,5204.74,1684.8,10.5
8906,M,300.1,307.4,1817.0,39.3,115,0,7477.84,4519.5,7.2999999999999545
8907,M,299.4,310.3,1810.0,55.0,232,1,10424.85,12760.0,10.900000000000034
8908,M,302.3,313.1,1763.0,60.2,43,0,11114.18,2588.6,10.800000000000011
8909,L,298.2,307.8,1686.0,53.0,64,0,9357.55,3392.0,9.600000000000023
8910,H,300.5,308.6,1594.0,35.3,207,0,5892.39,7307.099999999999,8.100000000000023
8911,M,302.9,313.2,1744.0,44.0,240,0,8035.78,10560.0,10.300000000000011
8912,M,298.6,308.9,1178.0,19.5,108,0,2405.52,2106.0,10.299999999999955
8913,M,299.4,309.0,1715.0,38.4,11,0,6896.42,422.4,9.600000000000023
8914,L,304.7,314.9,1337.0,36.0,155,0,5040.37,5580.0,10.199999999999989
8915,L,300.9,312.0,1374.0,58.6,244,1,8431.66,14298.4,11.100000000000023
8916,L,299.0,311.4,1662.0,42.5,206,0,7396.88,8755.0,12.399999999999977
8917,L,301.6,311.8,1704.0,40.4,71,0,7209.08,2868.4,10.199999999999989
8918,M,298.9,309.2,1428.0,39.2,195,0,5861.96,7644.000000000001,10.300000000000011
8919,L,296.9,306.0,1653.0,37.0,222,0,6404.76,8214.0,9.100000000000023
8920,L,302.7,312.2,1638.0,45.2,248,1,7753.2,11209.6,9.5
8921,L,297.8,307.7,1482.0,33.3,109,0,5167.98,3629.7,9.899999999999977
8922,L,304.9,316.1,1565.0,45.4,29,0,7440.44,1316.6,11.200000000000045
8923,M,299.0,309.8,1910.0,54.2,246,1,10840.8,13333.2,10.800000000000011
8924,M,304.3,316.2,1487.0,41.0,162,0,6384.45,6642.0,11.899999999999977
8925,L,297.3,305.8,1493.0,36.8,133,0,5753.55,4894.4,8.5
8926,L,302.1,310.7,1564.0,39.1,101,0,6403.86,3949.1000000000004,8.599999999999966
8927,L,301.0,312.1,1505.0,51.9,84,0,8179.61,4359.599999999999,11.100000000000023
8928,L,301.7,313.1,1679.0,41.3,29,0,7261.55,1197.6999999999998,11.400000000000034
8929,L,301.9,312.0,1800.0,33.8,124,0,6371.15,4191.2,10.100000000000023
8930,H,299.0,304.5,1493.0,48.0,79,0,7504.64,3792.0,5.5
8931,L,297.4,306.6,1384.0,32.8,62,0,4753.77,2033.6,9.200000000000045
8932,L,299.9,310.2,1891.0,37.6,7,0,7445.74,263.2,10.300000000000011
8933,L,300.4,309.5,1559.0,42.2,218,0,6889.49,9199.6,9.100000000000023
8934,M,299.1,309.2,1232.0,31.9,127,0,4115.57,4051.2999999999997,10.099999999999966
8935,M,300.6,312.5,1871.0,22.1,32,0,4330.07,707.2,11.899999999999977
8936,M,300.7,312.1,1739.0,44.4,42,0,8085.58,1864.8,11.400000000000034
8937,L,298.2,309.0,1824.0,18.1,75,0,3457.26,1357.5,10.800000000000011
8938,M,300.8,310.7,1794.0,30.7,42,0,5767.52,1289.3999999999999,9.899999999999977
8939,L,299.5,309.0,2011.0,47.7,44,0,10045.21,2098.8,9.5
8940,L,298.6,309.4,1352.0,44.1,233,0,6243.73,10275.300000000001,10.799999999999955
8941,L,301.6,311.6,1395.0,38.3,243,0,5595.02,9306.9,10.0
8942,L,298.4,308.5,1449.0,31.0,214,0,4703.91,6634.0,10.100000000000023
8943,M,299.1,307.5,1444.0,35.6,181,0,5383.27,6443.6,8.399999999999977
8944,H,300.1,309.4,1560.0,45.6,237,0,7449.34,10807.2,9.299999999999955
8945,L,302.7,313.5,1450.0,38.6,230,0,5861.16,8878.0,10.800000000000011
8946,M,300.4,309.3,1325.0,27.6,237,0,3829.6,6541.200000000001,8.900000000000034
8947,M,301.1,311.3,1381.0,31.1,114,0,4497.62,3545.4,10.199999999999989
8948,H,299.4,309.8,1485.0,35.6,114,0,5536.11,4058.4,10.400000000000034
8949,L,299.8,310.3,1742.0,43.6,192,0,7953.59,8371.2,10.5
8950,L,299.9,310.5,1435.0,40.9,134,0,6146.16,5480.599999999999,10.600000000000023
8951,L,300.6,311.2,1682.0,27.5,163,0,4843.81,4482.5,10.599999999999966
8952,M,299.4,308.8,1301.0,53.3,24,0,7261.61,1279.1999999999998,9.400000000000034
8953,L,302.7,311.2,1046.5,32.5,212,1,3561.65,6890.0,8.5
8954,L,299.3,308.4,1514.0,44.3,36,0,7023.57,1594.8,9.099999999999966
8955,L,296.6,307.3,1428.0,30.5,120,0,4560.96,3660.0,10.699999999999989
8956,L,305.5,314.3,1380.0,64.6,139,0,9335.56,8979.4,8.800000000000011
8957,M,299.3,308.3,1359.0,53.1,159,0,7556.88,8442.9,9.0
8958,M,302.6,311.6,1411.0,32.2,176,0,4757.86,5667.200000000001,9.0
8959,M,302.8,311.0,1361.0,40.8,165,1,5814.96,6731.999999999999,8.199999999999989
8960,M,301.9,310.7,1377.0,29.6,55,0,4268.29,1628.0,8.800000000000011
8961,L,299.6,310.6,1294.0,36.4,79,0,4932.47,2875.6,11.0
8962,L,300.6,309.9,1156.0,44.1,192,0,5338.57,8467.2,9.299999999999955
8963,L,297.5,305.7,1142.0,48.3,107,1,5776.2,5168.099999999999,8.199999999999989
8964,L,304.0,313.5,1978.0,27.6,124,0,5716.94,3422.4,9.5
8965,L,298.3,308.8,1526.0,32.4,25,0,5177.6,810.0,10.5
8966,M,299.5,307.7,1810.0,49.3,56,0,9344.46,2760.7999999999997,8.199999999999989
8967,L,300.2,311.2,1506.0,53.1,141,0,8374.29,7487.1,11.0
8968,M,299.8,308.3,1512.0,32.2,183,0,5098.43,5892.6,8.5
8969,L,298.7,308.3,1592.0,49.4,69,0,8235.66,3408.6,9.600000000000023
8970,L,302.8,312.4,1652.0,27.6,40,0,4774.72,1104.0,9.599999999999966
8971,L,301.9,311.3,1314.0,36.9,50,0,5077.5,1845.0,9.400000000000034
8972,L,300.6,310.6,1470.0,28.5,211,1,4387.23,6013.5,10.0
8973,L,299.2,310.0,1592.0,35.9,194,0,5985.03,6964.599999999999,10.800000000000011
8974,L,302.1,312.1,1191.0,58.9,244,1,7346.08,14371.6,10.0
8975,L,299.1,308.5,1770.0,39.4,106,0,7302.95,4176.4,9.399999999999977
8976,L,303.1,313.6,1728.0,37.1,11,0,6713.46,408.1,10.5
8977,L,300.2,310.4,1161.0,34.3,96,0,4170.18,3292.7999999999997,10.199999999999989
8978,M,302.5,311.8,1380.0,36.9,176,0,5332.54,6494.4,9.300000000000011
8979,M,299.8,309.8,1556.0,31.8,241,0,5181.62,7663.8,10.0
8980,L,300.1,309.4,1688.0,41.3,108,0,7300.47,4460.4,9.299999999999955
8981,M,302.5,311.6,1811.0,39.6,0,0,7510.04,0.0,9.100000000000023
8982,M,304.4,315.2,1423.0,35.3,146,0,5260.27,5153.799999999999,10.800000000000011
8983,M,303.1,313.6,1956.0,34.5,193,0,7066.7,6658.5,10.5
8984,L,301.8,312.5,1529.0,41.7,185,0,6676.86,7714.500000000001,10.699999999999989
8985,L,301.2,311.8,1497.0,32.6,86,0,5110.55,2803.6,10.600000000000023
8986,M,299.0,308.1,1638.0,37.5,236,0,6432.41,8850.0,9.100000000000023
8987,L,300.6,311.6,1593.0,35.4,71,0,5905.38,2513.4,11.0
8988,H,298.2,307.9,1583.0,17.9,225,0,2967.31,4027.4999999999995,9.699999999999989
8989,M,300.8,311.7,1895.0,48.5,125,0,9624.53,6062.5,10.899999999999977
8990,L,300.9,310.8,1582.0,21.6,3,0,3578.4,64.80000000000001,9.900000000000034
8991,L,296.1,306.4,1361.0,22.3,135,0,3178.28,3010.5,10.299999999999955
8992,L,300.1,310.4,1387.0,48.8,26,0,7088.02,1268.8,10.299999999999955
8993,L,300.8,311.6,1801.0,28.9,25,0,5450.55,722.5,10.800000000000011
8994,L,299.8,308.2,1660.0,19.2,96,0,3337.63,1843.1999999999998,8.399999999999977
8995,L,300.7,309.1,1259.0,53.2,42,1,7014.0,2234.4,8.400000000000034
8996,L,297.3,308.0,1250.0,33.5,103,0,4385.14,3450.5,10.699999999999989
8997,L,298.4,308.8,1542.0,52.0,108,0,8396.85,5616.0,10.400000000000034
8998,H,302.1,311.3,1648.0,30.8,239,0,5315.41,7361.2,9.199999999999989
8999,L,300.0,310.4,1416.0,23.5,39,0,3484.65,916.5,10.399999999999977
9000,H,300.7,309.3,1237.0,36.7,177,1,4754.06,6495.900000000001,8.600000000000023
9001,H,298.9,312.2,1336.0,27.9,194,0,3903.37,5412.599999999999,13.300000000000011
9002,L,300.0,311.4,1832.0,43.9,200,0,8422.07,8780.0,11.399999999999977
9003,M,295.4,306.0,1626.0,46.6,201,0,7934.78,9366.6,10.600000000000023
9004,L,301.7,311.8,1717.0,49.2,28,0,8846.35,1377.6000000000001,10.100000000000023
9005,M,303.6,313.0,1746.0,36.8,84,0,6728.54,3091.2,9.399999999999977
9006,L,297.9,306.6,1425.0,53.6,246,1,7998.49,13185.6,8.700000000000045
9007,L,298.1,308.0,1471.0,30.7,116,0,4729.11,3561.2,9.899999999999977
9008,L,300.9,310.0,1507.0,41.2,125,0,6501.88,5150.0,9.100000000000023
9009,L,302.9,312.1,1612.0,38.5,169,0,6499.12,6506.5,9.200000000000045
9010,L,300.0,308.6,1733.0,59.5,241,1,10798.02,14339.5,8.600000000000023
9011,L,297.5,307.8,1872.0,51.9,17,0,10174.24,882.3,10.300000000000011
9012,L,299.6,309.2,1683.0,40.2,80,0,7084.98,3216.0,9.599999999999966
9013,L,297.9,308.5,1685.0,41.9,245,0,7393.37,10265.5,10.600000000000023
9014,L,298.7,309.1,1882.0,55.2,246,1,10878.96,13579.2,10.400000000000034
9015,L,299.4,309.6,1501.0,32.4,148,0,5092.77,4795.2,10.200000000000045
9016,L,298.1,310.8,1750.0,19.7,194,0,3610.21,3821.7999999999997,12.699999999999989
9017,L,298.4,309.3,1641.0,30.3,61,0,5206.91,1848.3,10.900000000000034
9018,M,300.1,308.9,1648.0,35.8,154,0,6178.3,5513.2,8.799999999999955
9019,L,300.4,310.9,1499.0,53.5,95,0,8398.16,5082.5,10.5
9020,M,297.2,307.1,1288.0,50.2,105,0,6770.93,5271.0,9.900000000000034
9021,L,300.8,309.5,1599.0,39.5,220,0,6614.15,8690.0,8.699999999999989
9022,M,299.2,307.8,1600.0,44.5,174,0,7456.05,7743.0,8.600000000000023
9023,L,301.4,311.9,1434.0,32.8,220,0,4925.51,7215.999999999999,10.5
9024,L,301.6,312.3,1520.0,60.7,25,0,9661.86,1517.5,10.699999999999989
9025,L,298.9,307.9,1380.0,52.0,136,0,7514.69,7072.0,9.0
9026,L,301.2,312.2,1381.0,40.4,90,0,5842.57,3636.0,11.0
9027,L,298.3,308.6,1451.0,39.2,122,0,5956.38,4782.400000000001,10.300000000000011
9028,L,302.6,313.8,1300.0,46.9,139,0,6384.76,6519.099999999999,11.199999999999989
9029,H,298.4,309.5,1433.0,39.3,15,0,5897.49,589.5,11.100000000000023
9030,L,300.7,310.5,1665.0,21.8,46,0,3801.01,1002.8000000000001,9.800000000000011
9031,L,299.6,311.3,1798.0,55.2,55,0,10393.39,3036.0,11.699999999999989
9032,M,298.0,306.8,1909.0,51.5,65,0,10295.37,3347.5,8.800000000000011
9033,L,301.8,314.2,1466.0,43.6,50,0,6693.44,2180.0,12.399999999999977
9034,M,298.8,307.9,1752.0,35.7,230,0,6549.84,8211.0,9.099999999999966
9035,L,296.6,306.6,1598.0,40.0,26,0,6693.69,1040.0,10.0
9036,M,294.4000000000001,303.85,1495.0,13.6,200,0,2129.16,2720.0,9.449999999999932
9037,L,298.2,307.9,1609.0,28.9,109,0,4869.48,3150.1,9.699999999999989
9038,M,302.8,315.7,1735.0,57.5,65,0,10447.1,3737.5,12.899999999999977
9039,M,302.5,312.1,1448.0,45.1,233,0,6838.7,10508.300000000001,9.600000000000023
9040,L,298.6,309.4,1444.0,20.5,61,0,3099.91,1250.5,10.799999999999955
9041,L,299.3,309.0,1464.0,31.7,70,0,4859.92,2219.0,9.699999999999989
9042,L,299.1,310.0,1425.0,20.7,135,0,3088.97,2794.5,10.899999999999977
9043,H,297.3,306.8,1752.0,32.1,165,0,5889.36,5296.5,9.5
9044,L,298.1,308.4,1401.0,38.3,5,0,5619.08,191.5,10.299999999999955
9045,L,302.0,312.6,1432.0,55.9,119,0,8382.69,6652.099999999999,10.600000000000023
9046,L,301.0,310.3,1593.0,47.7,58,0,7957.25,2766.6000000000004,9.300000000000011
9047,L,300.5,313.3,1579.0,36.9,18,0,6101.51,664.1999999999999,12.800000000000011
9048,L,297.3,308.0,1464.0,37.4,78,0,5733.78,2917.2,10.699999999999989
9049,H,300.2,310.0,1839.0,31.9,183,0,6143.29,5837.7,9.800000000000011
9050,L,295.4,304.7,1425.0,50.8,236,1,7580.66,11988.8,9.300000000000011
9051,M,301.7,311.8,1507.0,51.9,155,0,8190.48,8044.5,10.100000000000023
9052,L,300.5,309.3,1193.0,26.6,221,0,3323.16,5878.6,8.800000000000011
9053,L,297.3,309.1,1483.0,22.8,218,0,3540.83,4970.400000000001,11.800000000000011
9054,L,303.2,313.7,1301.0,36.7,137,0,5000.02,5027.900000000001,10.5
9055,L,296.4,306.3,1373.0,37.9,172,0,5449.27,6518.8,9.900000000000034
9056,H,301.1,312.1,1187.0,42.5,94,0,5282.85,3995.0,11.0
9057,M,301.1,310.4,1378.0,23.2,192,0,3347.85,4454.4,9.299999999999955
9058,L,297.5,306.4,1524.0,32.8,177,0,5234.65,5805.599999999999,8.899999999999977
9059,L,299.9,309.8,1494.0,39.1,159,0,6117.25,6216.900000000001,9.900000000000034
9060,L,296.7,306.9,1463.0,32.1,188,0,4917.88,6034.8,10.199999999999989
9061,H,294.4000000000001,304.8,1479.0,48.4,143,0,7496.22,6921.2,10.39999999999992
9062,M,297.9,306.4,1447.0,58.5,133,0,8864.47,7780.5,8.5
9063,M,298.8,308.3,1531.0,34.5,193,0,5531.25,6658.5,9.5
9064,L,301.3,308.2,1518.0,48.8,61,0,7757.47,2976.7999999999997,6.899999999999977
9065,L,300.1,309.0,1587.0,36.3,233,0,6032.71,8457.9,8.899999999999977
9066,L,300.2,310.9,1502.0,30.6,65,0,4813.05,1989.0,10.699999999999989
9067,L,298.0,308.9,1460.0,32.8,194,0,5014.82,6363.2,10.899999999999977
9068,L,298.9,307.8,1677.0,47.6,146,0,8359.28,6949.6,8.900000000000034
9069,L,298.1,307.8,1645.0,33.5,3,0,5770.84,100.5,9.699999999999989
9070,L,297.6,307.6,1532.0,35.5,120,0,5695.29,4260.0,10.0
9071,M,298.8,309.9,1751.0,28.5,232,0,5225.88,6612.0,11.099999999999966
9072,M,300.1,311.7,1552.0,46.2,42,0,7508.66,1940.4,11.599999999999966
9073,L,298.9,309.0,1509.0,44.5,145,0,7031.98,6452.5,10.100000000000023
9074,L,299.4,309.1,1525.0,54.4,209,1,8687.55,11369.6,9.700000000000045
9075,L,301.4,309.9,1567.0,45.8,110,0,7515.59,5038.0,8.5
9076,M,299.0,309.1,1373.0,44.0,173,0,6326.33,7612.0,10.100000000000023
9077,M,297.3,309.4,1202.0,45.7,108,0,5752.4,4935.6,12.099999999999966
9078,M,301.1,312.4,1588.0,37.4,245,0,6219.43,9163.0,11.299999999999955
9079,M,300.5,310.7,1687.0,41.0,45,0,7243.15,1845.0,10.199999999999989
9080,L,300.7,311.0,1358.0,49.2,212,0,6996.7,10430.400000000001,10.300000000000011
9081,L,301.3,310.6,1730.0,31.7,148,0,5742.94,4691.599999999999,9.300000000000011
9082,L,300.9,310.6,1243.0,56.8,102,0,7393.47,5793.599999999999,9.700000000000045
9083,L,300.1,310.2,1437.0,46.3,157,0,6967.33,7269.099999999999,10.099999999999966
9084,M,304.8,314.9,1843.0,60.0,191,0,11579.91,11460.0,10.099999999999966
9085,L,297.4,308.4,1601.0,28.2,40,0,4727.91,1128.0,11.0
9086,L,298.8,309.8,1483.0,28.2,144,0,4379.44,4060.7999999999997,11.0
9087,L,301.9,312.5,1583.0,43.6,132,0,7227.63,5755.2,10.600000000000023
9088,H,300.3,309.3,1752.0,41.1,4,0,7540.58,164.4,9.0
9089,L,301.5,310.6,1279.0,35.3,116,0,4727.96,4094.7999999999997,9.100000000000023
9090,M,300.3,309.5,1773.0,27.3,200,0,5068.74,5460.0,9.199999999999989
9091,L,302.7,313.0,1450.0,37.2,74,0,5648.58,2752.8,10.300000000000011
9092,L,298.0,306.0,1664.0,42.1,229,0,7336.08,9640.9,8.0
9093,L,302.7,312.7,1428.0,26.9,175,0,4022.62,4707.5,10.0
9094,M,302.3,313.8,1839.0,35.8,127,0,6894.35,4546.599999999999,11.5
9095,L,297.6,308.2,1532.0,43.7,103,0,7010.82,4501.1,10.599999999999966
9096,M,301.3,310.9,1300.0,47.7,205,1,6493.67,9778.5,9.599999999999966
9097,L,299.9,309.2,1622.0,37.0,119,0,6284.65,4403.0,9.300000000000011
9098,L,298.8,309.6,1770.0,31.9,37,0,5912.79,1180.3,10.800000000000011
9099,H,296.2,306.5,1750.0,41.0,5,0,7513.64,205.0,10.300000000000011
9100,L,298.0,307.7,1554.0,37.8,185,0,6151.36,6992.999999999999,9.699999999999989
9101,L,301.4,310.8,1683.0,25.3,13,0,4458.96,328.90000000000003,9.400000000000034
9102,M,301.6,311.7,1462.0,35.4,199,0,5419.75,7044.599999999999,10.099999999999966
9103,L,299.6,309.3,1643.0,34.0,221,0,5849.85,7514.0,9.699999999999989
9104,M,301.6,312.4,1602.0,40.1,186,0,6727.22,7458.6,10.799999999999955
9105,L,301.9,313.1,1046.5,32.6,192,0,3572.61,6259.200000000001,11.200000000000045
9106,L,300.3,308.9,1358.0,34.4,88,0,4892.0,3027.2,8.599999999999966
9107,L,298.6,307.3,1575.0,38.1,12,0,6283.97,457.20000000000005,8.699999999999989
9108,M,300.9,312.2,1567.0,46.3,154,0,7597.64,7130.2,11.300000000000011
9109,L,301.0,311.1,1532.0,40.8,152,0,6545.57,6201.599999999999,10.100000000000023
9110,M,301.3,310.2,1553.0,66.4,183,1,10798.62,12151.2,8.899999999999977
9111,H,301.7,312.7,1754.0,27.3,67,0,5014.42,1829.1000000000001,11.0
9112,L,297.3,307.6,1601.0,49.0,186,0,8215.16,9114.0,10.300000000000011
9113,L,299.0,311.2,1120.0,39.1,238,0,4585.89,9305.800000000001,12.199999999999989
9114,L,296.2,306.0,1886.0,26.0,94,0,5135.04,2444.0,9.800000000000011
9115,L,301.5,312.6,1196.0,36.1,176,0,4521.34,6353.6,11.100000000000023
9116,L,299.6,308.1,1709.0,24.8,17,0,4438.36,421.6,8.5
9117,M,300.9,312.3,1257.0,40.7,208,0,5357.45,8465.6,11.400000000000034
9118,H,297.0,308.0,1792.0,36.9,202,0,6924.57,7453.799999999999,11.0
9119,H,302.8,314.4,1488.0,33.1,75,0,5157.74,2482.5,11.599999999999966
9120,M,297.6,308.7,1606.0,29.3,2,0,4927.67,58.6,11.099999999999966
9121,M,301.5,311.5,1182.0,50.0,206,0,6188.94,10300.0,10.0
9122,L,300.2,309.1,1668.0,38.3,56,0,6689.96,2144.7999999999997,8.900000000000034
9123,M,299.6,309.0,1612.0,42.0,133,0,7089.95,5586.0,9.399999999999977
9124,M,299.5,307.7,1648.0,41.7,68,0,7196.51,2835.6000000000004,8.199999999999989
9125,L,298.7,307.8,1707.0,41.0,30,0,7329.02,1230.0,9.100000000000023
9126,H,302.6,313.0,1569.0,36.6,7,0,6013.57,256.2,10.399999999999977
9127,L,300.0,310.0,1500.0,55.0,9,0,8639.38,495.0,10.0
9128,M,297.5,307.2,1392.0,62.2,2,0,9066.89,124.4,9.699999999999989
9129,M,299.2,308.4,1458.0,54.3,11,0,8290.6,597.3,9.199999999999989
9130,H,300.3,308.5,1753.0,40.1,91,0,7361.31,3649.1,8.199999999999989
9131,L,301.8,312.0,1388.0,39.4,203,0,5726.83,7998.2,10.199999999999989
9132,M,298.8,309.2,1208.0,50.8,105,0,6426.27,5334.0,10.399999999999977
9133,L,298.9,307.9,1361.0,32.4,93,0,4617.76,3013.2,9.0
9134,L,300.0,309.5,1646.0,56.9,18,0,9807.78,1024.2,9.5
9135,M,301.7,313.3,1483.0,47.8,148,0,7423.31,7074.4,11.600000000000023
9136,L,297.3,308.4,1646.0,37.1,208,0,6394.88,7716.8,11.099999999999966
9137,M,301.0,309.5,1179.0,42.7,13,1,5271.94,555.1,8.5
9138,L,299.1,309.0,1046.5,46.1,102,0,5052.06,4702.2,9.899999999999977
9139,L,299.4,310.8,1585.0,35.6,242,0,5908.92,8615.2,11.400000000000034
9140,M,304.0,313.8,1717.0,50.2,74,0,9026.15,3714.8,9.800000000000011
9141,L,299.6,309.3,1231.0,52.6,28,0,6780.67,1472.8,9.699999999999989
9142,L,301.5,312.6,1632.0,37.3,113,0,6374.67,4214.9,11.100000000000023
9143,H,301.4,312.4,1751.0,35.2,6,0,6454.42,211.20000000000002,11.0
9144,L,297.6,308.6,1537.0,38.9,48,0,6261.12,1867.1999999999998,11.0
9145,M,296.3,306.0,1699.0,28.4,192,0,5052.9,5452.799999999999,9.699999999999989
9146,L,301.6,312.3,1572.0,23.3,232,1,3835.63,5405.6,10.699999999999989
9147,L,297.8,309.3,1490.0,35.6,6,0,5554.75,213.60000000000002,11.5
9148,L,296.7,306.6,1684.0,30.3,141,0,5343.35,4272.3,9.900000000000034
9149,L,302.1,311.6,1880.0,57.5,15,0,11320.21,862.5,9.5
9150,L,298.0,309.2,1438.0,35.4,98,0,5330.78,3469.2,11.199999999999989
9151,L,298.5,310.5,1522.0,44.4,143,0,7076.63,6349.2,12.0
9152,L,303.9,316.1,1360.0,33.6,84,0,4785.27,2822.4,12.200000000000045
9153,L,296.7,306.3,1565.0,57.7,140,0,9456.25,8078.0,9.600000000000023
9154,L,297.5,307.2,1510.0,38.0,81,0,6008.82,3078.0,9.699999999999989
9155,L,299.1,308.1,1745.0,27.5,156,0,5025.24,4290.0,9.0
9156,L,299.5,309.6,1792.0,46.6,212,0,8744.85,9879.2,10.100000000000023
9157,H,298.2,307.1,1679.0,42.5,72,0,7472.54,3060.0,8.900000000000034
9158,M,297.7,307.2,1725.0,51.9,121,0,9375.3,6279.9,9.5
9159,M,303.0,313.7,1411.0,38.4,124,0,5673.97,4761.599999999999,10.699999999999989
9160,L,300.5,310.9,1367.0,41.0,222,0,5869.23,9102.0,10.399999999999977
9161,H,301.2,309.4,1616.0,24.9,60,0,4213.76,1494.0,8.199999999999989
9162,M,299.7,311.3,1541.0,48.2,164,0,7778.19,7904.8,11.600000000000023
9163,M,300.6,309.5,1895.0,40.5,108,0,8036.98,4374.0,8.899999999999977
9164,L,301.9,310.9,1194.0,38.7,16,0,4838.87,619.2,9.0
9165,H,298.0,306.8,1648.0,37.6,30,0,6488.94,1128.0,8.800000000000011
9166,M,300.5,309.9,1645.0,37.1,58,0,6390.99,2151.8,9.399999999999977
9167,M,301.4,310.5,1401.0,48.4,87,0,7100.88,4210.8,9.100000000000023
9168,L,303.1,312.2,1364.0,30.7,110,0,4385.12,3377.0,9.099999999999966
9169,L,303.9,311.4,1477.0,47.3,174,0,7315.94,8230.199999999999,7.5
9170,L,300.1,310.3,1244.0,23.9,5,0,3113.49,119.5,10.199999999999989
9171,L,302.3,312.5,1798.0,20.8,31,0,3916.35,644.8000000000001,10.199999999999989
9172,M,294.7,306.9,2021.0,54.0,30,0,11428.49,1620.0,12.199999999999989
9173,L,303.1,313.6,1476.0,29.7,145,0,4590.62,4306.5,10.5
9174,L,298.5,308.1,1423.0,41.0,117,0,6109.66,4797.0,9.600000000000023
9175,L,299.5,308.3,1303.0,37.2,239,0,5075.93,8890.800000000001,8.800000000000011
9176,L,300.9,310.8,1341.0,43.3,8,0,6080.58,346.4,9.900000000000034
9177,L,299.7,310.1,1432.0,40.4,2,0,6058.33,80.8,10.400000000000034
9178,M,300.4,309.9,1754.0,50.3,125,0,9239.03,6287.5,9.5
9179,L,303.2,313.2,2026.5,25.7,228,0,5453.91,5859.599999999999,10.0
9180,L,299.2,311.1,1408.0,46.6,70,0,6870.96,3262.0,11.900000000000034
9181,L,297.8,307.4,1376.0,39.4,153,0,5677.32,6028.2,9.599999999999966
9182,L,303.6,311.7,1328.0,24.6,140,1,3421.07,3444.0,8.099999999999966
9183,L,301.1,311.9,1618.0,34.6,161,0,5862.51,5570.6,10.799999999999955
9184,M,303.8,314.2,1599.0,23.9,42,0,4001.98,1003.8,10.399999999999977
9185,M,301.7,310.0,1556.0,23.2,220,1,3780.3,5104.0,8.300000000000011
9186,M,297.4,307.8,1458.0,35.6,160,0,5435.46,5696.0,10.400000000000034
9187,M,301.3,310.3,1781.0,51.7,68,0,9642.35,3515.6000000000004,9.0
9188,L,298.0,308.5,1674.0,43.0,163,0,7537.94,7009.0,10.5
9189,H,300.0,311.9,1667.0,52.8,78,0,9217.18,4118.4,11.899999999999977
9190,M,299.8,309.7,1604.0,40.7,120,0,6836.4,4884.0,9.899999999999977
9191,H,296.8,307.8,1504.0,55.3,201,0,8709.67,11115.3,11.0
9192,L,298.4,307.1,1409.0,54.3,67,0,8011.97,3638.1,8.700000000000045
9193,H,304.4,312.9,1631.0,30.4,230,0,5192.26,6992.0,8.5
9194,M,300.5,312.5,1613.0,40.6,100,0,6857.87,4060.0,12.0
9195,M,299.6,310.0,1639.0,32.7,126,0,5612.49,4120.200000000001,10.399999999999977
9196,L,303.6,314.3,1257.0,38.5,46,0,5067.86,1771.0,10.699999999999989
9197,M,299.2,310.4,1598.0,56.4,188,0,9438.1,10603.199999999999,11.199999999999989
9198,H,299.8,309.3,1482.0,33.5,228,0,5199.02,7638.0,9.5
9199,M,302.0,312.8,1380.0,28.1,44,0,4060.82,1236.4,10.800000000000011
9200,L,299.2,309.9,1668.0,28.7,101,0,5013.1,2898.7,10.699999999999989
9201,H,298.5,307.2,1569.0,36.0,95,0,5914.99,3420.0,8.699999999999989
9202,L,295.5,307.0,1959.0,66.55000000000001,215,1,13652.47,14308.250000000002,11.5
9203,L,298.1,309.4,1624.0,54.6,83,0,9285.54,4531.8,11.299999999999955
9204,L,298.1,306.8,1484.0,13.34999999999999,175,0,2074.64,2336.249999999998,8.699999999999989
9205,H,300.3,310.5,1518.0,39.5,40,0,6279.1,1580.0,10.199999999999989
9206,L,298.8,308.5,1328.0,33.6,165,0,4672.68,5544.0,9.699999999999989
9207,L,304.3,315.7,1758.0,49.7,103,0,9149.64,5119.1,11.399999999999977
9208,M,297.9,306.5,1594.0,28.2,67,0,4707.24,1889.3999999999999,8.600000000000023
9209,M,302.8,316.25000000000006,1597.0,29.6,232,0,4950.23,6867.200000000001,13.450000000000045
9210,L,300.4,310.3,1347.0,34.2,202,1,4824.17,6908.400000000001,9.900000000000034
9211,H,301.6,312.4,1677.0,33.0,10,0,5795.3,330.0,10.799999999999955
9212,H,301.5,312.9,1370.0,46.4,15,0,6656.83,696.0,11.399999999999977
9213,L,295.6,305.4,1438.0,36.6,104,0,5511.48,3806.4,9.799999999999955
9214,L,300.0,309.9,1560.0,49.9,64,0,8151.8,3193.6,9.899999999999977
9215,L,299.5,309.0,1434.0,31.8,224,0,4775.35,7123.2,9.5
9216,L,297.7,306.8,1396.0,48.5,198,0,7090.16,9603.0,9.100000000000023
9217,L,300.9,311.2,1529.0,28.4,194,0,4547.31,5509.599999999999,10.300000000000011
9218,H,303.4,313.3,1718.0,46.0,70,0,8275.79,3220.0,9.900000000000034
9219,M,294.7,304.1,1698.0,34.9,0,0,6205.71,0.0,9.400000000000034
9220,L,298.9,308.5,1664.0,48.8,224,1,8503.58,10931.199999999999,9.600000000000023
9221,L,297.5,308.1,1625.0,15.6,198,0,2654.65,3088.7999999999997,10.600000000000023
9222,L,300.1,309.3,1452.0,32.1,3,0,4880.9,96.30000000000001,9.199999999999989
9223,L,299.3,309.1,1738.0,51.5,81,0,9373.15,4171.5,9.800000000000011
9224,L,298.8,309.7,1227.0,37.9,244,0,4869.81,9247.6,10.899999999999977
9225,M,301.4,311.6,1615.0,23.0,36,0,3889.82,828.0,10.200000000000045
9226,H,303.3,312.2,1688.0,32.9,141,0,5815.63,4638.9,8.899999999999977
9227,L,305.3,315.3,1521.0,43.7,243,0,6960.48,10619.1,10.0
9228,M,298.5,309.0,1408.0,31.8,78,0,4688.76,2480.4,10.5
9229,L,296.4,307.3,1531.0,51.5,24,0,8256.79,1236.0,10.900000000000034
9230,M,301.1,310.4,1402.0,50.7,81,0,7443.63,4106.7,9.299999999999955
9231,L,303.2,312.7,1630.0,46.6,131,0,7954.3,6104.6,9.5
9232,L,301.6,310.9,1707.0,50.2,193,0,8973.58,9688.6,9.299999999999955
9233,H,303.2,312.6,1617.0,34.8,170,0,5892.75,5915.999999999999,9.400000000000034
9234,L,299.5,310.0,1607.0,54.7,25,0,9205.17,1367.5,10.5
9235,M,298.8,309.4,1674.0,50.6,211,0,8870.22,10676.6,10.599999999999966
9236,L,300.2,311.3,1694.0,38.6,142,0,6847.46,5481.2,11.100000000000023
9237,L,299.3,309.2,1398.0,23.7,133,0,3469.64,3152.1,9.899999999999977
9238,L,301.3,309.9,1262.0,16.3,164,1,2154.15,2673.2000000000003,8.599999999999966
9239,L,301.9,312.6,1587.0,49.8,126,0,8276.27,6274.799999999999,10.700000000000045
9240,M,302.1,312.3,1703.0,23.9,170,0,4262.27,4062.9999999999995,10.199999999999989
9241,L,301.0,311.1,1255.0,30.7,41,0,4034.7,1258.7,10.100000000000023
9242,M,300.5,309.2,1550.0,44.7,12,0,7255.51,536.4000000000001,8.699999999999989
9243,M,301.6,311.4,1739.0,27.0,143,0,4916.91,3861.0,9.799999999999955
9244,M,296.1,304.9,1517.0,64.1,41,0,10182.92,2628.1,8.799999999999955
9245,L,300.4,310.9,1810.0,42.3,37,0,8017.66,1565.1,10.5
9246,H,300.1,309.7,1776.0,54.6,65,0,10154.63,3549.0,9.599999999999966
9247,L,300.4,309.9,1505.0,50.3,192,0,7927.44,9657.599999999999,9.5
9248,L,299.8,308.3,1472.0,14.6,132,0,2250.55,1927.2,8.5
9249,L,300.9,311.9,1475.0,47.3,29,0,7306.04,1371.6999999999998,11.0
9250,L,298.9,308.6,1562.0,39.7,94,0,6493.82,3731.8,9.700000000000045
9251,L,302.3,312.3,1327.0,39.3,170,0,5461.25,6680.999999999999,10.0
9252,M,300.9,310.2,1294.0,39.6,31,0,5366.09,1227.6000000000001,9.300000000000011
9253,L,300.3,308.7,1131.0,50.4,194,1,5969.28,9777.6,8.399999999999977
9254,L,298.6,308.1,1534.0,56.3,194,0,9044.04,10922.199999999999,9.5
9255,M,301.6,311.3,1902.0,28.0,41,0,5576.96,1148.0,9.699999999999989
9256,L,300.4,310.7,1181.0,40.7,125,0,5033.53,5087.5,10.300000000000011
9257,L,298.5,308.1,1505.0,53.9,4,0,8494.81,215.6,9.600000000000023
9258,L,299.9,309.2,1499.0,37.8,226,0,5933.65,8542.8,9.300000000000011
9259,M,301.3,309.8,1510.0,41.9,213,0,6625.51,8924.699999999999,8.5
9260,L,301.1,311.2,1762.0,42.1,95,0,7768.13,3999.5,10.099999999999966
9261,L,301.0,310.2,1378.0,61.0,186,1,8802.53,11346.0,9.199999999999989
9262,L,300.2,311.5,1189.0,47.4,22,0,5901.86,1042.8,11.300000000000011
9263,M,302.1,312.2,1442.0,60.5,229,1,9135.86,13854.5,10.099999999999966
9264,M,302.5,313.0,1418.0,57.3,105,0,8508.63,6016.5,10.5
9265,M,301.5,311.2,1138.0,37.6,135,0,4480.83,5076.0,9.699999999999989
9266,L,298.8,309.0,1581.0,42.9,195,0,7102.61,8365.5,10.199999999999989
9267,L,297.9,307.0,1325.0,60.3,69,0,8366.85,4160.7,9.100000000000023
9268,L,298.9,307.7,1523.0,28.5,218,0,4545.41,6213.0,8.800000000000011
9269,L,303.9,313.9,1473.0,47.5,236,1,7326.98,11210.0,10.0
9270,L,300.6,311.1,1345.0,47.6,18,0,6704.37,856.8000000000001,10.5
9271,L,304.3,312.3,1697.0,37.1,105,0,6593.02,3895.5,8.0
9272,L,299.8,309.3,1487.0,36.1,171,0,5621.43,6173.1,9.5
9273,M,299.5,311.3,1547.0,37.5,235,0,6075.05,8812.5,11.800000000000011
9274,L,299.9,310.3,1642.0,46.9,246,1,8064.45,11537.4,10.400000000000034
9275,M,299.8,311.4,1589.0,54.6,92,0,9085.42,5023.2,11.599999999999966
9276,L,298.5,307.8,1563.0,47.3,37,0,7741.92,1750.1,9.300000000000011
9277,L,297.7,307.2,1390.0,27.4,171,0,3988.36,4685.4,9.5
9278,L,301.0,312.0,1338.0,54.9,133,0,7692.32,7301.7,11.0
9279,L,302.1,312.7,1566.0,51.8,2,0,8494.74,103.6,10.599999999999966
9280,L,304.9,314.8,1365.0,37.5,223,0,5360.34,8362.5,9.900000000000034
9281,L,299.1,307.9,1680.0,33.4,239,1,5876.03,7982.599999999999,8.799999999999955
9282,H,299.3,310.5,1514.0,30.9,79,0,4899.06,2441.1,11.199999999999989
9283,M,298.5,311.0,1654.0,50.6,160,0,8764.25,8096.0,12.5
9284,L,302.3,310.7,1361.0,21.2,65,1,3021.5,1378.0,8.399999999999977
9285,M,301.6,313.0,1333.0,50.8,125,0,7091.24,6350.0,11.399999999999977
9286,M,298.2,307.8,1838.0,35.4,106,0,6813.61,3752.3999999999996,9.600000000000023
9287,M,298.2,307.9,1511.0,42.7,57,0,6756.49,2433.9,9.699999999999989
9288,M,301.9,312.2,1701.0,13.34999999999999,153,0,2378.01,2042.5499999999986,10.300000000000011
9289,L,300.8,309.6,1285.0,22.2,98,0,2987.34,2175.6,8.800000000000011
9290,L,301.5,311.5,1487.0,33.1,27,0,5154.27,893.7,10.0
9291,L,298.2,306.6,1771.0,30.8,170,0,5712.13,5236.0,8.400000000000034
9292,L,296.2,306.7,1257.0,47.5,240,1,6252.55,11400.0,10.5
9293,L,298.3,310.5,1945.0,42.9,74,0,8737.87,3174.6,12.199999999999989
9294,L,301.4,310.7,1574.0,59.2,109,0,9757.87,6452.8,9.300000000000011
9295,H,304.2,314.1,1391.0,45.0,215,1,6554.93,9675.0,9.900000000000034
9296,H,299.1,309.0,1600.0,33.4,15,0,5596.22,501.0,9.899999999999977
9297,M,304.6,315.5,1736.0,52.1,88,0,9471.44,4584.8,10.899999999999977
9298,M,301.7,312.1,1390.0,35.3,22,0,5138.28,776.5999999999999,10.400000000000034
9299,H,297.2,308.1,1415.0,34.7,186,0,5141.79,6454.200000000001,10.900000000000034
9300,L,300.4,309.9,1582.0,39.9,102,0,6610.1,4069.7999999999997,9.5
9301,L,301.7,312.2,1620.0,56.0,34,0,9500.18,1904.0,10.5
9302,L,295.1,303.85,1502.0,50.4,216,0,7927.37,10886.4,8.75
9303,M,301.3,312.0,1610.0,50.1,124,0,8446.8,6212.400000000001,10.699999999999989
9304,L,302.3,311.1,1690.0,59.4,168,0,10512.4,9979.199999999999,8.800000000000011
9305,M,300.8,310.5,1569.0,49.8,116,0,8182.4,5776.799999999999,9.699999999999989
9306,L,299.9,310.6,1414.0,27.7,230,0,4101.64,6371.0,10.700000000000045
9307,L,299.7,308.1,1534.0,45.3,108,0,7277.0,4892.4,8.400000000000034
9308,M,299.5,310.6,1852.0,56.1,96,0,10880.09,5385.6,11.100000000000023
9309,L,297.6,307.5,1597.0,24.8,149,0,4147.49,3695.2000000000003,9.899999999999977
9310,L,298.6,310.1,1760.0,39.7,73,0,7316.98,2898.1000000000004,11.5
9311,L,299.2,308.3,1445.0,29.3,128,0,4433.68,3750.4,9.100000000000023
9312,L,300.2,308.4,1585.0,41.2,249,0,6838.41,10258.800000000001,8.199999999999989
9313,M,298.9,308.9,1680.0,51.2,45,0,9007.57,2304.0,10.0
9314,L,298.3,308.8,1806.0,53.3,101,0,10080.3,5383.299999999999,10.5
9315,L,301.5,312.2,1757.0,38.1,21,0,7010.12,800.1,10.699999999999989
9316,L,300.7,309.6,1337.0,46.5,31,0,6510.48,1441.5,8.900000000000034
9317,M,298.9,307.3,1744.0,24.9,214,0,4547.52,5328.599999999999,8.400000000000034
9318,L,301.0,310.7,1839.0,22.5,157,0,4333.04,3532.5,9.699999999999989
9319,M,299.1,309.6,1435.0,51.1,86,0,7678.94,4394.6,10.5
9320,M,300.1,310.6,1377.0,13.34999999999999,42,0,1925.06,560.6999999999996,10.5
9321,L,302.0,313.5,1533.0,33.1,249,1,5313.72,8241.9,11.5
9322,M,298.8,308.4,1570.0,46.6,110,0,7661.51,5126.0,9.599999999999966
9323,M,297.7,305.8,1475.0,42.1,11,0,6502.83,463.1,8.100000000000023
9324,L,299.7,310.9,1325.0,13.34999999999999,82,0,1852.36,1094.6999999999991,11.199999999999989
9325,L,297.3,307.5,1801.0,45.1,198,0,8505.87,8929.800000000001,10.199999999999989
9326,H,299.4,309.7,1384.0,31.3,154,0,4536.38,4820.2,10.300000000000011
9327,M,299.4,310.2,1447.0,41.1,153,0,6227.86,6288.3,10.800000000000011
9328,L,295.1,306.3,1557.0,33.7,145,0,5494.74,4886.5,11.199999999999989
9329,L,301.1,311.0,1274.0,33.0,91,0,4402.63,3003.0,9.899999999999977
9330,M,299.6,310.8,1260.0,22.0,74,0,2902.83,1628.0,11.199999999999989
9331,M,302.4,312.9,1460.0,36.3,193,0,5549.94,7005.9,10.5
9332,M,300.4,309.8,1685.0,52.2,80,0,9210.84,4176.0,9.400000000000034
9333,L,301.5,311.2,1571.0,35.7,188,0,5873.18,6711.6,9.699999999999989
9334,M,302.4,313.0,1169.0,36.1,173,0,4419.27,6245.3,10.600000000000023
9335,L,299.7,309.0,1786.0,32.9,28,0,6153.27,921.1999999999999,9.300000000000011
9336,L,300.0,310.9,1680.0,27.1,159,0,4767.68,4308.900000000001,10.899999999999977
9337,M,296.9,307.0,1572.0,30.0,241,0,4938.58,7230.0,10.100000000000023
9338,H,302.5,312.9,1567.0,42.1,142,0,6908.44,5978.2,10.399999999999977
9339,L,299.7,311.1,1658.0,64.4,187,1,11181.47,12042.800000000001,11.400000000000034
9340,L,298.0,308.3,1954.0,49.6,209,0,10149.27,10366.4,10.300000000000011
9341,M,301.5,311.6,1695.0,46.1,155,0,8182.75,7145.5,10.100000000000023
9342,L,295.6,305.6,1591.0,59.7,154,0,9946.57,9193.800000000001,10.0
9343,M,299.1,309.0,1318.0,44.6,168,0,6155.72,7492.8,9.899999999999977
9344,M,301.8,312.1,1567.0,50.6,114,0,8303.25,5768.400000000001,10.300000000000011
9345,L,299.1,310.5,1676.0,42.0,46,0,7371.43,1932.0,11.399999999999977
9346,H,298.6,308.0,1517.0,44.4,32,0,7053.38,1420.8,9.399999999999977
9347,M,299.2,308.5,1444.0,25.9,43,0,3916.48,1113.7,9.300000000000011
9348,M,296.0,307.3,1637.0,36.8,49,0,6308.49,1803.1999999999998,11.300000000000011
9349,M,301.4,310.9,1361.0,34.3,9,0,4888.56,308.7,9.5
9350,M,299.8,310.0,1693.0,33.8,151,0,5992.42,5103.799999999999,10.199999999999989
9351,L,299.5,308.9,1460.0,33.2,121,0,5075.98,4017.2000000000003,9.399999999999977
9352,L,299.5,307.8,1158.0,54.2,33,1,6572.59,1788.6000000000001,8.300000000000011
9353,M,300.0,310.2,1456.0,36.2,106,0,5519.49,3837.2000000000003,10.199999999999989
9354,L,301.3,312.4,1527.0,38.5,90,0,6156.42,3465.0,11.099999999999966
9355,L,299.9,309.8,1636.0,62.5,19,0,10707.59,1187.5,9.900000000000034
9356,M,297.3,305.8,1616.0,47.6,232,0,8055.21,11043.2,8.5
9357,M,301.2,311.3,1307.0,40.0,24,0,5474.75,960.0,10.100000000000023
9358,L,301.0,310.2,1559.0,50.4,54,0,8228.21,2721.6,9.199999999999989
9359,M,300.4,307.8,1442.0,33.2,240,0,5013.4,7968.000000000001,7.400000000000034
9360,M,302.2,312.1,1473.0,35.7,217,0,5506.8,7746.900000000001,9.900000000000034
9361,L,300.1,310.6,1359.0,36.3,170,0,5166.0,6170.999999999999,10.5
9362,M,302.2,313.4,1528.0,42.4,180,0,6784.5,7632.0,11.199999999999989
9363,L,302.8,314.6,2026.5,44.5,212,0,9443.55,9434.0,11.800000000000011
9364,L,301.2,311.8,1870.0,30.4,177,0,5953.11,5380.8,10.600000000000023
9365,L,298.5,309.4,1359.0,44.0,54,0,6261.82,2376.0,10.899999999999977
9366,L,299.7,308.5,1549.0,45.9,140,0,7445.48,6426.0,8.800000000000011
9367,L,302.5,314.1,1481.0,35.2,176,0,5459.17,6195.200000000001,11.600000000000023
9368,M,297.0,308.3,1563.0,38.3,224,0,6268.83,8579.199999999999,11.300000000000011
9369,M,299.2,308.8,1702.0,28.6,123,0,5097.46,3517.8,9.600000000000023
9370,L,299.3,310.0,1514.0,24.9,137,0,3947.79,3411.2999999999997,10.699999999999989
9371,M,298.3,308.9,1410.0,28.5,91,0,4208.16,2593.5,10.599999999999966
9372,L,301.7,313.2,1745.0,47.1,224,0,8606.86,10550.4,11.5
9373,L,300.8,310.6,1317.0,45.1,10,0,6220.01,451.0,9.800000000000011
9374,M,298.6,307.8,1571.0,59.1,121,0,9722.82,7151.1,9.199999999999989
9375,L,301.2,310.7,1271.0,40.3,118,0,5363.88,4755.4,9.5
9376,L,299.7,310.6,1354.0,40.4,205,0,5728.34,8282.0,10.900000000000034
9377,M,298.2,306.3,1671.0,43.3,83,0,7576.92,3593.8999999999996,8.100000000000023
9378,L,298.6,305.6,1416.0,29.3,99,0,4344.7,2900.7000000000003,7.0
9379,M,300.9,311.8,1202.0,48.9,232,0,6155.2,11344.8,10.900000000000034
9380,L,301.9,312.2,1408.0,43.7,19,0,6443.36,830.3000000000001,10.300000000000011
9381,L,299.0,309.0,1389.0,30.5,71,0,4436.4,2165.5,10.0
9382,L,301.1,309.8,1312.0,43.6,78,0,5990.31,3400.8,8.699999999999989
9383,L,303.2,311.5,1636.0,47.5,224,0,8137.77,10640.0,8.300000000000011
9384,L,297.5,306.8,1261.0,26.6,82,0,3512.57,2181.2000000000003,9.300000000000011
9385,L,300.7,311.1,1432.0,50.4,47,0,7557.92,2368.7999999999997,10.400000000000034
9386,M,301.7,311.1,1561.0,35.4,75,0,5786.75,2655.0,9.400000000000034
9387,H,299.8,310.7,1476.0,13.34999999999999,144,0,2063.46,1922.3999999999987,10.899999999999977
9388,L,302.5,311.5,1465.0,49.6,32,0,7609.36,1587.2,9.0
9389,L,304.4,313.9,1408.0,53.3,242,1,7858.84,12898.599999999999,9.5
9390,L,300.7,311.4,1319.0,28.7,19,0,3964.2,545.3,10.699999999999989
9391,H,299.5,309.2,1424.0,23.3,173,0,3474.52,4030.9,9.699999999999989
9392,H,302.0,311.6,1655.0,53.1,30,0,9202.82,1593.0,9.600000000000023
9393,L,301.7,311.0,1460.0,33.8,101,0,5167.71,3413.7999999999997,9.300000000000011
9394,M,295.0,304.1,1567.0,53.3,178,0,8746.31,9487.4,9.100000000000023
9395,L,300.0,310.3,1737.0,22.1,119,0,4019.95,2629.9,10.300000000000011
9396,L,299.2,309.7,1645.0,53.9,247,1,9285.03,13313.3,10.5
9397,L,300.8,311.0,1309.0,50.6,82,0,6936.15,4149.2,10.199999999999989
9398,L,299.6,309.0,1618.0,45.3,18,0,7675.48,815.4,9.399999999999977
9399,L,299.8,309.6,1725.0,19.9,61,0,3594.77,1213.8999999999999,9.800000000000011
9400,L,298.3,309.9,1433.0,36.3,171,0,5447.3,6207.299999999999,11.599999999999966
9401,M,301.5,310.0,1254.0,49.9,204,1,6552.8,10179.6,8.5
9402,L,303.3,315.2,1459.0,23.1,165,0,3529.36,3811.5000000000005,11.899999999999977
9403,L,298.3,308.4,1571.0,34.7,48,0,5708.66,1665.6000000000001,10.099999999999966
9404,L,297.2,307.0,1644.0,43.8,64,0,7540.58,2803.2,9.800000000000011
9405,L,300.0,311.0,1444.0,28.4,10,0,4294.52,284.0,11.0
9406,L,299.9,307.9,1173.0,52.9,26,1,6498.04,1375.3999999999999,8.0
9407,L,302.3,313.7,1309.0,50.9,228,1,6977.28,11605.199999999999,11.399999999999977
9408,L,297.5,309.4,1602.0,42.3,57,0,7096.29,2411.1,11.899999999999977
9409,L,298.9,310.0,1894.0,44.2,230,0,8766.59,10166.0,11.100000000000023
9410,L,295.7,303.85,1534.0,34.5,191,0,5542.08,6589.5,8.150000000000034
9411,L,302.7,313.5,1773.0,45.8,192,0,8503.6,8793.599999999999,10.800000000000011
9412,M,300.5,312.1,1348.0,33.9,14,0,4785.4,474.59999999999997,11.600000000000023
9413,M,299.1,310.6,1422.0,37.9,81,0,5643.75,3069.9,11.5
9414,L,297.4,305.9,1119.0,35.0,234,1,4101.35,8190.0,8.5
9415,L,297.5,308.6,1604.0,54.2,88,0,9104.0,4769.6,11.100000000000023
9416,L,300.8,312.6,1378.0,51.9,0,0,7489.37,0.0,11.800000000000011
9417,L,297.8,307.8,1645.0,29.9,18,0,5150.69,538.1999999999999,10.0
9418,L,300.2,308.8,1448.0,53.2,183,0,8066.94,9735.6,8.600000000000023
9419,L,304.1,314.9,1899.0,32.0,191,0,6363.61,6112.0,10.799999999999955
9420,L,299.3,310.4,1858.0,58.4,33,0,11362.85,1927.2,11.099999999999966
9421,H,298.1,307.9,1125.0,55.5,63,1,6538.44,3496.5,9.799999999999955
9422,L,300.8,309.6,1643.0,61.7,9,0,10615.77,555.3000000000001,8.800000000000011
9423,L,297.5,308.5,1404.0,42.8,75,0,6292.74,3210.0,11.0
9424,L,303.4,312.7,1653.0,37.1,187,0,6422.08,6937.7,9.300000000000011
9425,H,302.8,313.2,1297.0,36.9,166,0,5011.81,6125.4,10.399999999999977
9426,M,299.7,311.2,1795.0,43.6,236,0,8195.58,10289.6,11.5
9427,L,298.2,306.5,1722.0,29.8,65,0,5373.76,1937.0,8.300000000000011
9428,M,299.1,310.1,1284.0,15.9,31,0,2137.92,492.90000000000003,11.0
9429,L,299.4,309.2,1505.0,35.9,50,0,5657.96,1795.0,9.800000000000011
9430,M,300.8,310.6,1567.0,40.3,25,0,6613.06,1007.4999999999999,9.800000000000011
9431,M,302.1,312.6,1666.0,45.4,56,0,7920.63,2542.4,10.5
9432,L,297.9,307.2,1535.0,43.9,83,0,7056.7,3643.7,9.300000000000011
9433,M,302.0,310.8,1678.0,41.3,187,0,7257.23,7723.099999999999,8.800000000000011
9434,L,301.2,309.5,1525.0,51.5,182,0,8224.43,9373.0,8.300000000000011
9435,L,299.0,310.2,1647.0,31.2,5,0,5381.17,156.0,11.199999999999989
9436,L,297.8,307.5,1293.0,33.2,246,0,4495.37,8167.200000000001,9.699999999999989
9437,M,300.2,310.8,1533.0,60.9,6,0,9776.6,365.4,10.600000000000023
9438,L,297.9,307.4,1743.0,13.34999999999999,193,0,2436.73,2576.5499999999984,9.5
9439,L,302.0,310.9,1790.0,51.0,80,0,9559.87,4080.0,8.899999999999977
9440,M,297.8,308.4,1568.0,45.5,153,0,7471.13,6961.5,10.599999999999966
9441,L,301.1,311.4,1520.0,39.9,117,0,6351.04,4668.3,10.299999999999955
9442,L,299.8,309.6,1782.0,48.8,94,0,9106.6,4587.2,9.800000000000011
9443,L,298.9,309.2,1519.0,47.1,118,0,7492.16,5557.8,10.300000000000011
9444,L,299.8,308.8,1742.0,25.4,97,0,4633.51,2463.7999999999997,9.0
9445,L,302.2,313.2,1518.0,30.2,209,0,4800.73,6311.8,11.0
9446,L,297.6,308.9,1545.0,35.1,232,0,5678.9,8143.200000000001,11.299999999999955
9447,H,299.2,309.9,1340.0,18.8,123,0,2638.1,2312.4,10.699999999999989
9448,M,298.5,308.1,1314.0,39.8,234,0,5476.55,9313.199999999999,9.600000000000023
9449,L,299.9,310.0,1713.0,46.2,77,0,8287.58,3557.4,10.100000000000023
9450,L,298.6,310.2,1846.0,51.5,132,0,9955.6,6798.0,11.599999999999966
9451,L,296.5,307.7,1556.0,40.7,214,0,6631.82,8709.800000000001,11.199999999999989
9452,M,297.9,309.9,1508.0,32.4,0,0,5116.52,0.0,12.0
9453,L,303.3,312.5,1721.0,42.1,83,0,7587.38,3494.3,9.199999999999989
9454,L,300.5,309.6,1598.0,39.1,129,0,6543.08,5043.900000000001,9.100000000000023
9455,M,300.4,310.6,1108.0,47.7,234,0,5534.61,11161.800000000001,10.200000000000045
9456,L,299.4,309.8,1715.0,39.4,124,0,7076.02,4885.599999999999,10.400000000000034
9457,L,299.9,309.8,1298.0,48.8,237,1,6633.2,11565.599999999999,9.900000000000034
9458,M,299.1,308.8,1535.0,37.3,100,0,5995.78,3729.9999999999995,9.699999999999989
9459,M,301.1,312.3,1458.0,52.8,64,0,8061.58,3379.2,11.199999999999989
9460,L,300.2,310.1,1423.0,41.7,9,0,6213.98,375.3,9.900000000000034
9461,M,297.7,306.4,1546.0,33.9,246,0,5488.3,8339.4,8.699999999999989
9462,L,300.5,309.4,1697.0,36.6,177,0,6504.16,6478.2,8.899999999999977
9463,M,295.1,305.3,1543.0,47.1,50,0,7610.54,2355.0,10.199999999999989
9464,L,300.8,313.8,1790.0,27.2,68,0,5098.6,1849.6,13.0
9465,M,297.2,306.2,1812.0,38.6,40,0,7324.43,1544.0,9.0
9466,H,299.8,309.5,1810.0,50.5,185,0,9571.91,9342.5,9.699999999999989
9467,H,297.6,310.0,1528.0,45.0,236,1,7200.53,10620.0,12.399999999999977
9468,H,300.0,309.5,1452.0,28.4,76,0,4318.31,2158.4,9.5
9469,L,301.2,311.6,1531.0,43.0,67,0,6894.02,2881.0,10.400000000000034
9470,L,303.0,314.9,1739.0,26.5,23,0,4825.85,609.5,11.899999999999977
9471,L,296.9,306.0,1728.0,41.8,111,0,7563.95,4639.799999999999,9.100000000000023
9472,M,302.0,311.6,1073.0,53.6,218,0,6022.73,11684.800000000001,9.600000000000023
9473,M,300.3,309.8,1592.0,40.6,55,0,6768.58,2233.0,9.5
9474,L,299.1,307.6,1114.0,28.6,121,1,3336.41,3460.6000000000004,8.5
9475,H,301.5,313.1,1534.0,38.0,227,0,6104.32,8626.0,11.600000000000023
9476,M,299.5,308.9,1443.0,41.8,234,0,6316.42,9781.199999999999,9.399999999999977
9477,H,301.4,310.6,1388.0,50.8,35,0,7383.83,1778.0,9.200000000000045
9478,M,298.0,307.6,1690.0,50.7,1,0,8972.7,50.7,9.600000000000023
9479,L,298.7,309.7,1422.0,29.1,223,1,4333.32,6489.3,11.0
9480,L,301.9,312.0,1536.0,36.7,55,0,5903.18,2018.5000000000002,10.100000000000023
9481,L,303.0,312.2,1371.0,43.8,208,0,6288.4,9110.4,9.199999999999989
9482,L,299.9,310.3,1551.0,33.9,11,0,5506.05,372.9,10.400000000000034
9483,M,294.4000000000001,305.2,1709.0,44.9,139,0,8035.58,6241.099999999999,10.799999999999898
9484,M,299.6,309.6,1380.0,26.5,84,0,3829.6,2226.0,10.0
9485,M,300.1,309.8,1652.0,42.5,71,0,7352.37,3017.5,9.699999999999989
9486,M,299.5,310.6,1548.0,50.1,149,0,8121.52,7464.900000000001,11.100000000000023
9487,L,300.7,310.5,1546.0,40.4,201,0,6540.63,8120.4,9.800000000000011
9488,L,299.0,310.7,1475.0,41.7,211,0,6441.05,8798.7,11.699999999999989
9489,L,301.7,310.9,1676.0,48.3,61,0,8477.15,2946.2999999999997,9.199999999999989
9490,L,297.7,306.9,1658.0,35.5,248,0,6163.7,8804.0,9.199999999999989
9491,L,302.5,311.6,1514.0,46.1,191,0,7308.96,8805.1,9.100000000000023
9492,L,303.1,312.9,1574.0,39.6,27,0,6527.22,1069.2,9.799999999999955
9493,L,298.2,308.2,1670.0,30.9,242,0,5403.85,7477.799999999999,10.0
9494,L,298.2,306.8,1634.0,48.9,88,0,8367.38,4303.2,8.600000000000023
9495,M,300.8,310.9,1483.0,53.9,240,1,8370.64,12936.0,10.099999999999966
9496,L,297.6,308.2,1746.0,51.4,155,0,9398.01,7967.0,10.599999999999966
9497,L,299.0,307.5,1692.0,48.9,3,0,8664.39,146.7,8.5
9498,L,302.2,311.7,1915.0,45.0,172,0,9024.22,7740.0,9.5
9499,H,301.5,312.0,1257.0,43.5,89,0,5726.02,3871.5,10.5
9500,L,304.0,312.9,1663.0,39.0,140,0,6791.81,5460.0,8.899999999999977
9501,L,300.3,310.0,1744.0,33.3,82,0,6081.62,2730.6,9.699999999999989
9502,M,298.8,309.9,1717.0,19.3,97,0,3470.21,1872.1000000000001,11.099999999999966
9503,L,300.1,311.9,1492.0,24.3,236,0,3796.68,5734.8,11.799999999999955
9504,H,299.7,310.1,1293.0,40.0,207,0,5416.11,8280.0,10.400000000000034
9505,L,299.7,309.6,1813.0,27.2,236,0,5164.11,6419.2,9.900000000000034
9506,L,300.0,309.5,1451.0,44.0,3,0,6685.73,132.0,9.5
9507,L,298.1,309.0,1485.0,57.3,188,0,8910.66,10772.4,10.899999999999977
9508,M,300.6,311.7,1907.0,13.34999999999999,83,0,2666.0,1108.0499999999993,11.099999999999966
9509,L,297.2,306.0,1310.0,30.2,104,0,4142.92,3140.7999999999997,8.800000000000011
9510,L,298.6,309.5,1684.0,61.7,153,0,10880.68,9440.1,10.899999999999977
9511,L,299.8,309.2,1403.0,48.2,107,0,7081.63,5157.400000000001,9.399999999999977
9512,L,295.5,304.6,1399.0,38.8,101,0,5684.31,3918.7999999999997,9.100000000000023
9513,L,301.5,311.4,1568.0,34.6,93,0,5681.34,3217.8,9.899999999999977
9514,M,295.9,306.9,1659.0,45.7,133,0,7939.46,6078.1,11.0
9515,M,301.3,311.6,1708.0,49.7,229,0,8889.41,11381.300000000001,10.300000000000011
9516,L,297.4,307.7,1731.0,27.3,76,0,4948.67,2074.8,10.300000000000011
9517,L,299.2,309.5,1411.0,54.8,117,0,8097.22,6411.599999999999,10.300000000000011
9518,M,301.0,311.5,1333.0,43.9,183,0,6128.06,8033.7,10.5
9519,L,304.4,314.3,1476.0,49.2,227,1,7604.66,11168.400000000001,9.900000000000034
9520,L,300.2,310.9,1600.0,50.1,80,0,8394.34,4008.0,10.699999999999989
9521,L,296.0,305.4,1501.0,43.0,154,0,6758.93,6622.0,9.399999999999977
9522,M,301.9,312.6,1046.5,44.3,34,0,4854.8,1506.1999999999998,10.700000000000045
9523,H,299.5,310.4,1210.0,45.1,231,0,5714.66,10418.1,10.899999999999977
9524,M,300.1,310.8,1494.0,36.3,224,0,5679.18,8131.199999999999,10.699999999999989
9525,L,301.1,311.9,1691.0,46.4,244,1,8216.56,11321.6,10.799999999999955
9526,L,295.5,306.0,1376.0,37.3,209,0,5374.72,7795.7,10.5
9527,M,300.0,311.2,1669.0,39.9,185,0,6973.61,7381.5,11.199999999999989
9528,L,299.2,306.9,1270.0,55.5,83,1,7381.17,4606.5,7.699999999999989
9529,H,302.4,313.3,1583.0,39.5,190,0,6547.97,7505.0,10.900000000000034
9530,H,301.5,313.4,1585.0,44.0,114,0,7303.16,5016.0,11.899999999999977
9531,L,296.7,306.1,1621.0,38.2,160,0,6484.48,6112.0,9.400000000000034
9532,H,302.5,311.8,1357.0,36.3,94,0,5158.4,3412.2,9.300000000000011
9533,L,300.9,312.2,1260.0,59.1,100,0,7798.06,5910.0,11.300000000000011
9534,M,296.9,306.0,1667.0,25.3,120,0,4416.57,3036.0,9.100000000000023
9535,L,300.1,309.4,1264.0,40.4,82,0,5347.58,3312.7999999999997,9.299999999999955
9536,L,302.1,312.2,1400.0,27.9,96,0,4090.35,2678.3999999999996,10.099999999999966
9537,M,297.6,306.8,1787.0,52.4,80,0,9805.83,4192.0,9.199999999999989
9538,M,302.8,313.6,1568.0,39.3,32,0,6453.08,1257.6,10.800000000000011
9539,L,297.0,306.2,1604.0,35.2,99,0,5912.56,3484.8,9.199999999999989
9540,L,298.4,308.8,1649.0,21.6,68,0,3729.95,1468.8000000000002,10.400000000000034
9541,L,298.1,308.4,1643.0,55.6,39,0,9566.23,2168.4,10.299999999999955
9542,L,302.8,314.4,1534.0,26.7,249,0,4289.09,6648.3,11.599999999999966
9543,L,299.0,310.2,1376.0,44.7,46,0,6441.02,2056.2000000000003,11.199999999999989
9544,L,297.7,307.1,2018.0,49.2,126,0,10397.16,6199.200000000001,9.400000000000034
9545,L,300.9,309.6,1485.0,61.6,172,0,9579.34,10595.2,8.700000000000045
9546,L,301.3,312.2,1597.0,34.4,26,0,5752.97,894.4,10.899999999999977
9547,L,301.3,310.7,1616.0,31.4,134,0,5313.73,4207.599999999999,9.399999999999977
9548,L,299.5,309.1,1442.0,35.6,185,0,5375.81,6586.0,9.600000000000023
9549,L,300.5,309.4,1461.0,34.0,13,0,5201.85,442.0,8.899999999999977
9550,H,298.7,309.4,1804.0,21.1,131,0,3986.09,2764.1000000000004,10.699999999999989
9551,L,303.3,312.7,1405.0,56.2,113,0,8268.78,6350.6,9.399999999999977
9552,H,302.3,312.3,1611.0,35.7,209,0,6022.72,7461.3,10.0
9553,M,302.2,312.1,1698.0,38.3,161,0,6810.28,6166.299999999999,9.900000000000034
9554,M,301.6,311.8,1499.0,46.1,112,0,7236.54,5163.2,10.199999999999989
9555,M,301.0,311.7,1521.0,53.7,79,0,8553.27,4242.3,10.699999999999989
9556,M,297.5,307.3,1709.0,28.3,90,0,5064.74,2547.0,9.800000000000011
9557,L,301.3,310.5,1513.0,43.5,165,0,6892.18,7177.5,9.199999999999989
9558,L,300.2,308.4,1166.0,27.8,147,1,3394.47,4086.6,8.199999999999989
9559,M,302.5,312.6,1807.0,43.2,45,0,8174.68,1944.0000000000002,10.100000000000023
9560,L,301.6,311.5,1363.0,42.8,146,0,6108.97,6248.799999999999,9.899999999999977
9561,M,301.1,310.4,1576.0,35.2,128,0,5809.35,4505.6,9.299999999999955
9562,L,296.6,306.7,1302.0,42.2,235,0,5753.76,9917.0,10.099999999999966
9563,M,299.8,310.7,1446.0,42.4,150,0,6420.41,6360.0,10.899999999999977
9564,L,298.9,310.0,1459.0,39.1,189,0,5973.94,7389.900000000001,11.100000000000023
9565,L,300.5,309.0,1569.0,37.9,111,0,6227.17,4206.9,8.5
9566,L,299.2,308.8,1380.0,26.3,200,0,3800.7,5260.0,9.600000000000023
9567,M,299.4,310.4,1892.0,29.0,27,0,5745.76,783.0,11.0
9568,M,300.9,312.5,1542.0,33.8,83,0,5457.95,2805.3999999999996,11.600000000000023
9569,L,299.1,308.3,1695.0,29.9,79,0,5307.25,2362.1,9.199999999999989
9570,M,300.2,311.6,1536.0,34.2,76,0,5501.05,2599.2000000000003,11.400000000000034
9571,L,297.0,305.6,1716.0,39.1,160,0,7026.23,6256.0,8.600000000000023
9572,L,298.3,309.5,1161.0,40.8,130,0,4960.45,5304.0,11.199999999999989
9573,L,301.3,311.0,1411.0,45.5,206,0,6723.06,9373.0,9.699999999999989
9574,L,297.5,309.1,1444.0,41.5,15,0,6275.44,622.5,11.600000000000023
9575,L,302.5,312.0,1443.0,41.1,126,0,6210.65,5178.6,9.5
9576,L,301.9,311.6,1630.0,45.2,29,0,7715.33,1310.8000000000002,9.700000000000045
9577,M,299.5,309.3,1643.0,30.8,152,0,5299.28,4681.6,9.800000000000011
9578,M,305.5999999999999,314.5,1524.0,31.6,77,0,5043.14,2433.2000000000003,8.900000000000091
9579,L,302.5,310.7,1529.0,36.2,128,0,5796.22,4633.6,8.199999999999989
9580,L,298.1,308.6,1974.0,33.0,32,0,6821.65,1056.0,10.5
9581,L,301.5,312.5,1596.0,22.4,36,0,3743.77,806.4,11.0
9582,L,300.1,310.7,1139.0,45.6,156,0,5438.98,7113.6,10.599999999999966
9583,L,298.4,307.2,1675.0,30.0,164,0,5262.17,4920.0,8.800000000000011
9584,L,297.9,308.3,1638.0,57.9,188,0,9931.64,10885.199999999999,10.400000000000034
9585,H,302.0,311.0,1745.0,41.5,7,0,7583.54,290.5,9.0
9586,M,298.8,309.2,1645.0,24.9,0,0,4289.37,0.0,10.399999999999977
9587,L,299.8,310.9,1376.0,46.5,62,0,6700.39,2883.0,11.099999999999966
9588,L,298.2,308.5,1697.0,40.2,215,0,7143.92,8643.0,10.300000000000011
9589,L,298.5,310.0,1555.0,42.8,113,0,6969.52,4836.4,11.5
9590,M,299.7,309.6,1725.0,34.9,192,0,6304.39,6700.799999999999,9.900000000000034
9591,L,300.8,310.6,1815.0,30.6,173,0,5816.03,5293.8,9.800000000000011
9592,L,294.8,304.9,1516.0,25.3,170,0,4016.51,4301.0,10.099999999999966
9593,M,300.0,308.7,1694.0,27.1,119,0,4807.41,3224.9,8.699999999999989
9594,L,298.5,308.1,1723.0,26.3,9,0,4745.37,236.70000000000002,9.600000000000023
9595,L,302.8,312.5,1566.0,36.3,209,0,5952.88,7586.7,9.699999999999989
9596,L,305.5999999999999,315.6,1888.0,39.4,212,1,7789.81,8352.8,10.000000000000114
9597,L,299.3,309.5,1725.0,24.5,9,0,4425.72,220.5,10.199999999999989
9598,L,296.6,305.1,1433.0,48.9,61,0,7338.1,2982.9,8.5
9599,L,300.2,309.1,1584.0,41.3,85,0,6850.68,3510.4999999999995,8.900000000000034
9600,L,299.6,310.7,1691.0,64.1,178,1,11350.9,11409.8,11.099999999999966
9601,L,303.9,311.9,1881.0,35.9,44,0,7071.51,1579.6,8.0
9602,M,303.3,313.9,1649.0,62.1,200,1,10723.61,12420.0,10.599999999999966
9603,L,301.7,311.4,1589.0,47.3,200,0,7870.71,9460.0,9.699999999999989
9604,L,298.8,309.0,1764.0,20.4,103,0,3768.4,2101.2,10.199999999999989
9605,M,301.4,312.9,1498.0,28.0,44,0,4392.37,1232.0,11.5
9606,M,300.5,310.4,1360.0,43.1,230,0,6138.25,9913.0,9.899999999999977
9607,M,300.5,311.1,1663.0,22.5,84,0,3918.35,1890.0,10.600000000000023
9608,L,296.9,306.9,1470.0,31.0,185,0,4772.08,5735.0,10.0
9609,L,302.1,312.0,2024.0,24.0,94,0,5086.87,2256.0,9.899999999999977
9610,M,300.2,310.0,1583.0,61.2,193,0,10145.21,11811.6,9.800000000000011
9611,M,299.8,310.5,1665.0,50.8,242,1,8857.41,12293.599999999999,10.699999999999989
9612,L,298.8,308.1,1425.0,36.5,244,0,5446.74,8906.0,9.300000000000011
9613,H,298.4,307.3,1764.0,55.0,23,0,10159.91,1265.0,8.900000000000034
9614,L,300.6,310.7,1533.0,52.4,224,1,8412.05,11737.6,10.099999999999966
9615,H,296.5,306.7,1515.0,53.0,202,0,8408.47,10706.0,10.199999999999989
9616,M,301.6,309.8,1520.0,34.3,192,0,5459.67,6585.599999999999,8.199999999999989
9617,M,297.9,307.9,1306.0,36.8,182,0,5032.92,6697.599999999999,10.0
9618,H,295.9,304.7,1493.0,29.0,112,0,4534.05,3248.0,8.800000000000011
9619,M,303.6,314.3,1635.0,38.8,178,0,6643.21,6906.4,10.699999999999989
9620,L,298.3,306.5,1261.0,31.8,199,1,4199.24,6328.2,8.199999999999989
9621,L,298.6,310.5,1720.0,29.2,72,0,5259.44,2102.4,11.899999999999977
9622,L,302.3,311.9,1489.0,51.2,20,0,7983.5,1024.0,9.599999999999966
9623,L,303.7,312.8,1581.0,46.6,46,0,7715.19,2143.6,9.100000000000023
9624,M,296.9,306.7,1138.0,31.1,149,0,3706.22,4633.900000000001,9.800000000000011
9625,L,298.1,308.6,1578.0,49.3,156,0,8146.72,7690.799999999999,10.5
9626,L,298.2,309.1,1351.0,43.0,39,0,6083.48,1677.0,10.900000000000034
9627,L,301.9,311.6,1475.0,36.8,130,0,5684.19,4784.0,9.700000000000045
9628,M,303.3,311.8,1257.0,55.7,176,1,7331.94,9803.2,8.5
9629,L,297.8,306.6,1380.0,42.9,24,0,6199.62,1029.6,8.800000000000011
9630,L,302.8,313.1,1508.0,57.6,209,1,9096.04,12038.4,10.300000000000011
9631,L,298.6,309.6,1489.0,45.5,123,0,7094.71,5596.5,11.0
9632,M,300.7,311.8,1696.0,46.4,10,0,8240.86,464.0,11.100000000000023
9633,L,297.5,307.6,1203.0,29.2,93,0,3678.55,2715.6,10.100000000000023
9634,M,299.8,310.7,1528.0,34.4,88,0,5504.41,3027.2,10.899999999999977
9635,L,299.8,311.7,1520.0,54.4,202,0,8659.07,10988.8,11.899999999999977
9636,L,299.4,310.6,1456.0,51.5,225,1,7852.31,11587.5,11.200000000000045
9637,H,300.8,311.7,1374.0,36.3,87,0,5223.02,3158.1,10.899999999999977
9638,L,298.0,307.2,1735.0,26.4,47,0,4796.58,1240.8,9.199999999999989
9639,L,298.2,309.2,1904.0,56.4,159,0,11245.39,8967.6,11.0
9640,L,300.9,311.3,1231.0,50.5,130,0,6509.96,6565.0,10.400000000000034
9641,L,302.7,313.3,1372.0,28.5,172,0,4094.75,4902.0,10.600000000000023
9642,L,300.0,311.2,1358.0,28.5,88,0,4052.97,2508.0,11.199999999999989
9643,L,301.0,311.4,1487.0,58.2,121,0,9062.8,7042.200000000001,10.399999999999977
9644,L,301.5,311.4,1762.0,34.8,108,0,6421.16,3758.3999999999996,9.899999999999977
9645,L,301.7,310.6,1632.0,35.0,19,0,5981.59,665.0,8.900000000000034
9646,M,298.1,307.8,1510.0,33.1,247,0,5234.0,8175.700000000001,9.699999999999989
9647,M,298.4,308.7,1540.0,43.4,147,0,6999.05,6379.8,10.300000000000011
9648,L,298.6,308.9,1480.0,26.0,50,0,4029.62,1300.0,10.299999999999955
9649,L,303.9,314.1,1670.0,42.3,80,0,7397.51,3384.0,10.200000000000045
9650,L,301.0,312.0,1691.0,25.9,19,0,4586.4,492.09999999999997,11.0
9651,L,300.9,311.8,1643.0,26.0,209,0,4473.42,5434.0,10.900000000000034
9652,L,300.7,310.7,1144.0,26.3,120,0,3150.72,3156.0,10.0
9653,L,297.4,306.5,1540.0,26.7,13,0,4305.87,347.09999999999997,9.100000000000023
9654,L,303.9,314.3,1504.0,47.1,225,0,7418.18,10597.5,10.400000000000034
9655,L,301.0,313.2,1715.0,47.1,79,0,8458.9,3720.9,12.199999999999989
9656,L,301.4,311.8,1580.0,38.3,31,0,6337.01,1187.3,10.400000000000034
9657,H,296.5,306.2,1637.0,33.6,199,0,5759.92,6686.400000000001,9.699999999999989
9658,L,301.6,312.1,1449.0,53.7,169,0,8148.38,9075.300000000001,10.5
9659,M,299.3,309.9,1706.0,46.8,121,0,8360.91,5662.799999999999,10.599999999999966
9660,M,297.4,307.9,1758.0,28.2,207,0,5191.54,5837.4,10.5
9661,L,298.1,309.5,1246.0,43.4,166,0,5662.87,7204.4,11.399999999999977
9662,L,297.5,307.9,1305.0,42.9,165,0,5862.68,7078.5,10.399999999999977
9663,L,297.4,308.8,1674.0,47.1,191,0,8256.67,8996.1,11.400000000000034
9664,L,300.1,310.4,1507.0,66.55000000000001,3,0,10502.43,199.65000000000003,10.299999999999955
9665,L,299.2,310.7,1722.0,31.7,226,0,5716.38,7164.2,11.5
9666,M,300.7,311.9,1581.0,45.4,123,0,7516.51,5584.2,11.199999999999989
9667,L,303.4,314.3,1662.0,54.8,219,1,9537.62,12001.199999999999,10.900000000000034
9668,L,299.7,310.5,1404.0,57.0,190,0,8380.51,10830.0,10.800000000000011
9669,M,295.5,307.8,1598.0,41.7,234,0,6978.17,9757.800000000001,12.300000000000011
9670,M,299.5,310.6,1599.0,26.9,60,0,4504.32,1614.0,11.100000000000023
9671,L,302.4,311.5,1414.0,22.0,233,0,3257.62,5126.0,9.100000000000023
9672,M,299.8,310.1,1717.0,48.1,77,0,8648.56,3703.7000000000003,10.300000000000011
9673,L,303.1,312.8,1198.0,43.3,132,0,5432.17,5715.599999999999,9.699999999999989
9674,L,300.9,313.0,1575.0,41.2,193,0,6795.26,7951.6,12.100000000000023
9675,L,296.3,307.6,1306.0,42.7,44,0,5839.82,1878.8000000000002,11.300000000000011
9676,L,300.2,312.3,1355.0,49.6,49,0,7038.01,2430.4,12.100000000000023
9677,H,300.6,309.8,1714.0,45.3,87,0,8130.88,3941.1,9.199999999999989
9678,L,302.2,313.3,1341.0,43.8,130,0,6150.8,5694.0,11.100000000000023
9679,L,303.6,312.3,1333.0,34.0,22,0,4746.11,748.0,8.699999999999989
9680,L,301.8,310.2,1641.0,50.3,138,0,8643.81,6941.4,8.399999999999977
9681,L,300.9,310.5,1339.0,34.2,37,0,4795.52,1265.4,9.600000000000023
9682,L,301.4,312.9,1720.0,49.5,183,0,8915.84,9058.5,11.5
9683,L,299.7,308.7,1653.0,36.0,162,0,6231.66,5832.0,9.0
9684,M,297.1,307.1,1398.0,45.8,192,0,6705.04,8793.599999999999,10.0
9685,L,300.1,311.3,1713.0,57.5,5,0,10314.63,287.5,11.199999999999989
9686,L,300.7,311.6,1190.0,46.5,69,0,5794.67,3208.5,10.900000000000034
9687,L,297.6,309.8,1622.0,54.0,167,0,9172.19,9018.0,12.199999999999989
9688,L,302.7,312.7,1314.0,36.2,217,0,4981.18,7855.400000000001,10.0
9689,L,302.0,311.6,1444.0,40.9,34,0,6184.71,1390.6,9.600000000000023
9690,M,297.3,306.2,1455.0,36.4,140,0,5546.17,5096.0,8.899999999999977
9691,H,302.7,312.4,1767.0,23.4,24,0,4329.93,561.5999999999999,9.699999999999989
9692,L,299.4,308.3,1448.0,50.5,213,0,7657.53,10756.5,8.900000000000034
9693,L,298.4,306.6,1523.0,45.6,80,0,7272.66,3648.0,8.200000000000045
9694,M,302.2,314.1,1459.0,44.9,205,0,6860.1,9204.5,11.900000000000034
9695,L,299.9,309.9,1362.0,52.2,66,0,7445.2,3445.2000000000003,10.0
9696,L,303.8,316.25000000000006,1353.0,28.6,67,0,4052.21,1916.2,12.450000000000045
9697,L,298.3,307.5,1593.0,26.2,98,0,4370.65,2567.6,9.199999999999989
9698,M,296.5,306.1,1533.0,52.3,117,0,8396.0,6119.099999999999,9.600000000000023
9699,L,299.4,308.7,1674.0,39.2,174,0,6871.79,6820.8,9.300000000000011
9700,M,301.6,310.9,1494.0,42.0,54,0,6570.96,2268.0,9.299999999999955
9701,M,298.1,309.0,1500.0,25.3,219,0,3974.11,5540.7,10.899999999999977
9702,L,297.3,307.9,1675.0,54.6,170,0,9577.15,9282.0,10.599999999999966
9703,M,300.5,311.3,1471.0,46.6,1,0,7178.39,46.6,10.800000000000011
9704,M,297.1,308.4,1280.0,34.2,44,0,4584.21,1504.8000000000002,11.299999999999955
9705,L,300.6,311.7,1689.0,60.7,175,0,10736.11,10622.5,11.099999999999966
9706,L,299.3,308.3,1416.0,26.3,61,0,3899.85,1604.3,9.0
9707,L,301.0,310.5,1549.0,36.6,165,0,5936.92,6039.0,9.5
9708,L,297.2,307.4,1425.0,49.7,46,0,7416.51,2286.2000000000003,10.199999999999989
9709,L,302.6,316.25000000000006,1363.0,51.4,3,0,7336.48,154.2,13.650000000000034
9710,L,299.6,310.4,1198.0,25.0,187,0,3136.36,4675.0,10.799999999999955
9711,L,301.5,311.6,1598.0,37.1,238,1,6208.39,8829.800000000001,10.100000000000023
9712,M,301.9,312.6,1046.5,47.3,48,0,5183.57,2270.3999999999996,10.700000000000045
9713,L,297.7,307.1,1770.0,54.6,75,0,10120.33,4095.0,9.400000000000034
9714,L,301.8,312.0,1722.0,53.7,33,0,9683.58,1772.1000000000001,10.199999999999989
9715,L,297.1,308.1,1375.0,46.9,228,0,6753.12,10693.199999999999,11.0
9716,L,297.3,307.2,1822.0,40.8,43,0,7784.62,1754.3999999999999,9.899999999999977
9717,L,303.9,313.2,1906.0,38.1,232,0,7604.6,8839.2,9.300000000000011
9718,L,302.2,312.1,1489.0,44.9,93,0,7001.15,4175.7,9.900000000000034
9719,L,304.1,313.8,1611.0,54.2,84,0,9143.73,4552.8,9.699999999999989
9720,M,299.3,307.9,1562.0,37.8,55,0,6183.03,2079.0,8.599999999999966
9721,M,300.2,309.6,1808.0,37.2,219,0,7043.2,8146.8,9.400000000000034
9722,L,301.1,309.7,1288.0,51.3,41,0,6919.29,2103.2999999999997,8.599999999999966
9723,M,300.0,308.7,1497.0,50.5,49,0,7916.66,2474.5,8.699999999999989
9724,M,298.5,307.4,1702.0,34.9,196,0,6220.33,6840.4,8.899999999999977
9725,L,298.2,309.2,1683.0,26.8,32,0,4723.32,857.6,11.0
9726,H,300.4,311.9,1530.0,22.8,225,0,3653.04,5130.0,11.5
9727,M,297.9,306.3,1787.0,41.2,223,0,7709.93,9187.6,8.400000000000034
9728,L,297.8,309.4,1579.0,28.9,90,0,4778.69,2601.0,11.599999999999966
9729,L,300.8,309.7,1558.0,48.8,66,0,7961.88,3220.7999999999997,8.899999999999977
9730,L,299.8,310.6,1662.0,22.8,103,0,3968.21,2348.4,10.800000000000011
9731,L,301.9,312.1,1527.0,56.0,235,1,8954.8,13160.0,10.200000000000045
9732,M,299.2,309.8,1546.0,36.5,41,0,5909.23,1496.5,10.600000000000023
9733,L,298.8,307.7,1397.0,31.9,242,0,4666.76,7719.799999999999,8.899999999999977
9734,M,300.8,309.0,2026.5,34.5,43,0,7321.4,1483.5,8.199999999999989
9735,M,298.4,307.6,1453.0,31.3,195,0,4762.54,6103.5,9.200000000000045
9736,M,298.7,309.1,1668.0,55.0,99,0,9606.99,5445.0,10.400000000000034
9737,M,298.8,310.7,1879.0,46.6,184,0,9169.41,8574.4,11.899999999999977
9738,L,299.6,308.6,1297.0,40.9,35,0,5555.1,1431.5,9.0
9739,L,303.5,313.4,1647.0,27.9,168,0,4812.01,4687.2,9.899999999999977
9740,M,297.2,306.5,1542.0,39.4,122,0,6362.23,4806.8,9.300000000000011
9741,L,302.6,312.6,1859.0,32.2,183,0,6268.5,5892.6,10.0
9742,L,301.5,309.5,1375.0,13.7,115,1,1972.66,1575.5,8.0
9743,M,303.1,314.6,1403.0,33.0,2,0,4848.42,66.0,11.5
9744,M,305.5999999999999,316.25000000000006,1529.0,45.9,113,0,7349.35,5186.7,10.650000000000148
9745,L,302.9,313.8,1449.0,35.7,55,0,5417.08,1963.5000000000002,10.900000000000034
9746,M,301.9,311.6,1455.0,38.5,183,0,5866.14,7045.5,9.700000000000045
9747,M,297.4,307.6,1901.0,50.3,192,0,10013.33,9657.599999999999,10.200000000000045
9748,L,297.6,308.8,1560.0,48.5,38,0,7923.1,1843.0,11.199999999999989
9749,L,300.7,310.9,1397.0,59.4,167,0,8689.83,9919.8,10.199999999999989
9750,H,296.6,306.8,1468.0,18.1,38,0,2782.49,687.8000000000001,10.199999999999989
9751,L,301.2,310.4,1610.0,31.5,154,0,5310.86,4851.0,9.199999999999989
9752,L,295.7,305.2,1598.0,48.9,107,0,8183.03,5232.3,9.5
9753,L,302.3,311.3,1434.0,44.2,66,0,6637.43,2917.2000000000003,9.0
9754,M,299.4,308.6,1246.0,40.9,99,0,5336.67,4049.1,9.200000000000045
9755,L,300.3,311.5,1528.0,33.9,228,0,5424.4,7729.2,11.199999999999989
9756,L,298.5,310.3,1524.0,42.2,93,0,6734.82,3924.6000000000004,11.800000000000011
9757,L,296.2,305.0,1422.0,41.6,64,0,6194.72,2662.4,8.800000000000011
9758,H,302.5,312.9,1767.0,21.5,201,0,3978.36,4321.5,10.399999999999977
9759,L,302.7,312.4,1640.0,42.0,2,0,7213.1,84.0,9.699999999999989
9760,L,299.3,310.7,1562.0,34.8,126,0,5692.31,4384.799999999999,11.399999999999977
9761,H,301.3,311.5,1473.0,48.3,229,0,7450.38,11060.699999999999,10.199999999999989
9762,L,299.2,309.2,1848.0,43.3,130,0,8379.51,5629.0,10.0
9763,H,300.6,309.8,1331.0,59.4,36,0,8279.29,2138.4,9.199999999999989
9764,H,301.5,310.0,1449.0,39.9,243,0,6054.38,9695.699999999999,8.5
9765,M,301.1,311.9,1457.0,29.0,97,0,4424.72,2813.0,10.799999999999955
9766,L,302.7,313.0,1591.0,15.1,243,0,2515.8,3669.2999999999997,10.300000000000011
9767,M,301.0,311.4,1656.0,30.6,147,0,5306.53,4498.2,10.399999999999977
9768,M,300.1,309.5,1298.0,43.7,138,0,5939.98,6030.6,9.399999999999977
9769,H,298.5,308.3,1415.0,46.2,82,0,6845.84,3788.4,9.800000000000011
9770,L,299.0,309.8,1618.0,33.9,218,0,5743.9,7390.2,10.800000000000011
9771,M,301.6,312.6,1418.0,35.6,151,0,5286.34,5375.6,11.0
9772,L,297.0,305.8,1466.0,40.6,197,0,6232.88,7998.200000000001,8.800000000000011
9773,L,302.2,311.6,1568.0,43.7,64,0,7175.57,2796.8,9.400000000000034
9774,L,299.4,308.0,1362.0,50.1,120,0,7145.68,6012.0,8.600000000000023
9775,M,298.4,308.6,1587.0,34.0,82,0,5650.47,2788.0,10.200000000000045
9776,L,297.8,308.7,1647.0,32.5,115,0,5605.39,3737.5,10.899999999999977
9777,L,301.3,311.1,1544.0,60.1,121,0,9717.41,7272.1,9.800000000000011
9778,H,300.0,309.3,1793.0,57.7,73,0,10833.9,4212.1,9.300000000000011
9779,L,303.2,312.8,1667.0,34.6,235,1,6040.05,8131.0,9.600000000000023
9780,M,297.5,309.8,1530.0,51.3,159,0,8219.35,8156.7,12.300000000000011
9781,L,298.8,310.0,1480.0,61.9,189,1,9593.59,11699.1,11.199999999999989
9782,L,299.8,310.5,1852.0,53.0,182,0,10278.87,9646.0,10.699999999999989
9783,M,298.5,308.8,1419.0,32.3,239,0,4799.69,7719.699999999999,10.300000000000011
9784,H,300.0,310.0,1489.0,40.9,100,0,6377.44,4090.0,10.0
9785,L,300.6,309.7,1464.0,22.5,35,0,3449.47,787.5,9.099999999999966
9786,M,301.0,309.9,1609.0,30.3,65,0,5105.37,1969.5,8.899999999999977
9787,L,303.0,312.4,1941.0,39.7,164,0,8069.46,6510.8,9.399999999999977
9788,L,297.4,306.4,1582.0,42.1,13,0,6974.57,547.3000000000001,9.0
9789,L,300.7,310.1,1480.0,33.0,45,0,5114.51,1485.0,9.400000000000034
9790,L,298.7,308.6,1571.0,13.34999999999999,204,0,2196.27,2723.3999999999983,9.900000000000034
9791,L,300.9,310.8,1302.0,41.8,183,0,5699.23,7649.4,9.900000000000034
9792,L,300.9,310.2,1504.0,47.2,49,0,7433.93,2312.8,9.300000000000011
9793,L,298.0,308.5,1843.0,47.5,60,0,9167.43,2850.0,10.5
9794,L,298.2,308.0,1656.0,37.8,125,0,6555.12,4725.0,9.800000000000011
9795,L,301.0,311.2,1758.0,38.6,144,0,7106.16,5558.400000000001,10.199999999999989
9796,L,300.0,309.3,1719.0,42.4,26,0,7632.56,1102.3999999999999,9.300000000000011
9797,H,299.6,310.3,1411.0,44.0,125,0,6501.42,5500.0,10.699999999999989
9798,M,301.3,310.8,1880.0,39.0,53,0,7678.05,2067.0,9.5
9799,L,301.5,313.1,1220.0,16.8,28,0,2146.34,470.40000000000003,11.600000000000023
9800,H,298.9,308.7,1597.0,53.8,12,0,8997.37,645.5999999999999,9.800000000000011
9801,M,298.3,308.2,1169.0,35.3,176,0,4321.33,6212.799999999999,9.899999999999977
9802,L,297.5,308.1,1231.0,27.7,24,0,3570.81,664.8,10.600000000000023
9803,L,300.1,310.9,1705.0,36.0,87,0,6427.7,3132.0,10.799999999999955
9804,M,297.2,308.1,1414.0,41.0,239,0,6071.02,9799.0,10.900000000000034
9805,L,300.2,312.0,1760.0,33.8,99,0,6229.57,3346.2,11.800000000000011
9806,M,302.4,313.1,1148.0,34.5,150,0,4147.53,5175.0,10.700000000000045
9807,M,299.3,309.2,1522.0,36.7,25,0,5849.37,917.5000000000001,9.899999999999977
9808,M,298.9,308.4,1320.0,43.5,47,0,6013.01,2044.5,9.5
9809,H,304.0,313.9,1479.0,31.9,163,0,4940.69,5199.7,9.899999999999977
9810,L,303.0,314.5,1815.0,43.3,133,0,8229.87,5758.9,11.5
9811,L,298.5,307.1,1858.0,26.2,207,0,5097.72,5423.4,8.600000000000023
9812,M,300.3,309.5,1629.0,59.9,73,0,10218.25,4372.7,9.199999999999989
9813,L,300.7,310.4,1252.0,50.6,166,0,6634.12,8399.6,9.699999999999989
9814,M,300.4,309.6,1322.0,37.2,56,0,5149.95,2083.2000000000003,9.200000000000045
9815,H,303.6,313.2,1566.0,43.2,90,0,7084.42,3888.0000000000005,9.599999999999966
9816,M,300.2,312.0,1393.0,28.3,193,0,4128.25,5461.900000000001,11.800000000000011
9817,L,300.5,310.2,1655.0,45.5,137,0,7885.66,6233.5,9.699999999999989
9818,L,301.4,311.8,1837.0,48.3,239,1,9291.48,11543.699999999999,10.400000000000034
9819,L,302.4,310.7,1362.0,42.6,199,1,6075.97,8477.4,8.300000000000011
9820,L,301.9,310.8,1377.0,48.9,8,0,7051.34,391.2,8.900000000000034
9821,M,301.1,312.0,1326.0,39.8,76,0,5526.56,3024.7999999999997,10.899999999999977
9822,M,296.9,308.6,1492.0,38.9,243,0,6077.81,9452.699999999999,11.700000000000045
9823,M,299.0,309.2,1547.0,33.3,71,0,5394.65,2364.2999999999997,10.199999999999989
9824,L,301.6,311.3,1541.0,45.4,26,0,7326.34,1180.3999999999999,9.699999999999989
9825,L,300.5,311.0,1698.0,31.6,45,0,5618.93,1422.0,10.5
9826,M,301.7,309.1,1608.0,44.0,62,0,7409.13,2728.0,7.400000000000034
9827,L,303.8,314.0,1527.0,42.9,169,0,6860.01,7250.099999999999,10.199999999999989
9828,L,297.6,306.6,1545.0,53.3,212,1,8623.51,11299.599999999999,9.0
9829,M,302.3,313.1,1553.0,45.7,40,0,7432.18,1828.0,10.800000000000011
9830,M,299.3,307.1,1527.0,22.4,161,0,3581.92,3606.3999999999996,7.800000000000011
9831,L,301.9,311.2,1416.0,33.3,92,0,4937.83,3063.6,9.300000000000011
9832,M,299.9,309.9,1322.0,33.0,157,0,4568.5,5181.0,10.0
9833,L,304.3,313.5,1563.0,32.6,171,0,5335.87,5574.6,9.199999999999989
9834,H,300.3,309.9,1448.0,49.5,207,0,7505.89,10246.5,9.599999999999966
9835,L,298.7,309.6,1631.0,18.0,0,0,3074.36,0.0,10.900000000000034
9836,L,300.8,310.8,1550.0,54.1,172,0,8781.28,9305.2,10.0
9837,M,300.6,309.7,1540.0,49.8,46,0,8031.17,2290.7999999999997,9.099999999999966
9838,L,302.3,313.2,1714.0,41.8,220,1,7502.67,9196.0,10.899999999999977
9839,M,300.9,311.1,1286.0,43.4,233,0,5844.66,10112.199999999999,10.200000000000045
9840,M,305.0,315.2,1854.0,40.6,157,0,7882.51,6374.2,10.199999999999989
9841,M,299.8,308.9,1146.0,41.5,149,0,4980.37,6183.5,9.099999999999966
9842,H,299.8,307.3,1797.0,51.1,14,0,9616.07,715.4,7.5
9843,L,298.8,307.9,1573.0,37.7,83,0,6210.1,3129.1000000000004,9.099999999999966
9844,M,300.2,309.2,1444.0,45.9,165,0,6940.78,7573.5,9.0
9845,L,300.5,309.8,1274.0,31.2,22,0,4162.48,686.4,9.300000000000011
9846,L,300.6,309.7,1430.0,45.2,158,0,6768.67,7141.6,9.099999999999966
9847,M,300.1,310.2,1508.0,37.2,184,0,5874.53,6844.8,10.099999999999966
9848,L,298.8,309.7,1572.0,44.2,208,0,7276.18,9193.6,10.899999999999977
9849,L,298.2,309.3,1796.0,31.3,34,0,5886.8,1064.2,11.100000000000023
9850,L,299.2,310.1,1551.0,44.4,193,0,7211.46,8569.199999999999,10.900000000000034
9851,M,302.3,311.4,1595.0,39.4,238,0,6580.9,9377.199999999999,9.099999999999966
9852,H,302.7,312.8,1600.0,55.5,180,0,9299.11,9990.0,10.100000000000023
9853,L,299.8,311.4,1479.0,42.5,30,0,6582.42,1275.0,11.599999999999966
9854,L,298.1,306.5,1503.0,44.8,153,0,7051.24,6854.4,8.399999999999977
9855,M,299.8,311.2,1518.0,35.5,30,0,5643.24,1065.0,11.399999999999977
9856,L,304.2,313.2,1650.0,43.0,199,0,7429.87,8557.0,9.0
9857,L,302.0,312.3,1374.0,44.6,207,0,6417.27,9232.2,10.300000000000011
9858,L,301.1,311.5,1447.0,36.4,139,0,5515.67,5059.599999999999,10.399999999999977
9859,L,301.9,312.1,1601.0,35.6,180,0,5968.57,6408.0,10.200000000000045
9860,L,303.1,315.3,1345.0,31.9,183,0,4493.05,5837.7,12.199999999999989
9861,M,297.7,307.4,1558.0,39.1,82,0,6379.3,3206.2000000000003,9.699999999999989
9862,L,299.2,307.6,1440.0,33.4,189,0,5036.6,6312.599999999999,8.400000000000034
9863,H,298.9,309.3,1628.0,42.8,43,0,7296.7,1840.3999999999999,10.400000000000034
9864,M,301.2,311.0,1783.0,32.0,57,0,5974.89,1824.0,9.800000000000011
9865,M,300.3,310.9,1440.0,38.7,204,0,5835.82,7894.8,10.599999999999966
9866,L,301.5,312.4,1673.0,30.5,192,0,5343.48,5856.0,10.899999999999977
9867,L,299.0,309.0,1573.0,51.3,140,0,8450.35,7182.0,10.0
9868,L,302.7,313.2,1469.0,40.1,60,0,6168.72,2406.0,10.5
9869,H,299.9,310.0,1539.0,40.1,67,0,6462.66,2686.7000000000003,10.100000000000023
9870,L,301.4,313.2,1770.0,45.8,178,0,8489.21,8152.4,11.800000000000011
9871,L,302.4,312.0,1507.0,57.6,124,0,9090.01,7142.400000000001,9.600000000000023
9872,L,302.2,311.5,1772.0,40.7,189,0,7552.43,7692.3,9.300000000000011
9873,L,300.7,311.6,1516.0,25.1,236,0,3984.75,5923.6,10.900000000000034
9874,L,301.6,310.7,1285.0,51.7,175,0,6957.0,9047.5,9.099999999999966
9875,L,303.5,313.9,1511.0,26.4,94,0,4177.31,2481.6,10.399999999999977
9876,L,301.0,310.9,1271.0,35.0,190,0,4658.46,6650.0,9.899999999999977
9877,L,298.5,308.4,1481.0,51.8,71,0,8033.66,3677.7999999999997,9.899999999999977
9878,L,301.2,313.6,1474.0,36.6,218,0,5649.46,7978.8,12.400000000000034
9879,M,299.9,311.2,1863.0,34.2,71,0,6672.18,2428.2000000000003,11.300000000000011
9880,L,295.3,306.3,1826.0,42.7,119,0,8165.02,5081.3,11.0
9881,L,300.9,311.5,1553.0,40.0,50,0,6505.19,2000.0,10.600000000000023
9882,L,300.2,309.5,1754.0,33.0,151,0,6061.39,4983.0,9.300000000000011
9883,L,302.3,312.6,1466.0,48.6,85,0,7461.03,4131.0,10.300000000000011
9884,H,298.5,309.1,1282.0,52.1,167,0,6994.46,8700.7,10.600000000000023
9885,L,297.0,307.2,1632.0,53.7,156,0,9177.47,8377.2,10.199999999999989
9886,M,300.3,310.4,1602.0,45.4,72,0,7616.35,3268.7999999999997,10.099999999999966
9887,M,300.8,310.4,1370.0,32.9,144,0,4720.03,4737.599999999999,9.599999999999966
9888,M,300.2,310.5,1378.0,27.4,0,0,3953.92,0.0,10.300000000000011
9889,L,300.0,309.5,1706.0,16.8,107,0,3001.35,1797.6000000000001,9.5
9890,L,297.9,308.6,1236.0,50.2,95,0,6497.57,4769.0,10.700000000000045
9891,M,299.7,307.7,1637.0,41.8,211,1,7165.62,8819.8,8.0
9892,L,299.3,310.7,1481.0,35.7,0,0,5536.71,0.0,11.399999999999977
9893,M,302.1,310.8,1638.0,20.6,152,0,3533.54,3131.2000000000003,8.699999999999989
9894,M,300.8,309.7,1714.0,28.1,168,0,5043.66,4720.8,8.899999999999977
9895,M,299.4,309.9,1381.0,22.3,218,0,3224.98,4861.400000000001,10.5
9896,L,303.4,314.0,1333.0,54.3,150,0,7579.81,8145.0,10.600000000000023
9897,M,299.5,311.5,1800.0,46.2,17,0,8708.49,785.4000000000001,12.0
9898,M,301.1,311.4,1527.0,26.9,243,0,4301.5,6536.7,10.299999999999955
9899,M,299.7,309.6,1596.0,56.2,94,0,9392.86,5282.8,9.900000000000034
9900,L,303.3,313.5,1701.0,32.7,155,0,5824.8,5068.5,10.199999999999989
9901,L,300.2,311.8,1365.0,43.4,115,0,6203.7,4991.0,11.600000000000023
9902,L,300.2,312.7,1699.0,43.4,233,0,7721.68,10112.199999999999,12.5
9903,L,299.7,309.5,1652.0,39.0,84,0,6746.88,3276.0,9.800000000000011
9904,L,300.4,310.9,1801.0,36.9,139,0,6959.35,5129.099999999999,10.5
9905,H,302.4,312.3,1798.0,40.2,228,0,7569.1,9165.6,9.900000000000034
9906,L,301.7,311.6,1549.0,37.1,87,0,6018.02,3227.7000000000003,9.900000000000034
9907,M,300.1,311.9,1672.0,42.4,242,0,7423.88,10260.8,11.799999999999955
9908,L,303.4,312.5,1545.0,42.8,230,0,6924.7,9844.0,9.100000000000023
9909,L,301.7,309.4,1563.0,34.7,48,0,5679.59,1665.6000000000001,7.699999999999989
9910,L,299.1,309.4,1335.0,50.9,224,1,7115.86,11401.6,10.299999999999955
9911,L,297.2,308.4,1497.0,31.6,242,0,4953.79,7647.200000000001,11.199999999999989
9912,H,299.2,309.4,1216.0,43.8,208,0,5577.46,9110.4,10.199999999999989
9913,L,300.8,311.3,1513.0,36.5,96,0,5783.1,3504.0,10.5
9914,M,301.2,311.9,1774.0,31.2,15,0,5796.11,468.0,10.699999999999989
9915,L,302.7,312.8,1677.0,37.1,114,0,6515.32,4229.400000000001,10.100000000000023
9916,H,297.8,308.4,1558.0,33.3,154,0,5433.01,5128.2,10.599999999999966
9917,L,299.1,309.7,1501.0,46.5,232,0,7309.07,10788.0,10.599999999999966
9918,L,297.6,305.7,1441.0,39.0,180,0,5885.15,7020.0,8.099999999999966
9919,L,297.3,307.4,1373.0,53.5,91,0,7692.24,4868.5,10.099999999999966
9920,L,298.7,307.2,1684.0,30.4,163,0,5360.98,4955.2,8.5
9921,L,300.7,310.7,1263.0,18.0,134,0,2380.7,2412.0,10.0
9922,M,301.5,311.0,1259.0,43.8,33,0,5774.69,1445.3999999999999,9.5
9923,M,298.1,309.1,1699.0,57.1,117,0,10159.17,6680.7,11.0
9924,M,298.4,308.6,1575.0,44.8,237,0,7389.03,10617.599999999999,10.200000000000045
9925,L,296.4,306.9,1546.0,30.5,121,0,4937.85,3690.5,10.5
9926,L,300.4,310.2,1575.0,29.7,64,0,4898.53,1900.8,9.800000000000011
9927,L,298.5,309.6,1897.0,60.1,3,0,11939.07,180.3,11.100000000000023
9928,H,303.3,311.7,1548.0,36.1,117,0,5852.03,4223.7,8.399999999999977
9929,M,300.8,309.9,1590.0,29.8,25,0,4961.83,745.0,9.099999999999966
9930,M,299.7,310.9,1906.0,51.8,147,0,10339.07,7614.599999999999,11.199999999999989
9931,M,298.7,308.3,1526.0,38.4,118,0,6136.41,4531.2,9.600000000000023
9932,L,297.0,304.9,1847.0,19.7,178,0,3810.32,3506.6,7.899999999999977
9933,L,297.3,308.7,1160.0,60.6,204,1,7361.38,12362.4,11.399999999999977
9934,L,298.8,309.8,1330.0,45.7,98,0,6364.97,4478.6,11.0
9935,L,298.6,309.3,1418.0,24.8,137,0,3682.62,3397.6,10.699999999999989
9936,L,298.0,308.1,1642.0,53.8,7,0,9250.9,376.59999999999997,10.100000000000023
9937,L,300.8,312.4,1855.0,29.5,145,0,5730.53,4277.5,11.599999999999966
9938,M,301.0,312.3,1432.0,28.9,144,0,4333.81,4161.599999999999,11.300000000000011
9939,M,299.1,310.6,1713.0,31.0,68,0,5560.93,2108.0,11.5
9940,M,303.9,314.6,1938.0,59.2,29,0,12014.46,1716.8000000000002,10.700000000000045
9941,H,296.5,306.6,1818.0,60.3,94,0,11479.95,5668.2,10.100000000000023
9942,L,300.1,309.7,1465.0,34.4,166,0,5277.46,5710.4,9.599999999999966
9943,L,299.6,308.3,1693.0,56.9,60,0,10087.83,3414.0,8.699999999999989
9944,M,298.9,309.4,1598.0,17.1,115,0,2861.55,1966.5000000000002,10.5
9945,L,298.6,309.2,1419.0,49.0,23,0,7281.27,1127.0,10.599999999999966
9946,L,300.0,309.6,1614.0,53.5,80,0,9042.45,4280.0,9.600000000000023
9947,L,299.5,310.2,1453.0,54.9,244,1,8353.46,13395.6,10.699999999999989
9948,L,299.2,308.9,1560.0,40.7,225,0,6648.87,9157.5,9.699999999999989
9949,L,297.4,308.3,1291.0,45.5,106,0,6151.29,4823.0,10.900000000000034
9950,L,296.8,305.9,1222.0,32.8,34,0,4197.34,1115.1999999999998,9.099999999999966
9951,L,299.4,308.4,1486.0,40.2,206,0,6255.66,8281.2,9.0
9952,M,299.2,309.0,1594.0,38.3,117,0,6393.16,4481.099999999999,9.800000000000011
9953,L,299.6,310.4,1336.0,37.7,188,0,5274.44,7087.6,10.799999999999955
9954,L,299.8,308.6,1632.0,51.2,202,0,8750.22,10342.400000000001,8.800000000000011
9955,L,299.0,310.0,1545.0,42.0,97,0,6795.26,4074.0,11.0
9956,L,299.6,307.9,1654.0,56.8,71,0,9838.13,4032.7999999999997,8.299999999999955
9957,M,298.3,308.0,1707.0,42.4,14,0,7579.28,593.6,9.699999999999989
9958,M,303.0,311.6,1778.0,61.7,35,0,11488.03,2159.5,8.600000000000023
9959,M,298.4,305.8,1645.0,52.1,121,0,8974.95,6304.1,7.400000000000034
9960,L,299.3,309.6,1485.0,39.0,54,0,6064.84,2106.0,10.300000000000011
9961,L,298.6,308.4,1571.0,41.6,164,0,6843.81,6822.400000000001,9.799999999999955
9962,L,298.5,307.1,1954.0,31.5,214,0,6445.61,6741.0,8.600000000000023
9963,L,300.0,309.5,1714.0,41.5,61,0,7448.82,2531.5,9.5
9964,L,299.8,310.2,1550.0,30.1,63,0,4885.7,1896.3000000000002,10.399999999999977
9965,L,299.1,308.7,1511.0,53.2,166,0,8417.92,8831.2,9.599999999999966
9966,L,299.4,309.2,1430.0,36.5,217,1,5465.85,7920.5,9.800000000000011
9967,M,298.6,308.2,1325.0,43.4,97,0,6021.91,4209.8,9.599999999999966
9968,L,300.8,310.2,1843.0,17.2,202,0,3319.57,3474.3999999999996,9.399999999999977
9969,M,304.1,313.5,1623.0,37.2,245,0,6322.52,9114.0,9.399999999999977
9970,L,298.3,307.6,1310.0,36.2,11,0,4966.02,398.20000000000005,9.300000000000011
9971,L,300.8,310.0,1515.0,49.1,71,0,7789.74,3486.1,9.199999999999989
9972,H,300.1,309.1,1765.0,45.1,237,0,8335.85,10688.7,9.0
9973,H,301.3,311.0,1457.0,50.0,135,0,7628.83,6750.0,9.699999999999989
9974,L,301.4,310.8,1392.0,44.3,40,0,6457.61,1772.0,9.400000000000034
9975,L,300.4,309.3,1601.0,52.2,68,0,8751.66,3549.6000000000004,8.900000000000034
9976,L,299.9,310.7,1655.0,44.1,108,0,7643.02,4762.8,10.800000000000011
9977,L,299.1,310.4,1458.0,26.2,201,0,4000.25,5266.2,11.299999999999955
9978,M,298.5,308.5,1430.0,39.0,2,0,5840.22,78.0,10.0
9979,H,299.8,309.9,1620.0,39.5,42,0,6701.02,1659.0,10.099999999999966
9980,M,297.4,306.7,1336.0,13.34999999999999,164,0,1867.74,2189.3999999999983,9.300000000000011
9981,L,298.8,309.9,1441.0,29.8,85,0,4496.85,2533.0,11.099999999999966
9982,M,302.2,314.0,1516.0,60.2,184,0,9557.06,11076.800000000001,11.800000000000011
9983,L,300.2,310.0,1670.0,37.2,24,0,6505.61,892.8000000000001,9.800000000000011
9984,H,301.8,311.3,1461.0,38.9,3,0,5951.53,116.69999999999999,9.5
9985,M,302.9,313.3,1638.0,18.2,185,0,3121.86,3367.0,10.400000000000034
9986,L,299.6,309.8,1746.0,26.5,36,0,4845.28,954.0,10.199999999999989
9987,L,300.4,309.9,1447.0,44.7,135,0,6773.37,6034.5,9.5
9988,L,299.4,309.9,2026.5,35.3,221,0,7491.17,7801.299999999999,10.5
9989,L,298.4,309.3,1792.0,28.9,8,0,5423.31,231.2,10.900000000000034
9990,M,298.1,307.3,1586.0,52.8,78,0,8769.32,4118.4,9.199999999999989
9991,L,301.7,314.2,1505.0,32.9,128,0,5185.15,4211.2,12.5
9992,L,300.4,308.9,1438.0,26.9,242,0,4050.79,6509.799999999999,8.5
9993,L,303.7,312.8,1835.0,40.3,107,0,7744.08,4312.099999999999,9.100000000000023
9994,M,301.9,312.2,1575.0,31.8,140,0,5244.89,4452.0,10.300000000000011
9995,L,298.5,310.8,1280.0,31.8,195,0,4262.51,6201.0,12.300000000000011
9996,M,301.7,311.1,1231.0,39.3,15,0,5066.16,589.5,9.400000000000034
9997,M,299.4,308.3,1558.0,33.5,248,0,5465.64,8308.0,8.900000000000034
9998,H,302.4,313.0,1562.0,23.3,171,0,3811.23,3984.3,10.600000000000023
9999,L,299.0,308.8,1373.0,45.5,238,0,6542.0,10829.0,9.800000000000011
10000,L,297.9,308.6,1266.0,48.5,64,0,6429.9,3104.0,10.700000000000045
