UDI,Product_ID,Type,Air_temperature__K,Process_temperature__K,Rotational_speed__rpm,Torque__Nm,Tool_wear__min,Machine_failure,TWF,HDF,PWF,OSF,RNF,Power_W,strain,Temperature_difference
1,L89524,L,301.2365660495705,310.84576588241754,1418,50.18,142,0,0,0,0,0,0,7451.36,7125.56,9.609199832847025
2,L80329,L,300.2752019072512,311.32009467466554,1325,55.48,73,0,0,0,0,0,0,7698.05,4050.04,11.044892767414353
3,H71426,H,301.4900541434968,310.35208117881405,1616,41.8,13,0,0,0,0,0,0,7073.69,543.4,8.862027035317226
4,L32440,L,302.3128677659669,310.6302225298354,1388,48.61,160,1,0,1,0,0,0,7065.51,7777.6,8.31735476386848
5,L65955,L,301.76587577736154,310.9314250142868,1661,34.95,23,0,0,0,0,0,0,6079.19,803.85,9.165549236925244
6,L83874,L,301.7437384591765,310.7347213905477,1325,68.79,81,1,0,0,1,0,0,9544.87,5571.990000000001,8.990982931371207
7,L16475,L,300.21534084838004,311.5886966509579,1600,30.65,199,0,0,0,0,0,0,5135.46,6099.349999999999,11.373355802577862
8,L25941,L,299.8620508889188,309.6666882685741,1485,47.2,110,0,0,0,0,0,0,7340.02,5192.0,9.804637379655276
9,L56367,L,298.1979838610995,307.94265409372247,1560,34.93,137,0,0,0,0,0,0,5706.26,4785.41,9.74467023262298
10,L42352,L,300.8976347286912,310.1750810685916,1579,32.74,0,0,0,0,0,0,0,5413.64,0.0,9.27744633990045
11,L73864,L,298.3055277569835,307.7482549609662,1776,26.63,189,0,0,0,0,0,0,4952.71,5033.07,9.442727203982713
12,L46096,L,301.29333503225143,311.6132619408309,1762,28.25,3,0,0,0,0,0,0,5212.58,84.75,10.319926908579475
13,L99698,L,302.8079236837074,312.4790556842039,1663,27.27,200,0,0,0,0,0,0,4749.04,5454.0,9.671132000496527
14,L36955,L,298.6352689448362,310.19877646612497,1707,32.72,16,0,0,0,0,0,0,5848.92,523.52,11.563507521288784
15,M42418,M,303.85610112107025,313.3908262566746,1713,26.2,188,0,0,0,0,0,0,4699.89,4925.599999999999,9.534725135604333
16,H10302,H,299.296884904454,309.31911573405955,1741,27.86,2,0,0,0,0,0,0,5079.35,55.72,10.022230829605576
17,L32274,L,302.6442500940899,310.4966300309875,1623,33.16,194,0,0,0,0,0,0,5635.88,6433.039999999999,7.8523799368975915
18,H31195,H,303.68493408790056,313.1207639860773,1398,51.87,142,0,0,0,0,0,0,7593.68,7365.54,9.435829898176735
19,L78648,L,302.70541403615687,310.46982205271684,1359,67.17,83,1,0,1,1,0,0,9559.24,5575.110000000001,7.764408016559969
20,M40388,M,297.99400889068164,307.6571923560789,1301,58.44,153,0,0,0,0,0,0,7961.89,8941.32,9.663183465397253
21,L28311,L,297.6778165163745,308.2017616167868,2011,19.27,184,0,0,0,0,0,0,4058.1,3545.68,10.523945100412334
22,L38225,L,301.5182884546716,310.7052016375359,1362,57.2,192,1,0,0,0,1,0,8158.34,10982.400000000001,9.18691318286426
23,L60637,L,299.54670496064085,310.8155915825,1352,53.85,216,1,0,0,0,1,0,7624.14,11631.6,11.268886621859167
24,L80699,L,303.28145646215177,311.19162414570854,1735,27.51,26,0,0,0,0,0,0,4998.26,715.26,7.910167683556779
25,M98095,M,302.54860066134046,311.4399830817519,2025,18.73,172,0,0,0,0,0,0,3971.84,3221.56,8.891382420411446
26,M14263,M,300.75774397394144,310.4233825178411,1528,37.67,156,0,0,0,0,0,0,6027.64,5876.52,9.66563854389966
27,L85687,L,300.86387710226643,312.5678184054572,1505,39.23,109,0,0,0,0,0,0,6182.77,4276.07,11.703941303190788
28,L45004,L,300.74385328772365,310.3877734021938,1325,42.17,200,0,0,0,0,0,0,5851.24,8434.0,9.64392011447012
29,M82740,M,301.5495279133915,310.4246492632353,1590,37.1,50,0,0,0,0,0,0,6177.31,1855.0,8.875121349843823
30,L13376,L,298.651698520361,309.4426300330695,1551,44.03,36,0,0,0,0,0,0,7151.37,1585.08,10.79093151270854
31,L66347,L,301.45699771210445,310.4569895928256,1475,45.82,77,0,0,0,0,0,0,7077.43,3528.14,8.999991880721154
32,M93757,M,297.25123019803385,308.54078381490154,1463,51.27,158,0,0,0,0,0,0,7854.82,8100.660000000001,11.289553616867693
33,L13521,L,302.53853087251144,312.17913810571025,1299,69.0,1,1,0,0,1,0,0,9386.14,69.0,9.640607233198807
34,L81118,L,303.10234727261025,311.35237033905145,1362,53.94,8,1,0,1,0,0,0,7693.37,431.52,8.250023066441202
35,L20289,L,298.6739175307091,309.61364977841833,1550,34.89,23,0,0,0,0,0,0,5663.19,802.47,10.93973224770923
36,L98393,L,298.2354766751265,308.7884203837104,1694,30.08,46,0,0,0,0,0,0,5336.05,1383.6799999999998,10.552943708583882
37,M76992,M,302.1863263050814,310.74449331404105,1448,46.69,49,0,0,0,0,0,0,7079.8,2287.81,8.558167008959629
38,L91913,L,300.79918122276445,310.5195865861398,1427,47.19,62,0,0,0,0,0,0,7051.84,2925.7799999999997,9.720405363375335
39,L90790,L,301.20106225411706,310.8807562547472,1564,30.12,152,0,0,0,0,0,0,4933.1,4578.24,9.67969400063015
40,L38422,L,300.37807113453897,309.935351141107,1524,41.67,5,0,0,0,0,0,0,6650.24,208.35000000000002,9.557280006568021
41,L47432,L,299.5891905005444,309.1107167667345,1500,45.35,100,0,0,0,0,0,0,7123.56,4535.0,9.521526266190108
42,L72241,L,302.2651785121966,311.4792044990148,1606,32.08,41,0,0,0,0,0,0,5395.21,1315.28,9.214025986818228
43,M25739,M,298.72013883512534,308.72997338520827,1710,28.03,142,0,0,0,0,0,0,5019.35,3980.26,10.009834550082928
44,L37589,L,299.12785935876803,310.3083872819227,1424,40.43,81,0,0,0,0,0,0,6028.96,3274.83,11.18052792315467
45,L18913,L,302.5140022970969,311.83450208983817,1439,46.57,207,0,0,0,0,0,0,7017.71,9639.99,9.32049979274126
46,L89938,L,301.7262426316075,310.58067978698057,1602,33.28,221,0,0,0,0,0,0,5583.09,7354.88,8.854437155373091
47,M32308,M,302.4045714533538,310.7792531079858,1541,40.01,135,0,0,0,0,0,0,6456.54,5401.349999999999,8.374681654632013
48,M46967,M,300.22683146585297,309.1597507521124,1396,42.01,38,0,0,0,0,0,0,6141.39,1596.3799999999999,8.932919286259448
49,L50725,L,302.38146962756866,310.9122707991577,1376,49.59,36,1,0,1,0,0,0,7145.64,1785.2400000000002,8.530801171589019
50,L43829,L,301.6081094883387,309.96524515410715,1688,26.54,18,0,0,0,0,0,0,4691.39,477.71999999999997,8.357135665768453
51,L80015,L,297.7346943278428,308.2920240751995,1350,52.74,157,0,0,0,0,0,0,7455.94,8280.18,10.557329747356675
52,H92265,H,299.7757545871006,310.1530354266819,1460,40.26,21,0,0,0,0,0,0,6155.39,845.4599999999999,10.377280839581317
53,M61561,M,304.0251413016173,313.23907394988527,1615,30.68,20,0,0,0,0,0,0,5188.68,613.6,9.213932648267985
54,L85305,L,302.76163945403715,311.2428926107768,1302,52.9,41,1,0,1,0,0,0,7212.66,2168.9,8.481253156739626
55,L19974,L,302.14355528148485,311.3439741375886,1399,46.87,105,0,0,0,0,0,0,6866.59,4921.349999999999,9.200418856103738
56,L96976,L,301.4233346582108,311.1699729762789,1465,41.63,123,0,0,0,0,0,0,6386.64,5120.490000000001,9.746638318068108
57,L20430,L,300.4669829298528,309.64085682773253,1576,30.01,138,0,0,0,0,0,0,4952.8,4141.38,9.17387389787973
58,M15983,M,299.4793929573481,308.18277440146954,1451,41.93,3,0,0,0,0,0,0,6371.19,125.78999999999999,8.703381444121419
59,L12001,L,299.49610026611685,310.0276736764364,1395,49.72,14,0,0,0,0,0,0,7263.3,696.0799999999999,10.531573410319538
60,M31900,M,300.916193402551,309.7688525710681,1442,46.39,183,0,0,0,0,0,0,7005.16,8489.37,8.852659168517107
61,L85344,L,301.2980556274061,310.22635945083016,1429,54.22,6,0,0,0,0,0,0,8113.73,325.32,8.928303823424073
62,L37076,L,300.8598137964017,311.00668319303946,1512,45.5,55,0,0,0,0,0,0,7204.3,2502.5,10.146869396637783
63,L81180,L,299.2195303678126,309.9327435021631,1504,41.45,222,0,0,0,0,0,0,6528.31,9201.900000000001,10.713213134350497
64,M48191,M,297.57034667976313,308.5455625096737,1688,30.27,41,0,0,0,0,0,0,5350.74,1241.07,10.975215829910553
65,L19354,L,301.9853471895751,310.36291731617644,1379,55.47,127,1,0,1,0,0,0,8010.34,7044.69,8.377570126601313
66,M52581,M,297.095201668224,307.8792554701068,1429,53.12,114,0,0,0,0,0,0,7949.12,6055.679999999999,10.784053801882806
67,H30911,H,301.45815299133017,310.5157460818687,1565,35.93,162,0,0,0,0,0,0,5888.44,5820.66,9.057593090538546
68,L36232,L,300.3445177848802,309.6961195457566,1739,31.35,111,0,0,0,0,0,0,5709.07,3479.8500000000004,9.351601760876349
69,L56552,L,304.2029571057509,313.26368327256296,1410,47.1,151,0,0,0,0,0,0,6954.54,7112.1,9.06072616681206
70,M81139,M,302.6770434810142,312.07647948425864,1524,31.76,191,0,0,0,0,0,0,5068.67,6066.16,9.399436003244432
71,L62812,L,300.1469176411995,310.35894165311214,1668,28.82,42,0,0,0,0,0,0,5034.06,1210.44,10.21202401191266
72,L30091,L,301.1640055343196,310.4311703001278,1413,44.73,89,0,0,0,0,0,0,6618.65,3980.97,9.267164765808218
73,H74572,H,298.0896657256798,308.56267011251595,1834,28.68,31,0,0,0,0,0,0,5508.17,889.08,10.473004386836124
74,H72685,H,296.85965928928647,307.96861257187203,1478,51.1,24,0,0,0,0,0,0,7909.04,1226.4,11.10895328258556
75,M31335,M,300.21709108832846,309.4067796030392,1437,43.93,43,0,0,0,0,0,0,6610.69,1888.99,9.189688514710724
76,L86658,L,301.48285824248813,310.74566439559493,1399,37.89,160,0,0,0,0,0,0,5551.0,6062.4,9.262806153106794
77,M85888,M,297.3487296824396,308.39586301619585,1394,47.52,116,0,0,0,0,0,0,6936.94,5512.320000000001,11.047133333756221
78,L64332,L,297.7190247629292,307.20645030755884,1383,42.69,200,0,0,0,0,0,0,6182.68,8538.0,9.487425544629616
79,L36653,L,303.0750708472761,311.04127903927287,1358,56.92,147,1,0,1,0,0,0,8094.56,8367.24,7.96620819199677
80,M41873,M,299.2628784152336,308.39018504086243,1296,60.09,49,0,0,0,0,0,0,8155.22,2944.4100000000003,9.127306625628819
81,L49548,L,301.0548130285069,311.04887166724825,1422,55.02,97,0,0,0,0,0,0,8193.11,5336.9400000000005,9.994058638741365
82,M26910,M,296.420568887072,307.44644704752744,1580,42.73,192,0,0,0,0,0,0,7069.99,8204.16,11.02587816045542
83,L37533,L,301.0564335384122,311.161559010032,1269,60.13,55,0,0,0,0,0,0,7990.64,3307.15,10.105125471619829
84,L22091,L,302.35419145272016,310.71901376606,1355,54.41,153,1,0,1,0,0,0,7720.52,8324.73,8.364822313339857
85,L23909,L,300.2564992425293,311.9226888670433,2279,14.52,5,0,0,0,0,0,0,3465.29,72.6,11.666189624514004
86,M76974,M,300.8584366976943,310.1932487550789,1686,26.42,128,0,0,0,0,0,0,4664.65,3381.76,9.334812057384624
87,M21551,M,300.64367171917564,310.4885657055583,1579,31.27,198,0,0,0,0,0,0,5170.57,6191.46,9.844893986382658
88,M52221,M,300.4014992942473,310.14384284240106,1349,47.55,6,0,0,0,0,0,0,6717.24,285.29999999999995,9.74234354815377
89,L48631,L,297.0576895990687,308.02447866187987,1447,44.13,123,0,0,0,0,0,0,6687.0,5427.990000000001,10.966789062811188
90,L14168,L,301.1535837411236,309.6561383739492,1515,35.86,155,0,0,0,0,0,0,5689.2,5558.3,8.502554632825593
91,L84817,L,298.2798462130767,309.02341247677714,1651,31.78,157,0,0,0,0,0,0,5494.52,4989.46,10.743566263700416
92,L98544,L,302.48818174185885,310.37552848073227,1550,40.45,178,0,0,0,0,0,0,6565.67,7200.1,7.887346738873418
93,L67456,L,301.54920420255473,310.1158248575746,1312,48.08,78,1,0,1,0,0,0,6605.82,3750.24,8.566620655019847
94,M70416,M,297.8904338146912,308.8982516740417,1448,48.82,51,0,0,0,0,0,0,7402.78,2489.82,11.007817859350496
95,M30943,M,299.297519867925,310.111351103955,1669,31.66,41,0,0,0,0,0,0,5533.45,1298.06,10.813831236029955
96,L85975,L,301.12634650330926,310.4941626459358,1475,39.46,193,0,0,0,0,0,0,6095.06,7615.78,9.36781614262651
97,M80582,M,302.1412760465175,311.50449873244395,1355,47.95,67,0,0,0,0,0,0,6803.88,3212.65,9.363222685926473
98,L49436,L,299.18033038068785,310.40345680437304,1544,41.01,16,0,0,0,0,0,0,6630.8,656.16,11.223126423685187
99,L73522,L,298.0479729072068,307.3830227143756,1517,41.95,33,0,0,0,0,0,0,6664.17,1384.3500000000001,9.335049807168787
100,L95988,L,300.3913425133568,312.0852191427217,1326,59.48,37,0,0,0,0,0,0,8259.3,2200.7599999999998,11.693876629364922
101,H64255,H,298.7546204935153,310.3307990476855,1718,26.99,80,0,0,0,0,0,0,4855.73,2159.2,11.576178554170212
102,L27957,L,298.0559073957343,308.3942616925405,1471,35.75,168,0,0,0,0,0,0,5507.03,6006.0,10.338354296806187
103,M39740,M,298.55724832347266,309.4143416603338,1554,36.5,180,0,0,0,0,0,0,5939.81,6570.0,10.857093336861112
104,L26662,L,300.38850186821605,311.5926249150844,1499,46.81,65,0,0,0,0,0,0,7348.0,3042.65,11.204123046868347
105,M39836,M,303.2879658783988,312.86643878026405,1416,40.01,63,0,0,0,0,0,0,5932.81,2520.6299999999997,9.578472901865268
106,M90129,M,298.7753474930559,308.7385526296817,1455,40.56,60,0,0,0,0,0,0,6180.02,2433.6000000000004,9.963205136625788
107,L27076,L,301.58599735341073,310.6681058232376,1333,43.01,184,0,0,0,0,0,0,6003.83,7913.839999999999,9.082108469826892
108,L90253,L,299.459316030892,309.2743255424339,1413,59.66,197,1,0,0,0,1,0,8827.83,11753.019999999999,9.815009511541916
109,M35661,M,297.30083697649485,308.4042215970694,1630,35.36,195,0,0,0,0,0,0,6035.71,6895.2,11.103384620574559
110,L54911,L,299.9927215492169,309.7253663770058,1422,44.35,15,0,0,0,0,0,0,6604.22,665.25,9.732644827788874
111,L57553,L,301.7521308372255,309.94685459184643,1327,48.9,187,1,0,1,0,0,0,6795.3,9144.3,8.194723754620952
112,L21320,L,297.32852827227987,308.7595611641209,1516,39.23,188,0,0,0,0,0,0,6227.96,7375.24,11.431032891841028
113,L26560,L,300.5287020053164,309.50934856534826,1430,43.25,95,0,0,0,0,0,0,6476.66,4108.75,8.980646560031857
114,M37469,M,298.52647305747337,310.1238294344818,1412,69.45,62,1,0,0,1,0,0,10269.18,4305.900000000001,11.597356377008452
115,L15397,L,299.70865554092563,309.1587260726726,1332,55.45,140,0,0,0,0,0,0,7734.54,7763.0,9.450070531746974
116,L77872,L,299.7364608749124,308.9688948888822,1556,36.61,94,0,0,0,0,0,0,5965.38,3441.34,9.232434013969794
117,L59160,L,302.02792114536254,310.8075237963884,1467,42.24,230,0,0,0,0,0,0,6489.07,9715.2,8.779602651025868
118,L86138,L,297.4026222574628,308.5129041016064,1417,61.11,59,1,0,0,1,0,0,9067.98,3605.49,11.110281844143628
119,L87679,L,298.7922134669585,308.42581177629825,1546,36.43,185,0,0,0,0,0,0,5897.9,6739.55,9.633598309339732
120,L41288,L,298.8712773247032,308.69270477691,1400,46.35,124,0,0,0,0,0,0,6795.26,5747.400000000001,9.821427452206763
121,L83539,L,297.67718030088537,308.8666174818334,1409,50.3,102,0,0,0,0,0,0,7421.77,5130.599999999999,11.189437180948005
122,L15510,L,297.5215130761948,308.905306040348,1609,31.05,7,0,0,0,0,0,0,5231.74,217.35,11.383792964153201
123,L48672,L,301.0263996020766,310.8029048818071,1386,42.13,70,0,0,0,0,0,0,6114.81,2949.1000000000004,9.776505279730486
124,L69914,L,302.36310250902886,311.30812055096754,1536,37.21,205,1,1,0,0,0,0,5985.21,7628.05,8.945018041938681
125,H51960,H,302.80021334950976,311.9966378658125,1497,41.4,68,0,0,0,0,0,0,6490.09,2815.2,9.196424516302727
126,M76553,M,298.84282452709795,310.1231817895776,1241,73.99,191,1,0,0,1,1,0,9615.53,14132.089999999998,11.28035726247964
127,L87273,L,301.17559634694635,311.26478303685684,1822,26.07,177,0,0,0,0,0,0,4974.14,4614.39,10.089186689910491
128,L48160,L,298.25734843348124,309.337147266575,1535,43.37,144,0,0,0,0,0,0,6971.5,6245.28,11.079798833093776
129,L34700,L,298.32322981607,308.250674682295,1600,35.35,13,0,0,0,0,0,0,5922.95,459.55,9.927444866225017
130,L62478,L,300.9888108870314,311.22821544806936,1432,43.23,167,0,0,0,0,0,0,6482.71,7219.41,10.239404561037986
131,L88162,L,300.25322282362134,311.4117602296919,1544,38.45,99,0,0,0,0,0,0,6216.88,3806.55,11.158537406070536
132,M98862,M,301.8347976622932,310.8805414143007,1549,41.06,184,0,0,0,0,0,0,6660.38,7555.040000000001,9.045743752007468
133,M83398,M,296.77621811361774,307.6546352849922,1603,32.41,111,0,0,0,0,0,0,5440.53,3597.5099999999998,10.878417171374451
134,L32049,L,300.3733332763481,311.9388907066784,1475,48.19,187,0,0,0,0,0,0,7443.51,9011.529999999999,11.56555743033033
135,L28475,L,301.52350324465965,309.4041433106128,1279,65.76,230,1,0,1,0,1,0,8807.67,15124.800000000001,7.880640065953173
136,H61567,H,303.1781305102552,311.1578170317828,1596,31.69,35,0,0,0,0,0,0,5296.44,1109.15,7.97968652152764
137,L46196,L,302.437621661694,310.92987206924755,1374,45.73,146,1,0,1,0,0,0,6579.86,6676.58,8.49225040755357
138,L64985,L,302.0005751881473,311.10155648747696,1545,38.17,194,0,0,0,0,0,0,6175.6,7404.9800000000005,9.100981299329646
139,M93098,M,298.739607707003,309.6382913800829,1554,32.95,128,0,0,0,0,0,0,5362.1,4217.6,10.898683673079859
140,H59419,H,300.4496634959209,311.55109378192014,1490,40.91,78,0,0,0,0,0,0,6383.29,3190.9799999999996,11.101430285999243
141,L41998,L,301.0497291319931,310.8886041627289,1567,34.59,193,0,0,0,0,0,0,5676.08,6675.870000000001,9.838875030735778
142,L88220,L,302.78125542559616,312.1601397764193,1402,57.92,92,0,0,0,0,0,0,8503.65,5328.64,9.37888435082317
143,L49524,L,300.2441544463122,311.1244782128736,1450,47.29,156,0,0,0,0,0,0,7180.69,7377.24,10.88032376656139
144,L64450,L,300.43212537548123,311.8473085179331,1629,32.28,9,0,0,0,0,0,0,5506.6,290.52,11.415183142451838
145,L22176,L,300.2024470685628,311.3136622144826,1369,58.03,139,0,0,0,0,0,0,8319.26,8066.17,11.1112151459198
146,L55709,L,300.55015712877844,311.4166883485302,1426,46.84,63,0,0,0,0,0,0,6994.63,2950.92,10.866531219751778
147,M48367,M,299.92654838411283,311.28687841025624,1694,28.82,216,1,1,0,0,0,0,5112.53,6225.12,11.360330026143401
148,L21071,L,297.38310509363004,308.21238832270285,1471,45.46,110,0,0,0,0,0,0,7002.78,5000.6,10.829283229072814
149,L29044,L,296.6279176276945,307.2562747248528,1564,36.48,165,0,0,0,0,0,0,5974.76,6019.2,10.6283570971583
150,M73288,M,300.4188458280934,309.6152834970788,1532,34.45,7,0,0,0,0,0,0,5526.84,241.15000000000003,9.196437668985368
151,H26252,H,302.68096381955536,310.3923789590674,1298,54.98,21,1,0,1,0,0,0,7473.22,1154.58,7.711415139512042
152,H21889,H,298.6757215496609,309.9877790889529,1552,41.82,30,0,0,0,0,0,0,6796.8,1254.6,11.31205753929197
153,H15179,H,299.8990380466355,311.2983907088539,1492,39.99,74,0,0,0,0,0,0,6248.11,2959.26,11.399352662218405
154,L12391,L,298.8416430509112,310.07093132566285,1483,50.13,162,0,0,0,0,0,0,7785.16,8121.06,11.229288274751639
155,M49096,M,295.7935460939018,306.3269156768618,1223,76.6,90,1,0,0,1,0,0,9810.34,6893.999999999999,10.533369582960006
156,L53967,L,297.61215158962955,308.472115114164,1359,51.33,218,1,0,0,0,1,0,7304.99,11189.94,10.859963524534464
157,L66189,L,302.0156329425768,310.4399038775717,1618,35.02,117,0,0,0,0,0,0,5933.67,4097.34,8.424270934994865
158,L61519,L,302.4179287413228,311.3028655525083,1633,32.18,46,0,0,0,0,0,0,5503.02,1480.28,8.884936811185526
159,L58310,L,299.9400845281753,310.28129818105094,1505,36.04,66,0,0,0,0,0,0,5680.02,2378.64,10.341213652875638
160,H99913,H,300.65780674802994,309.8107366887485,2049,19.55,194,0,0,0,0,0,0,4194.86,3792.7000000000003,9.152929940718536
161,H32497,H,298.2841859885321,309.23741536262565,1960,19.3,131,0,0,0,0,0,0,3961.34,2528.3,10.953229374093553
162,H74108,H,302.81297287225567,312.38672557703336,1333,54.78,15,0,0,0,0,0,1,7646.82,821.7,9.57375270477769
163,L17165,L,299.85541636789225,309.15613900183826,1658,33.63,68,0,0,0,0,0,0,5839.02,2286.84,9.300722633946009
164,H86372,H,300.5014335984931,310.6760105849233,1424,44.53,56,0,0,0,0,0,0,6640.36,2493.6800000000003,10.174576986430168
165,M42639,M,297.6006187044484,308.1725992050815,1465,45.36,9,0,0,0,0,0,0,6958.88,408.24,10.571980500633117
166,M41174,M,303.59164873862954,313.04966537053707,1537,41.49,34,0,0,0,0,0,0,6677.99,1410.66,9.458016631907526
167,M22166,M,298.21178876154494,309.0375179097886,1561,47.63,51,0,0,0,0,0,0,7785.96,2429.13,10.825729148243681
168,M55801,M,300.3461941159327,311.4948928675308,1301,50.47,168,0,0,0,0,0,0,6876.05,8478.96,11.14869875159809
169,M45963,M,302.08120345228104,310.6113948102947,1374,46.28,207,1,0,1,0,0,0,6659.0,9579.960000000001,8.530191358013667
170,M97683,M,297.1951084968637,308.02605898989907,1349,62.03,206,1,0,0,0,1,0,8762.79,12778.18,10.830950493035346
171,L26021,L,301.12142547654844,310.797901645314,1486,37.56,152,0,0,0,0,0,0,5844.85,5709.120000000001,9.67647616876559
172,L47564,L,300.25352866417785,309.2706900102875,1992,20.75,43,0,0,0,0,0,0,4328.49,892.25,9.017161346109674
173,L91015,L,300.3454019823591,310.76404163231336,1391,52.39,143,0,0,0,0,0,0,7631.4,7491.77,10.418639649954287
174,L82655,L,303.152927308348,311.25400755416524,1484,45.58,234,1,1,0,0,0,0,7083.32,10665.72,8.10108024581723
175,M78804,M,297.3466474910816,308.4402050841045,1384,44.9,26,0,0,0,0,0,0,6507.45,1167.3999999999999,11.093557593022865
176,M57338,M,298.32071055012665,309.00620379857145,1496,41.39,91,0,0,0,0,0,0,6484.19,3766.4900000000002,10.6854932484448
177,L88590,L,301.68949095076925,310.4577234397716,1336,46.33,23,0,0,0,0,0,0,6481.83,1065.59,8.768232489002344
178,H30156,H,302.81919899362885,312.4609274141966,1417,53.81,246,1,0,0,0,1,0,7984.75,13237.26,9.641728420567745
179,L82865,L,298.0857634008668,308.2723608224112,1352,46.59,33,0,0,0,0,0,0,6596.26,1537.47,10.186597421544377
180,L62237,L,298.93429913675226,308.4551909275812,1445,42.72,151,0,0,0,0,0,0,6464.39,6450.72,9.520891790828955
181,L41495,L,299.15672020900485,309.35453720831606,1614,35.01,200,0,0,0,0,0,0,5917.31,7002.0,10.197816999311215
182,M29625,M,302.02632590016367,310.82813173397784,1610,35.5,1,0,0,0,0,0,0,5985.26,35.5,8.801805833814171
183,M56946,M,302.65068873229995,311.976501829685,1413,41.82,165,0,0,0,0,0,0,6188.06,6900.3,9.325813097385037
184,L10272,L,302.6327546452072,310.079714910508,1371,50.47,149,1,0,1,0,0,0,7246.02,7520.03,7.446960265300788
185,L74324,L,302.5514507726154,309.99113964131664,1328,50.95,148,1,0,1,0,0,0,7085.51,7540.6,7.439688868701239
186,L31230,L,298.0842907190395,307.90208015549814,1419,43.99,83,0,0,0,0,0,0,6536.8,3651.17,9.817789436458668
187,H45029,H,299.5219881324666,309.3853833731136,1393,44.48,158,0,0,0,0,0,0,6488.5,7027.839999999999,9.86339524064698
188,H27382,H,300.6530637161936,310.84378891625204,1418,44.02,31,0,0,0,0,0,0,6536.64,1364.6200000000001,10.19072520005841
189,L51884,L,296.93582089609055,308.44131113348806,1389,51.8,187,0,0,0,0,0,0,7534.61,9686.6,11.50549023739751
190,L43382,L,302.0981113518677,310.4658779448892,1408,51.62,153,1,0,1,0,0,0,7611.13,7897.86,8.367766593021486
191,L26897,L,300.506839886494,309.58713180337355,1569,37.84,43,0,0,0,0,0,0,6217.31,1627.1200000000001,9.08029191687956
192,L89972,L,298.67845769440606,310.08827118144694,1451,47.8,35,0,0,0,0,0,0,7263.13,1673.0,11.409813487040878
193,L78344,L,302.2540175214637,311.28010261304024,1545,41.34,78,0,0,0,0,0,0,6688.48,3224.5200000000004,9.026085091576533
194,L44906,L,298.9753733150691,309.90441665989164,1423,41.52,61,0,0,0,0,0,0,6187.15,2532.7200000000003,10.92904334482256
195,L15187,L,300.1671545181548,310.5207608567583,1545,38.94,219,0,0,0,0,0,0,6300.18,8527.859999999999,10.35360633860347
196,M86066,M,297.2926327577253,309.0772426119463,1607,34.95,122,0,0,0,0,0,0,5881.55,4263.900000000001,11.784609854221003
197,L72723,L,303.07719921536267,311.17836315725805,1379,48.5,65,1,0,1,0,0,0,7003.81,3152.5,8.10116394189538
198,L60004,L,295.65264738525684,306.2016886499448,2240,14.79,146,1,0,0,1,0,0,3469.32,2159.3399999999997,10.549041264687958
199,L64416,L,303.4993853759936,312.3741821001074,1247,70.34,92,1,0,0,1,0,0,9185.39,6471.280000000001,8.874796724113821
200,M10685,M,299.58038685217707,308.8023931505184,1574,35.35,77,0,0,0,0,0,0,5826.7,2721.9500000000003,9.222006298341341
201,M52646,M,299.3405089458559,308.8352557781694,1562,35.42,161,0,0,0,0,0,0,5793.73,5702.62,9.494746832313524
202,L26986,L,302.4688978233577,311.47877689677125,1529,35.31,38,0,0,0,0,0,0,5653.71,1341.7800000000002,9.009879073413572
203,L68618,L,298.5108701888282,308.2108960028332,1311,66.35,43,1,0,0,1,0,0,9109.03,2853.0499999999997,9.70002581400496
204,M93814,M,301.0772726551932,310.97257498990604,1803,24.13,177,0,0,0,0,0,0,4555.98,4271.01,9.895302334712824
205,L57772,L,300.95397934787627,311.1297027445941,1695,32.98,203,0,0,0,0,0,0,5853.95,6694.94,10.175723396717842
206,M64375,M,299.9941537917684,311.3646782731767,1687,28.43,215,1,1,0,0,0,0,5022.51,6112.45,11.370524481408324
207,H70070,H,297.4988123675649,309.4452612564661,1623,33.59,222,0,0,0,0,0,0,5708.96,7456.9800000000005,11.946448888901216
208,L93658,L,299.8537424327492,309.9525186808241,1624,33.13,76,0,0,0,0,0,0,5634.25,2517.88,10.098776248074898
209,M13436,M,299.5946217159685,311.0733013899693,1526,43.06,83,0,0,0,0,0,0,6881.09,3573.98,11.478679674000773
210,M37910,M,299.3599051871159,310.74789594800893,1622,39.98,114,0,0,0,0,0,0,6790.82,4557.719999999999,11.387990760893047
211,H34152,H,301.10990830508274,310.194847217236,1757,30.48,2,0,0,0,0,0,0,5608.09,60.96,9.084938912153234
212,M74489,M,300.2408328738712,310.21755024093875,1462,35.52,193,0,0,0,0,0,0,5438.12,6855.360000000001,9.976717367067522
213,M50310,M,300.60367577911137,309.65500237587906,1567,34.15,85,0,0,0,0,0,0,5603.87,2902.75,9.051326596767694
214,H79481,H,296.741899668,308.3133985088064,1490,43.77,220,0,0,0,0,0,0,6829.54,9629.400000000001,11.571498840806441
215,M52516,M,302.16067922867654,310.59603006336084,1599,33.27,163,0,0,0,0,0,0,5570.96,5423.01,8.4353508346843
216,L97811,L,298.72033093903656,309.6016677851199,1565,35.7,6,0,0,0,0,0,0,5850.75,214.20000000000002,10.881336846083343
217,L79027,L,297.66457385244047,308.60135332359425,2406,14.4,169,0,0,0,0,0,0,3628.16,2433.6,10.936779471153784
218,M11635,M,301.16048777289313,311.4882311717761,1559,34.67,160,0,0,0,0,0,0,5660.16,5547.200000000001,10.327743398882944
219,L98960,L,301.28145931849,310.5220884496468,1447,45.52,90,0,0,0,0,0,0,6897.62,4096.8,9.240629131156766
220,L95700,L,297.4164868865995,308.02173255961225,1603,33.36,116,0,0,0,0,0,0,5600.0,3869.7599999999998,10.605245673012746
221,L13907,L,299.37313694197434,308.91112153352344,1612,34.62,173,0,0,0,0,0,0,5844.14,5989.259999999999,9.537984591549105
222,L45242,L,300.52909961495254,311.70779732085424,1534,38.79,213,1,1,0,0,0,0,6231.23,8262.27,11.178697705901698
223,L97350,L,302.52118880301447,310.2103192176897,1622,34.81,148,0,0,0,0,0,0,5912.67,5151.88,7.689130414675219
224,L85418,L,298.769873431332,308.20471477499615,1834,24.07,37,0,0,0,0,0,0,4622.79,890.59,9.434841343664175
225,M52144,M,302.71085877379534,311.4680409984987,2697,9.71,4,1,0,0,1,0,0,2742.39,38.84,8.757182224703342
226,L59023,L,299.1273873996167,310.2281158032452,1433,52.6,153,0,0,0,0,0,0,7893.34,8047.8,11.100728403628523
227,L12668,L,298.4020968845041,309.01811058321675,1504,40.49,59,0,0,0,0,0,0,6377.11,2388.9100000000003,10.616013698712663
228,L60817,L,300.3252213533538,309.46951383655846,1469,47.61,124,0,0,0,0,0,0,7324.0,5903.64,9.144292483204651
229,L69970,L,302.89761079793294,312.5623036519701,1468,41.17,124,0,0,0,0,0,0,6329.01,5105.08,9.664692854037185
230,L42343,L,298.8655139966141,308.5332747437453,1758,34.46,117,0,0,0,0,0,0,6343.99,4031.82,9.66776074713124
231,M37608,M,300.8243869597796,310.9582098120477,1380,53.4,181,0,0,0,0,0,0,7717.01,9665.4,10.13382285226811
232,L84561,L,301.9291151583244,310.5706926405359,1361,58.4,83,0,0,0,0,0,0,8323.38,4847.2,8.641577482211517
233,M50380,M,297.53787260043083,308.2455711071356,1488,37.17,215,0,0,0,0,0,0,5791.94,7991.55,10.707698506704787
234,L33760,L,300.0447024345066,310.3899395336128,1313,70.23,62,1,0,0,1,0,0,9656.42,4354.26,10.345237099106214
235,L43733,L,298.4125099394708,308.089182426408,1473,47.45,18,0,0,0,0,0,0,7319.27,854.1,9.676672486937207
236,L54301,L,302.92150242719185,311.0747267114237,1352,50.92,173,1,0,1,0,0,0,7209.31,8809.16,8.15322428423184
237,M33354,M,302.84232531643136,311.29530812945404,1851,24.64,211,0,0,0,0,0,0,4776.13,5199.04,8.452982813022686
238,L60415,L,300.6804800895346,310.38917691039467,1420,61.34,209,1,0,0,1,1,0,9121.38,12820.060000000001,9.708696820860041
239,H87509,H,302.57251027057686,311.3916992192268,1555,34.64,165,0,0,0,0,0,0,5640.75,5715.6,8.819188948649924
240,L76826,L,303.63646726871605,312.6634032137544,1584,37.01,192,0,0,0,0,0,0,6139.07,7105.92,9.02693594503836
241,H30820,H,295.4947767066199,306.347525086118,1415,42.9,67,0,0,0,0,0,0,6356.86,2874.2999999999997,10.85274837949811
242,M52446,M,303.38868849348967,311.40328076694016,1468,42.99,115,0,0,0,0,0,0,6608.79,4943.85,8.01459227345049
243,H58932,H,298.1890725930372,307.73275930187606,1929,21.23,137,0,0,0,0,0,0,4288.55,2908.51,9.543686708838834
244,L71224,L,298.7239545705531,309.013111234508,1436,47.93,12,0,0,0,0,0,0,7207.6,575.16,10.289156663954941
245,M78077,M,301.0555096534434,310.45907562943256,1292,64.54,3,0,0,0,0,0,0,8732.13,193.62,9.403565975989181
246,L53675,L,298.9455092902471,310.5255377655222,1380,45.14,169,0,0,0,0,0,0,6523.33,7628.66,11.580028475275071
247,M38354,M,296.86838573058543,307.6101399580648,1583,33.8,94,0,0,0,0,0,0,5603.07,3177.2,10.741754227479362
248,L69338,L,303.62042962339854,311.7106451972274,1375,50.73,198,1,0,1,0,0,0,7304.6,10044.539999999999,8.090215573828857
249,L21317,L,298.0486080603088,309.0934354675781,1424,39.43,168,0,0,0,0,0,0,5879.84,6624.24,11.044827407269281
250,L70672,L,301.15941200454097,310.73988065078606,1442,45.28,88,0,0,0,0,0,0,6837.55,3984.6400000000003,9.580468646245095
251,L90666,L,300.0558101251855,309.57561016301565,1476,37.81,33,0,0,0,0,0,0,5844.15,1247.73,9.51980003783018
252,L73849,L,298.1409866661129,308.8898576142186,2128,16.15,78,0,0,0,0,0,0,3598.92,1259.6999999999998,10.748870948105719
253,L49027,L,302.3074437173287,311.2810173591874,1431,50.65,145,0,0,0,0,0,0,7590.1,7344.25,8.973573641858707
254,L84096,L,298.8815771505886,308.3142479191854,1433,46.2,115,0,0,0,0,0,0,6932.93,5313.0,9.432670768596779
255,M57898,M,297.570566658487,309.7240543401527,1516,37.38,10,0,0,0,0,0,0,5934.27,373.8,12.153487681665695
256,L58664,L,301.9932805091274,310.65810593133523,1924,22.02,62,0,0,0,0,0,0,4436.61,1365.24,8.664825422207855
257,H86690,H,298.052171928936,307.83983945921483,1557,34.99,115,0,0,0,0,0,0,5705.07,4023.8500000000004,9.787667530278839
258,L27394,L,299.7548612714524,309.2296019779533,1780,25.9,62,0,0,0,0,0,0,4827.79,1605.8,9.474740706500882
259,L80177,L,302.0839412442581,310.9301503669757,1649,36.41,45,0,0,0,0,0,0,6287.38,1638.4499999999998,8.846209122717596
260,L71166,L,303.5350125029956,312.86611092570723,1430,50.96,43,0,0,0,0,0,0,7631.22,2191.28,9.331098422711648
261,L57612,L,299.371419150723,309.0147251409924,1396,46.4,182,0,0,0,0,0,0,6783.16,8444.8,9.643305990269425
262,H16940,H,302.5680335011989,310.90582649034127,1458,51.17,107,0,0,0,0,0,0,7812.71,5475.1900000000005,8.337792989142372
263,M78915,M,297.4278603867551,308.4165846155224,1667,29.39,59,0,0,0,0,0,0,5130.55,1734.01,10.988724228767296
264,M29705,M,299.23336073374173,310.8766024136656,1842,24.87,2,0,0,0,0,0,0,4797.27,49.74,11.643241679923847
265,L90593,L,299.7565846227054,309.2573132875708,1334,57.42,138,0,0,0,0,0,0,8021.35,7923.96,9.500728664865392
266,M81293,M,297.7215258981384,309.3947239866804,1455,45.8,219,0,0,0,0,0,0,6978.42,10030.199999999999,11.673198088541994
267,L42726,L,299.2186515193202,308.4730142083715,1431,43.65,227,0,0,0,0,0,0,6541.13,9908.55,9.254362689051334
268,L49155,L,298.5422107690079,309.2742870068935,1576,40.5,129,0,0,0,0,0,0,6684.05,5224.5,10.732076237885565
269,M12296,M,298.9063786417093,309.7784395586655,1477,43.77,14,0,0,0,0,0,0,6769.95,612.7800000000001,10.87206091695623
270,L54823,L,302.300010127171,311.2453422501374,1649,32.73,109,0,0,0,0,0,0,5651.91,3567.5699999999997,8.94533212296642
271,L15214,L,301.2134130359749,310.6499641777767,1506,41.93,177,0,0,0,0,0,0,6612.69,7421.61,9.436551141801829
272,L98864,L,302.7379793114008,310.36914632969393,1244,67.09,198,1,0,1,0,1,0,8739.91,13283.820000000002,7.631167018293127
273,L67610,L,298.8883256081904,309.8757529676146,1294,62.09,222,1,0,0,0,1,0,8413.65,13783.980000000001,10.987427359424146
274,H31165,H,304.2511801970717,313.30900719567205,1304,69.69,162,1,0,0,1,0,0,9516.49,11289.779999999999,9.057826998600376
275,M82333,M,299.18880258829705,310.2152240371555,1605,33.36,46,0,0,0,0,0,0,5606.99,1534.56,11.026421448858457
276,L11759,L,300.54630158630675,311.4323464160425,1361,57.86,190,1,0,0,0,1,0,8246.41,10993.4,10.886044829735738
277,L59438,L,300.6084331348366,310.6466293964746,1768,27.96,82,0,0,0,0,0,0,5176.64,2292.7200000000003,10.038196261638006
278,M20023,M,302.866510623362,311.3263426990267,1368,54.88,116,1,0,1,0,0,0,7861.92,6366.08,8.459832075664735
279,L14899,L,298.44293715437067,308.7344154648366,1760,27.64,169,0,0,0,0,0,0,5094.24,4671.16,10.291478310465948
280,L32004,L,297.53152990701767,308.6619028132245,1373,43.85,141,0,0,0,0,0,0,6304.76,6182.85,11.130372906206844
281,L36491,L,302.757617208407,311.14822968659723,1719,30.0,151,0,0,0,0,0,0,5400.4,4530.0,8.390612478190235
282,L75332,L,300.0906496815631,311.80160267098523,1502,33.9,16,0,0,0,0,0,0,5332.1,542.4,11.71095298942214
283,L90172,L,297.611292617787,309.5325928586749,1817,24.92,97,0,0,0,0,0,0,4741.67,2417.2400000000002,11.921300240887888
284,H79823,H,297.65453044058575,308.63323504102635,1472,39.4,19,0,0,0,0,0,0,6073.41,748.6,10.978704600440608
285,L76587,L,302.2667483178702,310.9550270963454,1342,46.2,149,1,0,1,0,0,0,6492.67,6883.8,8.688278778475194
286,L60893,L,298.943417023106,308.7435611097257,1537,37.05,136,0,0,0,0,0,0,5963.36,5038.799999999999,9.800144086619696
287,H43405,H,298.6316460645228,308.4836985974305,1394,50.93,162,0,0,0,0,0,0,7434.73,8250.66,9.852052532907692
288,L32953,L,302.40629601580275,312.27329165382673,1496,36.57,7,0,0,0,0,0,0,5729.08,255.99,9.86699563802398
289,L95120,L,302.16493945770355,310.7165207603151,1332,53.23,158,1,0,1,0,0,0,7424.88,8410.34,8.551581302611567
290,L56956,L,301.0875814078321,309.61035928185856,1526,39.3,168,0,0,0,0,0,0,6280.23,6602.4,8.522777874026474
291,L60789,L,300.9697627146152,310.95359938183344,1471,44.11,194,0,0,0,0,0,0,6794.83,8557.34,9.98383666721827
292,L11346,L,302.3183075014523,311.03697769217234,1431,35.52,35,0,0,0,0,0,0,5322.81,1243.2,8.718670190720047
293,M51218,M,302.07657903675914,310.8443240967843,1389,47.94,79,0,0,0,0,0,0,6973.15,3787.2599999999998,8.767745060025163
294,L71361,L,299.89200098708824,309.7488074020329,1441,49.1,16,0,0,0,0,0,0,7409.25,785.6,9.856806414944685
295,M54560,M,303.57157796825885,312.2397933334226,1968,20.5,3,0,0,0,0,0,0,4224.81,61.5,8.668215365163746
296,L65286,L,303.7211814905647,312.61132908794616,1470,45.54,163,0,0,0,0,0,0,7010.34,7423.0199999999995,8.890147597381485
297,H82872,H,299.6355192787625,309.50870209243635,1592,35.86,35,0,0,0,0,0,0,5978.36,1255.1,9.87318281367385
298,L11961,L,302.65537025024145,312.1099997916502,1599,34.14,185,0,0,0,0,0,0,5716.64,6315.900000000001,9.454629541408735
299,M91394,M,301.48919338610256,309.73911193083194,1314,68.54,110,1,0,1,1,0,0,9431.22,7539.400000000001,8.249918544729383
300,M83530,M,300.5393594580457,311.3632657141848,1387,51.7,67,0,0,0,0,0,0,7509.23,3463.9,10.82390625613914
301,M47791,M,301.1072820256997,311.14117334199534,1464,40.55,95,0,0,0,0,0,0,6216.71,3852.2499999999995,10.033891316295637
302,L78707,L,297.51593663141006,307.9931975100284,1754,30.45,176,0,0,0,0,0,0,5593.01,5359.2,10.477260878618324
303,M15987,M,299.7036593616438,309.0684789393191,1592,29.72,143,0,0,0,0,0,0,4954.74,4249.96,9.364819577675291
304,M37739,M,299.0605769732253,309.4478360631532,1328,47.82,87,0,0,0,0,0,0,6650.22,4160.34,10.387259089927909
305,L19699,L,302.1926410785005,310.94432296716394,1452,42.65,53,0,0,0,0,0,0,6485.06,2260.45,8.751681888663427
306,L67183,L,302.17365217871554,310.8408133785393,1379,50.03,35,1,0,1,0,0,0,7224.76,1751.05,8.667161199823738
307,L87055,L,300.5598652593173,310.9322457420235,1443,47.88,75,1,0,0,0,0,0,7235.18,3591.0,10.372380482706205
308,L64133,L,300.2560053513639,309.1016050975259,1391,58.58,87,0,0,0,0,0,0,8533.07,5096.46,8.845599746162009
309,L74039,L,300.4699186290385,311.8549234866221,1379,47.64,2,0,0,0,0,0,0,6879.62,95.28,11.385004857583624
310,H22886,H,298.5078773926492,309.5313704495276,1384,53.79,89,0,0,0,0,0,0,7795.9,4787.3099999999995,11.023493056878408
311,L94060,L,303.8412894266773,312.8991688771872,1454,44.7,52,0,0,0,0,0,0,6806.13,2324.4,9.057879450509915
312,M27393,M,297.2526904014715,307.933508986472,1633,37.93,156,0,0,0,0,0,0,6486.31,5917.08,10.680818585000509
313,M57369,M,303.6092721431401,312.8642541558284,1400,48.43,36,0,0,0,0,0,0,7100.21,1743.48,9.254982012688288
314,L71487,L,302.7526791790486,312.1067127220159,1547,37.69,31,0,0,0,0,0,0,6105.84,1168.3899999999999,9.35403354296733
315,L87097,L,302.09935858121565,310.4595344849706,1610,36.22,116,0,0,0,0,0,0,6106.65,4201.5199999999995,8.360175903754964
316,L94018,L,298.16441148557584,309.043959952038,1412,55.68,146,0,0,0,0,0,0,8233.08,8129.28,10.879548466462154
317,L63884,L,302.0079854979031,310.76540574502474,1394,50.28,232,1,0,0,0,1,0,7339.84,11664.960000000001,8.757420247121615
318,M61865,M,299.716309141204,309.848597878271,1417,45.01,101,0,0,0,0,0,0,6678.94,4546.01,10.132288737066972
319,M47541,M,300.3187500721514,311.2681263495437,2353,14.38,148,0,0,0,0,0,0,3543.31,2128.2400000000002,10.949376277392332
320,L61102,L,300.3586035652262,311.26755236694856,1544,42.14,40,0,0,0,0,0,0,6813.5,1685.6,10.908948801722374
321,M70735,M,297.6938820410901,308.6503357871424,1377,52.92,176,0,0,0,0,0,0,7631.02,9313.92,10.956453746052318
322,M68200,M,302.4771218730994,311.1509334741043,1389,52.01,116,0,0,0,0,0,0,7565.15,6033.16,8.6738116010049
323,L63309,L,302.1405496512161,310.2368303937133,1334,45.44,170,1,0,1,0,0,0,6347.79,7724.799999999999,8.096280742497242
324,L49651,L,298.59010427864774,308.8014059701263,1334,58.92,116,0,0,0,0,0,0,8230.9,6834.72,10.211301691478582
325,H27618,H,299.81847753891765,308.81399335564515,1571,41.4,0,0,0,0,0,0,0,6810.91,0.0,8.995515816727504
326,L14875,L,300.0876929629366,309.36200433823785,1964,22.9,176,0,0,0,0,0,0,4709.83,4030.3999999999996,9.274311375301238
327,L47869,L,298.7113551693216,310.2336630889652,1736,26.86,17,0,0,0,0,0,0,4882.97,456.62,11.522307919643595
328,M45684,M,297.5919656192522,308.87639246771295,1427,41.55,81,0,0,0,0,0,0,6209.03,3365.5499999999997,11.284426848460726
329,L64724,L,300.5593591368886,310.1203368645432,1608,33.16,77,0,0,0,0,0,0,5583.79,2553.3199999999997,9.560977727654631
330,L91021,L,302.5378064189161,312.21996088238467,1256,68.58,2,1,0,0,1,0,0,9020.19,137.16,9.682154463468578
331,L73138,L,300.28134741199324,309.09174666341823,1460,38.1,71,0,0,0,0,0,0,5825.14,2705.1,8.810399251424997
332,M82444,M,295.67650405730774,305.913699103204,1630,28.16,114,0,0,0,0,0,0,4806.72,3210.2400000000002,10.237195045896271
333,L62029,L,298.0161283485706,308.63129052609696,1382,53.81,211,1,0,0,0,1,0,7787.53,11353.91,10.615162177526372
334,M93467,M,302.87835391602715,311.0959675872053,1390,53.68,120,1,0,1,0,0,0,7813.69,6441.6,8.217613671178128
335,H94557,H,298.3039338511452,307.94101510086114,1647,30.23,5,0,0,0,0,0,0,5213.87,151.15,9.637081249715948
336,M23754,M,296.9540127820743,308.0101593536879,1675,24.96,159,0,0,0,0,0,0,4378.12,3968.6400000000003,11.056146571613624
337,L67535,L,301.51946316671246,310.4320923070439,1365,55.93,72,1,0,1,0,0,0,7994.77,4026.96,8.912629140331433
338,M55535,M,300.43744113658613,309.80014306568427,1480,41.72,133,0,0,0,0,0,0,6465.98,5548.76,9.362701929098137
339,L97480,L,300.1386374443328,309.5259398327036,1309,50.64,29,0,0,0,0,0,0,6941.64,1468.56,9.387302388370813
340,L62624,L,301.9730513766669,310.4012724269864,1394,44.01,68,0,0,0,0,0,0,6424.55,2992.68,8.428221050319507
341,L11435,L,301.52504525896825,309.87753545726224,1405,45.21,235,1,1,0,0,0,0,6651.8,10624.35,8.352490198293992
342,L28893,L,299.33652400748366,308.27719139925193,1671,27.7,6,0,0,0,0,0,0,4847.13,166.2,8.940667391768272
343,M21656,M,301.9086440287879,310.65342864307894,2304,16.32,40,0,0,0,0,0,0,3937.6,652.8,8.744784614291063
344,L28087,L,302.6496668342447,310.97736966403926,1360,59.72,92,1,0,1,0,0,0,8505.25,5494.24,8.327702829794532
345,L18622,L,299.6939451617981,308.7974082851996,1436,45.36,169,0,0,0,0,0,0,6821.13,7665.84,9.103463123401468
346,L80382,L,301.05241140678345,310.6836239525862,1634,32.62,45,0,0,0,0,0,0,5581.68,1467.8999999999999,9.631212545802725
347,L54471,L,300.2290675889771,311.67883608594127,1666,27.92,175,0,0,0,0,0,0,4871.01,4886.0,11.449768496964168
348,L70466,L,302.5709087587352,310.8169876308397,1289,56.82,98,1,0,1,0,0,0,7669.78,5568.36,8.246078872104533
349,L99990,L,297.0102086720655,308.0802435102212,1996,20.52,184,0,0,0,0,0,0,4289.1,3775.68,11.070034838155664
350,L68246,L,303.1771138857664,311.3899348418488,1802,29.3,154,0,0,0,0,0,0,5529.06,4512.2,8.212820956082396
351,H53129,H,297.5442027935241,308.1781848744773,1544,38.33,117,0,0,0,0,0,0,6197.47,4484.61,10.633982080953217
352,M34028,M,301.60159007830123,310.5745921575745,1591,29.51,147,0,0,0,0,0,0,4916.64,4337.97,8.973002079273272
353,H77904,H,297.93148676061736,308.69553008969376,1538,40.32,101,0,0,0,0,0,0,6493.9,4072.32,10.7640433290764
354,M55608,M,300.89765164279595,310.1237067539033,1660,26.7,125,0,0,0,0,0,0,4641.39,3337.5,9.226055111107371
355,L78120,L,297.52821658671866,308.45777785033613,1506,43.64,71,0,0,0,0,0,0,6882.37,3098.44,10.929561263617472
356,L12076,L,300.42794536241644,311.53762696254995,1353,57.13,5,0,0,0,0,0,0,8094.51,285.65000000000003,11.109681600133513
357,L24681,L,300.82812810712386,310.1180097356414,1420,61.48,185,1,0,0,1,1,0,9142.2,11373.8,9.289881628517549
358,L21695,L,300.93244118871377,312.1388788307527,1416,40.46,67,0,0,0,0,0,0,5999.54,2710.82,11.206437642038907
359,L71323,L,299.1963985682313,310.545111748211,1357,54.3,175,0,0,0,0,0,0,7716.29,9502.5,11.348713179979711
360,M56642,M,301.0822965583712,310.88856029792987,2671,11.91,100,1,0,0,1,0,0,3331.3,1191.0,9.806263739558688
361,M38526,M,300.58169729610574,309.68839981819985,1556,40.58,94,0,0,0,0,0,0,6612.27,3814.52,9.10670252209411
362,L37870,L,297.5460072637224,308.18023716880475,1443,42.95,28,0,0,0,0,0,0,6490.2,1202.6000000000001,10.63422990508235
363,L64612,L,297.41997890962926,308.15772819580604,1439,53.41,9,0,0,0,0,0,0,8048.45,480.68999999999994,10.73774928617678
364,M96909,M,301.9729756701626,311.05764011550576,1340,60.31,206,1,0,0,0,1,0,8462.97,12423.86,9.08466444534315
365,M99586,M,299.8849989163616,310.80382856132906,1296,52.72,180,0,0,0,0,0,0,7154.99,9489.6,10.918829644967445
366,L52433,L,297.6777746657191,308.7776119044457,1688,29.28,136,0,0,0,0,0,0,5175.74,3982.08,11.099837238726593
367,M70344,M,298.4107694125425,309.4343276594398,1473,43.0,172,0,0,0,0,0,0,6632.84,7396.0,11.023558246897323
368,L17520,L,302.3013299979252,310.65346544533406,1359,54.45,154,1,0,1,0,0,0,7749.01,8385.300000000001,8.352135447408841
369,M95088,M,302.5242767430197,311.8940160442614,1485,45.77,176,0,0,0,0,0,0,7117.64,8055.52,9.36973930124168
370,H11605,H,298.0013262228582,309.194668946006,1448,45.26,6,0,0,0,0,0,0,6862.96,271.56,11.193342723147794
371,M40801,M,299.90137112666724,309.26792064829186,1481,43.02,191,0,0,0,0,0,0,6671.97,8216.82,9.36654952162462
372,L75272,L,298.95947527085247,308.47138763788234,1479,35.74,28,0,0,0,0,0,0,5535.43,1000.72,9.511912367029879
373,M97275,M,298.602815277908,307.98622664611975,1499,37.14,29,0,0,0,0,0,0,5830.05,1077.06,9.383411368211739
374,M25435,M,302.3010184080268,310.7911494506948,1378,49.24,137,1,0,1,0,0,0,7105.52,6745.88,8.490131042667997
375,L69490,L,301.6664939801589,310.0574363236449,1342,47.97,77,1,0,1,0,0,0,6741.41,3693.69,8.39094234348596
376,L26902,L,300.87931837204155,309.9072900433713,1407,45.95,19,0,0,0,0,0,0,6770.3,873.0500000000001,9.027971671329738
377,L14524,L,301.6753805973361,310.9605333577195,1609,30.68,38,0,0,0,0,0,0,5169.4,1165.84,9.285152760383426
378,L48142,L,302.05957732495204,310.01611737762755,1351,51.14,35,1,0,1,0,0,0,7235.1,1789.9,7.956540052675507
379,L61895,L,298.2925105233821,308.30511572293256,1486,38.81,188,0,0,0,0,0,0,6039.36,7296.280000000001,10.012605199550478
380,M33765,M,299.7450760682852,309.08959543589896,1472,44.38,159,0,0,0,0,0,0,6841.07,7056.42,9.34451936761377
381,M97575,M,302.2129456533211,311.2671555205019,1545,36.96,6,0,0,0,0,0,0,5979.83,221.76,9.05420986718076
382,L65491,L,300.2571460821833,310.59484086981416,1498,50.59,111,0,0,0,0,0,0,7936.06,5615.490000000001,10.33769478763088
383,M49447,M,296.60772885507293,307.71605621459764,1427,48.15,130,0,0,0,0,0,0,7195.3,6259.5,11.108327359524708
384,L53711,L,301.84980233430724,310.33795829300544,1556,38.79,110,0,0,0,0,0,0,6320.6,4266.9,8.4881559586982
385,M51780,M,303.40784664754574,312.08208454957406,1448,38.08,98,0,0,0,0,0,0,5774.23,3731.8399999999997,8.674237902028324
386,L20030,L,302.00470364519697,311.1263098269587,1415,51.03,147,0,0,0,0,0,0,7561.55,7501.41,9.121606181761706
387,M64574,M,296.752756392722,307.2069431948876,1528,33.02,182,0,0,0,0,0,0,5283.59,6009.64,10.454186802165566
388,L80625,L,298.36290254113754,309.3802266411908,1348,55.57,209,1,0,0,0,1,0,7844.39,11614.13,11.017324100053258
389,L47909,L,297.4331529015194,308.43477135565297,1446,40.31,223,1,1,0,0,0,0,6103.93,8989.130000000001,11.001618454133563
390,L48326,L,300.0304680939329,311.59460057508284,1635,31.15,202,0,0,0,0,0,0,5333.4,6292.299999999999,11.564132481149954
391,H91940,H,300.9227875876041,310.46469852818365,1659,26.18,63,0,0,0,0,0,0,4548.25,1649.34,9.541910940579555
392,M64974,M,300.30652243024684,311.6847163696039,1335,52.91,150,0,0,0,0,0,0,7396.86,7936.499999999999,11.378193939357061
393,H36803,H,298.4433868759634,309.0008134542296,1549,40.73,39,0,0,0,0,0,0,6606.85,1588.4699999999998,10.557426578266188
394,L10354,L,303.455126292606,311.93705591322174,1754,31.6,200,0,0,0,0,0,0,5804.24,6320.0,8.481929620615745
395,L84090,L,300.7842344351465,312.193504341031,1527,38.57,59,0,0,0,0,0,0,6167.62,2275.63,11.409269905884457
396,L66375,L,300.6165889718471,309.860819285708,1510,35.81,94,0,0,0,0,0,0,5662.52,3366.1400000000003,9.244230313860896
397,M66351,M,300.5912159702451,309.74697079795044,1474,42.71,120,0,0,0,0,0,0,6592.58,5125.2,9.155754827705323
398,M35456,M,299.1275053648938,308.8780042932287,1317,47.96,221,0,0,0,0,0,0,6614.45,10599.16,9.750498928334878
399,M26752,M,301.06360776467216,310.8226950099536,2029,17.54,176,0,0,0,0,0,0,3726.84,3087.04,9.759087245281421
400,L54492,L,299.51543920845563,310.2706443933858,1450,42.95,83,0,0,0,0,0,0,6521.68,3564.8500000000004,10.755205184930162
401,L78202,L,300.1784466303402,309.6464716745849,1420,44.98,16,0,0,0,0,0,0,6688.62,719.68,9.468025044244712
402,L36794,L,299.2236131315988,308.61762290460064,1358,49.36,76,0,0,0,0,0,0,7019.46,3751.36,9.394009773001812
403,H57433,H,298.2984634170501,310.03374077987723,1421,44.21,67,0,0,0,0,0,0,6578.75,2962.07,11.735277362827162
404,L99662,L,301.852751059333,309.6162931352084,1452,42.32,141,0,0,0,0,0,0,6434.89,5967.12,7.763542075875421
405,M29742,M,301.46254007068785,310.69608721394013,1529,39.84,107,0,0,0,0,0,0,6379.04,4262.88,9.23354714325228
406,L30775,L,299.16809934497013,310.50230044411427,1500,44.29,20,0,0,0,0,0,0,6957.06,885.8,11.334201099144138
407,L31235,L,303.28589493992064,311.434887981344,1648,30.35,7,0,0,0,0,0,0,5237.75,212.45000000000002,8.148993041423353
408,L92156,L,300.4995422850429,310.45744949432986,2428,14.41,9,0,0,0,0,0,0,3663.88,129.69,9.957907209286986
409,L57588,L,299.1608327554735,309.0153365366324,1447,48.2,46,0,0,0,0,0,0,7303.72,2217.2000000000003,9.854503781158883
410,L92616,L,295.64442332063106,306.4357142152677,1474,34.97,86,0,0,0,0,0,0,5397.86,3007.42,10.791290894636631
411,M95297,M,302.32213775230684,310.8918759164894,1489,43.72,183,0,0,0,0,0,0,6817.16,8000.76,8.569738164182581
412,L47889,L,300.1199660656182,311.7890813110605,1198,76.6,4,1,0,0,1,0,0,9609.8,306.4,11.669115245442299
413,M14943,M,300.71860826718137,309.2956665665728,1494,44.15,47,0,0,0,0,0,0,6907.33,2075.0499999999997,8.57705829939141
414,L37359,L,300.8899320679673,310.6270379040319,1446,53.69,39,0,0,0,0,0,0,8130.0,2093.91,9.737105836064586
415,M58939,M,300.6658139120341,310.83319635717265,1344,45.94,184,0,0,0,0,0,0,6465.75,8452.96,10.167382445138571
416,L44292,L,303.423734809833,312.1628115788957,1505,35.55,214,1,1,0,0,0,0,5602.79,7607.7,8.739076769062706
417,M10203,M,302.1307060996053,309.6106020473529,1408,63.18,144,1,0,0,1,0,0,9315.6,9097.92,7.47989594774765
418,M99039,M,298.9593223358721,308.42414970126293,1717,28.45,140,0,0,0,0,0,0,5115.42,3983.0,9.464827365390818
419,M37287,M,300.1917034478329,309.1739482475864,1413,42.86,42,0,0,0,0,0,0,6341.95,1800.12,8.982244799753516
420,L65691,L,299.6624303067483,309.1207480243665,1414,58.77,196,1,0,0,0,1,0,8702.29,11518.92,9.458317717618172
421,L95206,L,299.0110551990121,309.7766567578593,1530,37.99,169,0,0,0,0,0,0,6086.8,6420.31,10.765601558847209
422,H59029,H,299.8995122131407,310.0663119918979,1728,28.92,54,0,0,0,0,0,0,5233.24,1561.68,10.166799778757195
423,L72499,L,301.22867195773614,311.4859868679355,1448,49.76,10,0,0,0,0,0,0,7545.32,497.59999999999997,10.25731491019934
424,L13232,L,301.8223356184922,310.74771238942003,1754,27.47,13,0,0,0,0,0,0,5045.65,357.11,8.925376770927812
425,L72707,L,301.393423937552,310.7121124150082,1408,46.08,81,0,0,0,0,0,0,6794.28,3732.48,9.318688477456249
426,H86305,H,298.35703799743106,309.4360547127077,1707,31.42,112,0,0,0,0,0,0,5616.53,3519.04,11.079016715276623
427,L92645,L,302.6964302023255,312.15282616799334,1636,31.24,89,0,0,0,0,0,0,5352.08,2780.3599999999997,9.456395965667866
428,L17542,L,301.1064923797399,311.1307781832222,1328,60.0,139,0,0,0,0,0,0,8344.07,8340.0,10.024285803482314
429,H30553,H,302.4341382181548,310.197979593152,1870,21.73,90,0,0,0,0,0,0,4255.3,1955.7,7.763841374997185
430,L14227,L,298.5471392961912,309.9186466265612,2590,12.01,104,1,0,0,1,0,0,3257.4,1249.04,11.371507330370036
431,M92612,M,302.5751347273011,311.91733608697706,1563,31.78,188,0,0,0,0,0,0,5201.65,5974.64,9.342201359675983
432,L34736,L,297.95696365061553,309.12330972846644,1349,47.37,28,0,0,0,0,0,0,6691.82,1326.36,11.166346077850903
433,M57834,M,299.18426960191744,308.27780213611663,1406,48.43,4,0,0,0,0,0,0,7130.64,193.72,9.093532534199198
434,M52820,M,301.7802913008983,311.4122966840524,1594,36.44,30,0,0,0,0,0,0,6082.68,1093.1999999999998,9.632005383154137
435,L71987,L,302.5113956389882,311.470885714312,1539,38.02,80,0,0,0,0,0,0,6127.44,3041.6000000000004,8.9594900753238
436,L90575,L,297.62739991446296,307.3850386079159,1394,43.37,113,0,0,0,0,0,0,6331.12,4900.8099999999995,9.757638693452918
437,M39136,M,302.1359319713952,309.982027768681,1360,51.92,13,1,0,1,0,0,0,7394.39,674.96,7.846095797285784
438,M81106,M,302.47162971064523,311.63316972371047,1242,68.58,185,1,0,0,0,1,0,8919.65,12687.3,9.161540013065235
439,M36184,M,300.12148600679745,311.51946471937947,1545,35.57,140,0,0,0,0,0,0,5754.94,4979.8,11.397978712582017
440,M27786,M,300.3513468528834,311.18443165561735,1364,65.7,136,1,0,0,1,0,0,9384.44,8935.2,10.833084802733936
441,L19562,L,298.7772906790876,309.808413579048,1496,40.81,122,0,0,0,0,0,0,6393.33,4978.820000000001,11.031122899960394
442,L43486,L,301.6394394402739,310.668540887955,1379,43.96,132,0,0,0,0,0,0,6348.2,5802.72,9.029101447681057
443,M60443,M,297.6434306224715,308.18340574723845,1466,37.13,71,0,0,0,0,0,0,5700.17,2636.23,10.539975124766954
444,L80220,L,303.15847939866336,311.08876310100953,1341,44.17,116,1,0,1,0,0,0,6202.76,5123.72,7.930283702346173
445,M86352,M,300.65886566189624,311.0983211716472,1420,49.31,107,0,0,0,0,0,0,7332.5,5276.17,10.439455509750985
446,L57437,L,295.42277706197854,306.61243515585005,1892,21.5,76,0,0,0,0,0,0,4259.79,1634.0,11.189658093871515
447,M46804,M,301.12806668998866,310.85486749713283,1918,22.47,40,0,0,0,0,0,0,4513.16,898.8,9.726800807144173
448,L25704,L,301.3602214193483,310.6450301837998,1706,27.9,171,0,0,0,0,0,0,4984.39,4770.9,9.284808764451498
449,L92267,L,303.5337510933493,311.79227590458885,1431,46.94,210,0,0,0,0,0,0,7034.15,9857.4,8.258524811239567
450,L45644,L,299.5460052535819,309.39829250026946,1409,45.21,50,0,0,0,0,0,0,6670.74,2260.5,9.852287246687581
451,L78816,L,297.3842634963756,308.5357895415948,1518,38.98,138,0,0,0,0,0,0,6196.44,5379.24,11.151526045219214
452,M66333,M,300.7418531072855,311.6516204787684,2093,19.01,231,1,1,0,0,0,0,4166.58,4391.31,10.909767371482872
453,M93831,M,304.43412150721514,313.4649357005861,1689,23.39,48,0,0,0,0,0,0,4137.03,1122.72,9.030814193370986
454,L97589,L,304.24923766348644,312.8006898911118,1370,62.62,201,1,0,0,0,1,0,8983.84,12586.619999999999,8.551452227625362
455,M73614,M,300.8083257362159,312.1507359214382,1675,25.69,149,0,0,0,0,0,0,4506.17,3827.8100000000004,11.342410185222263
456,L69562,L,302.21922287119804,310.7107511320842,1611,36.17,101,0,0,0,0,0,0,6102.01,3653.17,8.491528260886184
457,M22353,M,298.729148818896,309.51951264217865,1454,41.15,31,0,0,0,0,0,0,6265.6,1275.6499999999999,10.790363823282632
458,L11457,L,298.5985206760679,309.62744816605846,1288,59.19,124,0,0,0,0,0,0,7983.49,7339.5599999999995,11.028927489990565
459,L59142,L,302.5399684447142,311.6789138645563,1487,41.47,121,0,0,0,0,0,0,6457.64,5017.87,9.138945419842116
460,L73450,L,299.2968964582456,310.27000830389784,1509,39.12,31,0,0,0,0,0,0,6181.82,1212.72,10.973111845652227
461,L77152,L,300.2376689853749,309.5488704319952,1282,61.15,14,0,0,0,0,0,0,8209.43,856.1,9.311201446620316
462,M32577,M,298.79999574328605,308.042419873816,1371,63.94,30,1,0,0,1,0,0,9179.92,1918.1999999999998,9.242424130529969
463,M55287,M,297.90925190080293,308.08144670896564,1476,43.6,77,0,0,0,0,0,0,6739.09,3357.2000000000003,10.172194808162715
464,L87593,L,297.25124198768106,308.2573343815683,1429,36.16,12,0,0,0,0,0,0,5411.15,433.91999999999996,11.00609239388723
465,L18613,L,300.2659139064412,311.11566940482146,1723,28.73,21,0,0,0,0,0,0,5183.82,603.33,10.849755498380262
466,L44549,L,301.9449589658073,310.40710969380217,1273,60.17,91,1,0,1,0,0,0,8021.16,5475.47,8.462150727994867
467,L95006,L,300.2648170096021,311.54713905669826,1515,45.14,67,0,0,0,0,0,0,7161.48,3024.38,11.282322047096159
468,M27965,M,300.6324677394915,310.05870051978275,1409,31.85,190,0,0,0,0,0,0,4699.47,6051.5,9.42623278029123
469,L38499,L,299.6327192043889,310.0794337107317,1456,49.81,56,0,0,0,0,0,0,7594.63,2789.36,10.4467145063428
470,L52114,L,298.68454906603904,310.1019355298332,1559,36.71,182,0,0,0,0,0,0,5993.2,6681.22,11.417386463794173
471,M71954,M,300.8417250142941,310.54467684633033,1550,37.75,156,0,0,0,0,0,0,6127.41,5889.0,9.702951832036206
472,L32967,L,302.551150611638,311.44801208120526,1428,59.89,168,1,0,0,1,0,0,8955.94,10061.52,8.896861469567284
473,L81306,L,301.5658763394352,310.4393295763942,1631,41.76,117,0,0,0,0,0,0,7132.52,4885.92,8.873453236958994
474,M31223,M,298.02223907792984,308.1701002888023,1355,51.25,200,0,0,0,0,0,0,7272.13,10250.0,10.147861210872463
475,M43139,M,301.07430053403704,310.5910858992679,1485,36.99,116,0,0,0,0,0,0,5752.27,4290.84,9.516785365230874
476,H61592,H,298.9592889819339,310.2043776906737,1646,37.69,65,0,0,0,0,0,0,6496.58,2449.85,11.245088708739786
477,M11087,M,302.42766218392813,311.2562056517604,1321,47.18,4,0,0,0,0,0,0,6526.64,188.72,8.828543467832276
478,M79060,M,298.36296741286293,309.3254056541005,1489,33.86,50,0,0,0,0,0,0,5279.71,1693.0,10.962438241237578
479,L70192,L,301.40076068748346,310.6914579090351,1662,30.51,87,0,0,0,0,0,0,5310.09,2654.3700000000003,9.290697221551625
480,L85145,L,298.6117208471915,308.4663917647743,1671,31.51,144,0,0,0,0,0,0,5513.83,4537.4400000000005,9.85467091758278
481,L34739,L,299.1267695691151,310.31798323953683,1371,45.52,44,0,0,0,0,0,0,6535.34,2002.88,11.191213670421746
482,L45789,L,300.1719857407928,311.1942513863077,1519,38.97,43,0,0,0,0,0,0,6198.93,1675.71,11.022265645514892
483,L90870,L,298.3109824213808,309.3260928498364,1345,55.98,206,1,0,0,0,1,0,7884.67,11531.88,11.015110428455614
484,M16012,M,303.5696932514396,311.9957010304001,1479,43.5,87,0,0,0,0,0,0,6737.3,3784.5,8.426007778960468
485,M54207,M,301.5931860166729,310.5879642799068,1310,66.03,75,1,0,0,1,0,0,9058.19,4952.25,8.994778263233911
486,L53557,L,301.6795510902603,310.28628133983943,1385,44.4,60,0,0,0,0,0,0,6439.64,2664.0,8.60673024957913
487,L50273,L,302.10646211239293,310.61285260360114,1378,48.38,161,1,0,1,0,0,0,6981.42,7789.18,8.506390491208208
488,L49039,L,297.9516361630749,308.0017550492156,1457,45.19,90,0,0,0,0,0,0,6894.94,4067.1,10.050118886140694
489,L77254,L,298.4978155372977,309.66532834835294,1555,44.53,35,0,0,0,0,0,0,7251.23,1558.55,11.167512811055246
490,L27727,L,302.7798702283576,310.39972997065945,1536,35.43,34,0,0,0,0,0,0,5698.9,1204.62,7.6198597423018555
491,L90202,L,298.3302344405335,307.9978379286606,1345,67.65,68,1,0,0,1,0,0,9528.37,4600.200000000001,9.6676034881271
492,M90652,M,297.5439837688685,307.915787966448,1414,44.35,182,0,0,0,0,0,0,6567.07,8071.7,10.371804197579536
493,L26145,L,302.7656501519733,310.9919146543271,1299,51.82,41,1,0,1,0,0,0,7049.12,2124.62,8.226264502353786
494,L97672,L,299.754475869517,309.10856101714074,1405,40.38,141,0,0,0,0,0,0,5941.16,5693.58,9.35408514762372
495,L33584,L,297.4629592333344,308.53087919233053,1390,56.04,72,0,0,0,0,0,0,8157.21,4034.88,11.067919958996129
496,L14657,L,299.5122656550558,309.2652769052872,1588,31.51,178,0,0,0,0,0,0,5239.95,5608.780000000001,9.753011250231395
497,L45825,L,302.3802312698942,310.98534993344344,1360,59.99,95,1,0,1,0,0,0,8543.71,5699.05,8.605118663549263
498,L81616,L,300.85972711582576,310.5368947811031,1454,46.1,61,0,0,0,0,0,0,7019.3,2812.1,9.677167665277352
499,M86012,M,300.9611025605851,310.6342312480106,1619,35.06,98,0,0,0,0,0,0,5944.12,3435.88,9.673128687425503
500,M68113,M,300.5205927003728,311.44782501611473,1478,40.58,52,0,0,0,0,0,0,6280.8,2110.16,10.927232315741946
501,L83006,L,301.9636634675777,310.26636921444305,2798,6.24,215,1,0,0,1,0,0,1828.36,1341.6000000000001,8.302705746865342
502,M33529,M,297.70742219783665,308.729869631841,1396,60.41,74,0,0,0,0,0,0,8831.26,4470.34,11.022447434004334
503,L89108,L,301.8136623720058,310.5210402027146,1346,52.68,151,1,0,1,0,0,0,7425.39,7954.68,8.707377830708765
504,M67163,M,299.0196995852751,308.7581344127098,1415,47.27,195,0,0,0,0,0,0,7004.4,9217.650000000001,9.73843482743473
505,L22022,L,296.644256539459,308.0461270224941,1466,39.26,149,0,0,0,0,0,0,6027.16,5849.74,11.401870483035111
506,L21577,L,299.93478053904806,311.51033084119763,1513,37.34,183,0,0,0,0,0,0,5916.19,6833.22,11.575550302149566
507,H34057,H,296.3904498014697,307.0826040543284,1554,32.4,32,0,0,0,0,0,0,5272.6,1036.8,10.6921542528587
508,L16246,L,304.5,313.7430555300687,1652,32.94,4,0,0,0,0,0,0,5698.52,131.76,9.243055530068716
509,L35447,L,297.832851325674,307.9086311281793,1521,38.27,123,0,0,0,0,0,0,6095.6,4707.21,10.07577980250528
510,L99413,L,299.1558096251401,308.26314475122973,1903,25.34,33,0,0,0,0,0,0,5049.8,836.22,9.107335126089652
511,L31608,L,303.91268499764067,313.2278247026129,1447,43.67,180,0,0,0,0,0,0,6617.29,7860.6,9.315139704972239
512,M67272,M,302.0643211964763,311.5048121168503,1494,38.16,27,0,0,0,0,0,0,5970.18,1030.32,9.440490920373975
513,L97976,L,299.2119372967619,308.9259445611587,1611,41.64,149,0,0,0,0,0,0,7024.81,6204.36,9.714007264396798
514,L32789,L,301.0896679217815,311.09658566790347,1905,21.65,27,0,0,0,0,0,0,4318.98,584.55,10.006917746121985
515,L72655,L,297.9948967346028,309.0148488017294,1631,28.33,28,0,0,0,0,0,0,4838.71,793.24,11.01995206712661
516,L50502,L,301.4413574271483,310.3296181218896,1453,49.19,104,0,0,0,0,0,0,7484.64,5115.76,8.888260694741291
517,M35677,M,298.880199122173,309.8013179471099,1303,61.5,75,0,0,0,0,0,0,8391.67,4612.5,10.921118824936912
518,L95506,L,301.9173953261323,311.0723192821321,1443,43.69,64,0,0,0,0,0,0,6602.02,2796.16,9.154923955999834
519,M69103,M,302.30773784900924,310.6666288089136,1350,51.65,126,1,0,1,0,0,0,7301.85,6507.9,8.358890959904329
520,L49484,L,302.4954724337149,311.2946232208324,1364,54.28,199,0,0,0,0,0,0,7753.23,10801.72,8.799150787117526
521,L83087,L,298.0835820576418,308.17417066521085,1450,43.37,87,0,0,0,0,0,0,6585.46,3773.1899999999996,10.090588607569032
522,L91039,L,300.4934765213143,310.01387525512456,1461,48.26,123,0,0,0,0,0,0,7383.57,5935.98,9.520398733810282
523,L80332,L,301.1602941203584,311.174344376578,1410,42.48,64,0,0,0,0,0,0,6272.38,2718.72,10.014050256219605
524,L88191,L,298.57703872159664,307.9839425569919,1326,54.21,40,0,0,0,0,0,0,7527.51,2168.4,9.40690383539527
525,L38980,L,297.568458567048,308.7271658662507,1505,48.67,78,0,0,0,0,0,0,7670.55,3796.26,11.15870729920266
526,H40973,H,300.8468957145729,311.38188710117754,1274,59.28,76,0,0,0,0,0,0,7908.72,4505.28,10.534991386604645
527,M30941,M,301.87460546915247,309.7915984569425,1280,68.52,111,1,0,1,1,0,0,9184.51,7605.719999999999,7.9169929877900245
528,L72640,L,303.9157782980166,313.1554298716701,1543,44.53,124,0,0,0,0,0,0,7195.27,5521.72,9.239651573653475
529,L82284,L,302.2309874587987,311.52988223157496,1436,46.94,60,0,0,0,0,0,0,7058.72,2816.3999999999996,9.298894772776237
530,M69444,M,298.1877661626004,307.53496199197286,1485,43.58,164,0,0,0,0,0,0,6777.08,7147.12,9.347195829372481
531,M63927,M,298.1565875427067,309.13779077094193,1429,47.8,98,0,0,0,0,0,0,7153.01,4684.4,10.981203228235245
532,L79408,L,302.187065348489,311.3650634342869,1687,34.29,128,0,0,0,0,0,0,6057.75,4389.12,9.177998085797924
533,M26331,M,298.9461722950366,310.3293618310585,1572,38.5,183,0,0,0,0,0,0,6337.85,7045.5,11.383189536021916
534,M42933,M,297.95428007407713,307.91746177664027,1309,54.95,82,0,0,0,0,0,0,7532.44,4505.900000000001,9.963181702563134
535,L73632,L,302.11210891133834,311.3790038355943,1570,36.69,15,0,0,0,0,0,0,6032.2,550.3499999999999,9.26689492425595
536,H14701,H,299.37649650831816,309.0254768144251,1436,43.49,95,0,0,0,0,0,0,6539.92,4131.55,9.648980306106921
537,M91979,M,302.33534744188586,310.1961588601478,1362,53.89,166,1,0,1,0,0,0,7686.24,8945.74,7.86081141826196
538,L25393,L,300.437737519288,311.6053689847804,2009,19.2,16,0,0,0,0,0,0,4039.33,307.2,11.167631465492377
539,L80828,L,297.512688763412,308.47373281474705,1602,38.22,136,0,0,0,0,0,0,6411.83,5197.92,10.96104405133508
540,M65489,M,297.1056121069875,308.3757485993681,1441,41.89,7,0,0,0,0,0,0,6321.25,293.23,11.270136492380573
541,L86285,L,300.4976238218519,311.05762893830143,1396,49.35,126,0,0,0,0,0,0,7214.42,6218.1,10.560005116449531
542,L79758,L,300.90085246403635,311.0489274043542,1404,58.23,188,1,0,0,0,1,0,8561.36,10947.24,10.148074940317827
543,L56425,L,302.5297199081331,310.1615351545995,1296,50.84,147,1,0,1,0,0,0,6899.84,7473.4800000000005,7.631815246466431
544,L78043,L,302.77849280494604,310.99449792452623,1295,52.57,42,1,0,1,0,0,0,7129.13,2207.94,8.216005119580188
545,L41184,L,298.46959469172623,308.19453302478945,1311,66.15,45,1,0,0,1,0,0,9081.57,2976.7500000000005,9.724938333063221
546,M62530,M,298.0808978154344,308.6415463727022,1547,38.89,0,0,0,0,0,0,0,6300.24,0.0,10.560648557267768
547,L92355,L,299.5244065888744,309.26257304252937,1472,42.29,148,0,0,0,0,0,0,6518.9,6258.92,9.73816645365497
548,M17628,M,302.87897567496685,312.7424767638531,1624,34.29,139,0,0,0,0,0,0,5831.52,4766.3099999999995,9.863501088886267
549,M42021,M,298.0848219569079,309.6918028701545,1567,32.91,40,0,0,0,0,0,0,5400.39,1316.3999999999999,11.606980913246616
550,L11555,L,300.77951991644625,310.1599745725155,1706,31.97,174,0,0,0,0,0,0,5711.5,5562.78,9.380454656069276
551,L58083,L,303.0462045525188,310.8985067486852,1998,20.2,137,0,0,0,0,0,0,4226.45,2767.4,7.852302196166363
552,L80391,L,299.1667840131301,310.38701199940124,1440,39.32,151,0,0,0,0,0,0,5929.32,5937.32,11.22022798627114
553,L13470,L,298.23557016009704,307.7479647017815,1518,35.81,67,0,0,0,0,0,0,5692.52,2399.27,9.512394541684444
554,L59443,L,298.7442087963277,309.4497966043984,1619,36.66,2,0,0,0,0,0,0,6215.38,73.32,10.705587808070675
555,L47369,L,302.4895486994737,310.34668451085207,1358,58.27,58,1,0,1,0,0,0,8286.54,3379.6600000000003,7.8571358113783845
556,L80443,L,300.7631500137999,310.65439543253694,1368,59.12,201,1,0,0,0,1,0,8469.33,11883.119999999999,9.891245418737071
557,L29811,L,298.20957669035715,309.04809523889264,1343,56.32,205,1,0,0,0,1,0,7920.77,11545.6,10.83851854853549
558,L24650,L,298.07612847953067,308.90074817089294,1450,46.92,20,0,0,0,0,0,0,7124.5,938.4000000000001,10.824619691362273
559,L18521,L,300.65066338548786,310.9722007413587,1500,45.54,146,0,0,0,0,0,0,7153.41,6648.84,10.321537355870817
560,M46667,M,302.0933443224123,310.8788149210756,1578,32.94,165,0,0,0,0,0,0,5443.26,5435.099999999999,8.785470598663323
561,L53877,L,298.49151835420173,309.44307477287816,1529,40.2,47,0,0,0,0,0,0,6436.68,1889.4,10.951556418676432
562,L92724,L,302.64011541541976,312.1055269766293,1331,50.39,208,0,0,0,0,0,0,7023.46,10481.12,9.465411561209521
563,M51927,M,301.4061370470262,310.8593787945075,1476,46.66,100,0,0,0,0,0,0,7212.07,4666.0,9.453241747481286
564,L25443,L,298.9081357667084,310.30188603024084,1459,37.24,56,0,0,0,0,0,0,5689.76,2085.44,11.39375026353241
565,L72910,L,298.6080221476824,309.9360282443451,1477,41.34,155,0,0,0,0,0,0,6394.1,6407.700000000001,11.328006096662705
566,L15537,L,297.3887295206761,307.98701548773244,1644,37.11,204,0,0,0,0,0,0,6388.83,7570.44,10.598285967056313
567,M41075,M,301.5808422031094,310.6241613823858,1254,66.21,75,1,0,0,1,0,0,8694.6,4965.749999999999,9.04331917927641
568,L68811,L,302.42165006264025,311.052741937315,1551,38.05,188,0,0,0,0,0,0,6180.09,7153.4,8.631091874674723
569,L32856,L,302.3658113504996,311.2828459637299,1407,54.07,196,0,0,0,0,0,0,7966.71,10597.72,8.917034613230328
570,L63507,L,303.4225568304983,311.8563232791545,1409,52.57,207,1,0,0,0,1,0,7756.71,10881.99,8.433766448656172
571,L50796,L,298.42622472887024,309.7727590191176,1481,42.95,90,0,0,0,0,0,0,6661.11,3865.5000000000005,11.346534290247348
572,L95681,L,299.99184236928187,309.47679233989606,1529,36.14,47,0,0,0,0,0,0,5786.61,1698.58,9.484949970614196
573,L35870,L,297.5314442974489,309.076809569773,1735,28.62,185,0,0,0,0,0,0,5199.93,5294.7,11.54536527232409
574,L91581,L,299.9920366256215,309.8219497676155,1540,39.4,113,0,0,0,0,0,0,6353.98,4452.2,9.829913141993984
575,H66327,H,304.0227812071405,313.19121380112193,1631,31.54,202,0,0,0,0,0,0,5386.97,6371.08,9.168432593981436
576,L77447,L,297.225421301769,308.14575256680973,1355,53.67,69,0,0,0,0,0,0,7615.52,3703.23,10.920331265040716
577,L25190,L,301.16034233200145,310.5021008022419,1477,38.0,202,1,1,0,0,0,0,5877.5,7676.0,9.34175847024045
578,L11724,L,302.5497539982071,310.78434697753187,1305,45.48,148,1,0,1,0,0,0,6215.26,6731.04,8.23459297932476
579,L75767,L,301.8696979198836,310.5519565468603,1361,51.14,156,1,0,1,0,0,0,7288.66,7977.84,8.682258626976704
580,L53234,L,298.9436145205407,308.664681081144,1473,43.27,150,0,0,0,0,0,0,6674.49,6490.500000000001,9.721066560603333
581,L37796,L,303.110809364104,311.5810672421295,1289,50.62,47,1,0,1,0,0,0,6832.88,2379.14,8.470257878025507
582,L90648,L,302.36123828076813,310.61615985654646,1450,36.34,44,0,0,0,0,0,0,5518.0,1598.96,8.254921575778326
583,L39384,L,297.86474652958174,307.5895648029273,1615,30.76,132,0,0,0,0,0,0,5202.21,4060.32,9.72481827334559
584,L49028,L,300.2713440374288,309.6407770289389,1342,48.25,24,0,0,0,0,0,0,6780.76,1158.0,9.36943299151011
585,L75177,L,301.48572757791567,311.0552262367322,1465,40.55,86,0,0,0,0,0,0,6220.96,3487.2999999999997,9.569498658816542
586,L96592,L,301.03967558368976,311.5193220561749,1330,67.07,20,1,0,0,1,0,0,9341.33,1341.3999999999999,10.479646472485115
587,L90907,L,303.3588062336685,311.90992618422354,1502,39.0,15,0,0,0,0,0,0,6134.27,585.0,8.551119950555062
588,L68723,L,300.1995043915098,311.8692194394362,1542,37.6,4,0,0,0,0,0,0,6071.57,150.4,11.669715047926445
589,L19936,L,298.22825380419715,308.7371295407712,1749,27.67,36,0,0,0,0,0,0,5067.89,996.1200000000001,10.508875736574055
590,M19851,M,297.69333393781994,308.57490211269635,1393,50.51,2,0,0,0,0,0,0,7368.13,101.02,10.881568174876406
591,M72356,M,296.7533150824952,308.3000084890155,1465,47.03,184,0,0,0,0,0,0,7215.08,8653.52,11.546693406520319
592,M55833,M,300.4298843346768,310.4590390812846,1699,31.1,232,1,1,0,0,0,0,5533.28,7215.200000000001,10.029154746607787
593,L21979,L,299.5185558620976,308.9563789907846,1262,69.68,119,1,0,0,1,0,0,9208.65,8291.92,9.437823128686944
594,L72604,L,298.7017889022185,309.7855596910414,1444,49.23,147,0,0,0,0,0,0,7444.33,7236.8099999999995,11.083770788822903
595,L94806,L,299.04627169517846,308.5070177026546,1506,37.59,91,0,0,0,0,0,0,5928.24,3420.6900000000005,9.460746007476132
596,M15883,M,296.9491672072247,308.2012757572305,1415,46.22,132,0,0,0,0,0,1,6848.81,6101.04,11.2521085500058
597,L84307,L,302.5375293904574,311.64854604255027,1436,59.72,169,1,0,0,1,0,0,8980.55,10092.68,9.111016652092871
598,L41018,L,302.7975121545304,312.1344269341951,1603,39.75,154,0,0,0,0,0,0,6672.66,6121.5,9.33691477966471
599,L45800,L,298.32899916637854,307.87034643182056,1433,51.95,218,1,0,0,0,1,0,7795.79,11325.1,9.541347265442027
600,L74536,L,299.087004552843,309.22459479147807,1507,40.74,124,0,0,0,0,0,0,6429.29,5051.76,10.137590238635084
601,L32218,L,300.7618492483481,312.1347460634777,1603,38.81,149,0,0,0,0,0,0,6514.87,5782.6900000000005,11.372896815129593
602,L24136,L,302.3306953335173,310.3693580383052,1332,45.39,55,1,0,1,0,0,0,6331.3,2496.45,8.038662704787896
603,H96746,H,299.0529336660329,310.4894597185676,1428,40.12,18,0,0,0,0,0,0,5999.54,722.16,11.436526052534703
604,L41350,L,298.12468949562754,309.42456480232244,1408,52.98,79,0,0,0,0,0,0,7811.66,4185.42,11.2998753066949
605,L25262,L,302.4236061660277,310.441474549431,1324,58.75,57,1,0,1,0,0,0,8145.63,3348.75,8.01786838340331
606,L72091,L,302.8649357932966,312.2923008434974,1395,45.73,68,0,0,0,0,0,0,6680.42,3109.64,9.42736505020082
607,L29504,L,296.39155117788044,307.18085838306,1425,48.95,17,0,0,0,0,0,0,7304.6,832.1500000000001,10.789307205179568
608,M79797,M,297.6537719236724,307.07642018955227,1494,44.88,11,0,0,0,0,0,0,7021.53,493.68,9.422648265879843
609,L16342,L,302.79772832191384,311.09926073595454,1338,44.42,114,1,0,1,0,0,0,6223.91,5063.88,8.301532414040707
610,L56665,L,302.4645641327914,311.5402947296864,1713,26.68,110,0,0,0,0,0,0,4785.99,2934.8,9.075730596895028
611,M46265,M,296.8758830337991,307.69983584801327,1495,33.83,61,0,0,0,0,0,0,5296.29,2063.63,10.82395281421418
612,M96116,M,297.3282331333906,308.59884651124526,1556,42.02,170,0,0,0,0,0,0,6846.9,7143.400000000001,11.270613377854659
613,L56915,L,300.8291518677521,312.127642602492,1594,35.88,66,0,0,0,0,0,0,5989.21,2368.0800000000004,11.298490734739914
614,L93278,L,301.8535586577052,310.7529328784496,1564,38.62,37,0,0,0,0,0,0,6325.25,1428.9399999999998,8.899374220744392
615,M32367,M,297.8032081314831,307.2771827517672,1637,31.39,212,0,0,0,0,0,0,5381.07,6654.68,9.473974620284139
616,L52608,L,300.94608384196874,310.9185224822777,1595,52.5,182,0,0,0,0,0,0,8768.97,9555.0,9.972438640308951
617,L83243,L,302.2856584163779,310.59909192440426,1297,48.43,161,1,0,1,0,0,0,6577.84,7797.23,8.313433508026378
618,H24424,H,297.4289973426012,308.6116453429148,1451,45.09,56,0,0,0,0,0,0,6851.35,2525.04,11.182648000313634
619,H93495,H,302.92632278383286,311.1074523800518,1552,37.39,152,0,0,0,0,0,0,6076.81,5683.28,8.181129596218966
620,L79563,L,299.0741414618825,310.39888513442787,1502,44.89,101,0,0,0,0,0,0,7060.71,4533.89,11.324743672545367
621,L70918,L,297.94712170941165,308.6178532770984,1609,34.25,193,0,0,0,0,0,0,5770.92,6610.25,10.670731567686744
622,M31882,M,299.9038529208765,309.1180289838098,1352,49.42,185,0,0,0,0,0,0,6996.94,9142.7,9.21417606293329
623,L83622,L,303.4322696137214,312.0844829062277,1299,64.4,59,1,0,1,0,0,0,8760.39,3799.6000000000004,8.652213292506303
624,M85853,M,301.2256400879046,310.8253752182837,1433,45.54,61,0,0,0,0,0,0,6833.89,2777.94,9.599735130379088
625,L36334,L,295.656536355208,305.9337570325186,1452,50.85,5,0,0,0,0,0,0,7731.9,254.25,10.277220677310595
626,L62842,L,301.63598571834024,311.1813840242583,1528,36.66,132,0,0,0,0,0,0,5866.03,4839.12,9.54539830591807
627,M15457,M,297.150603401334,308.26236882930505,1330,61.48,206,1,0,0,0,1,0,8562.77,12664.88,11.111765427971022
628,M45467,M,298.5635171167764,308.37594433835505,1513,39.91,209,0,0,0,0,0,0,6323.38,8341.189999999999,9.812427221578673
629,L23560,L,303.1751296736985,311.7019848184876,1829,24.31,67,0,0,0,0,0,0,4656.15,1628.77,8.526855144789067
630,L60073,L,303.3104663602885,312.4949079427905,1412,48.77,165,0,0,0,0,0,0,7211.34,8047.05,9.184441582502018
631,L59394,L,297.0933124394014,307.7108188193201,1518,39.82,124,0,0,0,0,0,0,6329.97,4937.68,10.617506379918666
632,M57952,M,296.0059193543128,306.281651186738,1359,39.97,84,0,0,0,0,0,0,5688.3,3357.48,10.275731832425151
633,L70943,L,299.9513676881461,311.393317793682,1468,36.84,182,0,0,0,0,0,0,5663.36,6704.880000000001,11.44195010553591
634,M93225,M,301.7675794351256,309.7006387432542,1365,62.23,144,1,0,0,1,0,0,8895.31,8961.119999999999,7.933059308128634
635,M27705,M,298.7627419228565,308.7368251374724,1492,41.13,12,0,0,0,0,0,0,6426.23,493.56000000000006,9.974083214615916
636,H29292,H,297.46565324601914,308.5448910033973,1468,39.64,34,0,0,0,0,0,0,6093.8,1347.76,11.079237757378166
637,M29387,M,301.8772091390773,310.8604948721969,1362,47.59,20,1,0,0,0,0,0,6787.68,951.8000000000001,8.983285733119601
638,L93533,L,302.1663934349694,311.3743256227367,1551,37.27,16,0,0,0,0,0,0,6053.41,596.32,9.207932187767312
639,L18339,L,301.3695473370972,310.6797150762467,1379,53.86,95,0,0,0,0,0,0,7777.84,5116.7,9.310167739149506
640,H12820,H,297.5629408850343,308.7297773861288,1419,49.65,1,0,0,0,0,0,0,7377.86,49.65,11.166836501094451
641,L24439,L,302.22067132562165,310.27063681820846,1660,28.19,166,0,0,0,0,0,0,4900.4,4679.54,8.049965492586807
642,L79227,L,301.7839036078034,310.7894512215157,1374,50.62,136,0,0,0,0,0,0,7283.46,6884.32,9.005547613712338
643,L62165,L,299.94632219783347,309.0836721706714,1427,45.9,172,0,0,0,0,0,0,6859.07,7894.8,9.13734997283791
644,M92769,M,301.02063523989244,310.2851795944544,1517,45.73,141,0,0,0,0,0,0,7264.66,6447.929999999999,9.264544354561963
645,L28385,L,301.65952098055175,310.3736470435237,1330,60.99,48,1,0,1,0,0,0,8494.52,2927.52,8.714126062971957
646,L45464,L,298.4829596142711,309.4812294225028,1370,46.31,202,1,1,0,0,0,0,6643.91,9354.62,10.998269808231669
647,L59984,L,301.37383081203626,310.9968424912678,1380,47.62,33,0,0,0,0,0,0,6881.72,1571.4599999999998,9.623011679231524
648,L16575,L,298.3923194073392,309.83836364871416,1579,37.43,48,0,0,0,0,0,0,6189.14,1796.6399999999999,11.446044241374977
649,H92667,H,297.3197268843573,308.1349446241358,1557,42.06,157,0,0,0,0,0,0,6857.83,6603.42,10.815217739778518
650,L82419,L,301.1531443260645,310.9871212067622,1547,40.62,81,0,0,0,0,0,0,6580.5,3290.22,9.833976880697719
651,M22938,M,302.4217390015547,309.9731135906404,1555,34.89,17,0,0,0,0,0,0,5681.46,593.13,7.551374589085697
652,L85856,L,299.8790992719434,309.97226226001203,1306,69.43,65,1,0,0,1,0,0,9495.52,4512.950000000001,10.093162988068627
653,L50390,L,304.1001465133343,313.35439081575447,1353,47.91,77,0,0,0,0,0,0,6788.17,3689.0699999999997,9.254244302420148
654,M40262,M,301.4675511162662,310.50078290735286,1301,65.42,73,1,0,0,1,0,0,8912.85,4775.66,9.033231791086678
655,M95152,M,302.87047110001635,310.99751523630727,1510,33.55,80,0,0,0,0,0,0,5305.16,2684.0,8.12704413629092
656,L56672,L,300.9383280316549,311.4296898147458,1503,41.58,129,0,0,0,0,0,0,6544.43,5363.82,10.491361783090895
657,L30447,L,297.2957143302562,308.2321795337146,1455,46.36,23,0,0,0,0,0,0,7063.75,1066.28,10.936465203458397
658,M82851,M,297.4212875337564,308.6859356551377,1326,62.32,201,1,1,0,0,1,0,8653.66,12526.32,11.264648121381299
659,L74415,L,300.54550226041977,311.778407189454,1394,48.28,59,0,0,0,0,0,0,7047.88,2848.52,11.232904929034248
660,M27283,M,298.2611449954856,307.8539778391868,1313,54.77,115,0,0,0,0,0,0,7530.71,6298.55,9.592832843701217
661,L70962,L,303.39696448209963,312.5790029336471,1389,44.79,117,0,0,0,0,0,0,6514.96,5240.43,9.182038451547442
662,L66607,L,300.8978924608227,310.31598991644245,1439,42.56,181,0,0,0,0,0,0,6413.44,7703.360000000001,9.418097455619773
663,M34781,M,302.7917092286249,312.35831405996817,1431,45.05,206,0,0,0,0,0,0,6750.92,9280.3,9.566604831343284
664,L48756,L,296.85891908736033,307.42854214789287,1422,44.97,120,0,0,0,0,0,0,6696.55,5396.4,10.569623060532535
665,L85536,L,301.4902094676378,310.44929268206414,1425,48.45,161,0,0,0,0,0,0,7229.98,7800.450000000001,8.959083214426357
666,L25697,L,298.79532173407813,308.6142555847884,1664,30.71,93,0,0,0,0,0,0,5351.33,2856.03,9.818933850710266
667,L75009,L,301.40612099928154,310.7520541270094,1378,57.65,195,1,0,0,0,1,0,8319.12,11241.75,9.345933127727847
668,M84828,M,301.45784802026304,310.9674348208482,1248,56.08,153,0,0,0,0,0,0,7329.11,8580.24,9.509586800585168
669,L94306,L,297.13727375645965,308.3976117994912,1495,51.16,101,0,0,0,0,0,0,8009.41,5167.16,11.260338043031538
670,L39220,L,298.59223067898154,310.1213107845081,2723,8.48,142,1,0,0,1,0,0,2418.09,1204.16,11.529080105526589
671,H33994,H,297.194181284393,308.282927507904,1744,30.24,130,0,0,0,0,0,0,5522.77,3931.2,11.08874622351101
672,L94097,L,302.7326843706329,310.6723173749762,1717,29.18,209,0,0,0,0,0,0,5246.68,6098.62,7.939633004343307
673,L51648,L,299.51433502111564,310.1442743529365,1343,50.79,43,0,0,0,0,0,0,7143.04,2183.97,10.629939331820879
674,M61203,M,297.341980374673,309.4582237877773,1834,26.02,107,0,0,0,0,0,0,4997.3,2784.14,12.116243413104257
675,L56171,L,300.3002969475577,309.77124594134784,1832,23.7,6,0,0,0,0,0,0,4546.76,142.2,9.47094899379016
676,L56305,L,301.44192207470724,310.84385848140465,1634,34.38,187,0,0,0,0,0,0,5882.83,6429.06,9.401936406697416
677,M66208,M,304.0859122739221,312.7878935437444,1413,47.05,156,0,0,0,0,0,0,6961.94,7339.799999999999,8.70198126982234
678,L48097,L,297.350422631847,308.26103914516216,1410,52.56,211,1,0,0,0,1,0,7760.74,11090.16,10.910616513315176
679,L45284,L,299.64652437695145,308.78719025534286,1355,60.59,146,0,0,0,0,0,0,8597.43,8846.140000000001,9.140665878391417
680,L46059,L,297.679968648387,308.55447947577363,1353,57.32,203,1,0,0,0,1,0,8121.43,11635.960000000001,10.874510827386644
681,L69067,L,298.1980131040641,307.7479436491971,1979,20.5,202,0,0,0,0,0,0,4248.43,4141.0,9.549930545133009
682,L83616,L,301.2750102241497,310.3734084596002,1383,49.27,116,0,0,0,0,0,0,7135.65,5715.320000000001,9.098398235450532
683,H59961,H,300.5502070010278,309.4194761767342,1385,50.72,57,0,0,0,0,0,0,7356.27,2891.04,8.869269175706393
684,L70974,L,303.0374412497636,311.11718613506173,1615,32.16,21,0,0,0,0,0,0,5438.98,675.3599999999999,8.079744885298112
685,L47174,L,300.1477511032467,309.2217353008573,1515,36.91,199,0,0,0,0,0,0,5855.79,7345.089999999999,9.07398419761057
686,L79631,L,300.6425076194906,309.3169402822599,1567,37.7,102,0,0,0,0,0,0,6186.41,3845.4,8.674432662769334
687,M45440,M,302.49489620654145,310.2892227935104,1349,45.99,141,1,0,1,0,0,0,6496.87,6484.59,7.794326586968964
688,M47897,M,298.27980493283565,308.9712274784528,1634,37.82,81,0,0,0,0,0,0,6471.46,3063.42,10.691422545617172
689,H14972,H,300.2449391408221,311.65442107151745,1460,41.52,28,0,0,0,0,0,0,6348.03,1162.5600000000002,11.409481930695335
690,M33529,M,298.4490271526648,308.07082845131043,1370,51.14,23,0,0,0,0,0,0,7336.85,1176.22,9.621801298645607
691,L76458,L,300.1376892668644,309.5464603844904,1621,35.71,158,0,0,0,0,0,0,6061.8,5642.18,9.408771117625975
692,L17817,L,300.67050861999843,310.7761561305806,1361,65.45,65,1,0,0,1,0,0,9328.17,4254.25,10.105647510582173
693,H30157,H,300.2142464383768,309.0924016168347,1565,34.97,14,0,0,0,0,0,0,5731.11,489.58,8.878155178457916
694,L79898,L,297.22978672512573,308.85611398572246,1456,44.22,184,0,0,0,0,0,0,6742.31,8136.48,11.626327260596724
695,L88583,L,297.40079539437,308.46789636580354,1583,32.73,34,0,0,0,0,0,0,5425.7,1112.82,11.067100971433547
696,L47374,L,300.4061100399246,311.514521799491,1438,47.12,52,0,0,0,0,0,0,7095.66,2450.24,11.108411759566366
697,L46620,L,299.72155727851367,311.25943275352824,1642,31.6,64,0,0,0,0,0,0,5433.61,2022.4,11.537875475014573
698,L55829,L,301.3843633866757,311.11747563772127,1600,34.14,99,0,0,0,0,0,0,5720.21,3379.86,9.733112251045554
699,M79312,M,297.4901812660985,309.0471875732382,1446,45.49,181,0,0,0,0,0,0,6888.31,8233.69,11.557006307139716
700,L52240,L,299.77586744145776,309.0965621173624,1572,35.73,155,0,0,0,0,0,0,5881.85,5538.15,9.320694675904633
701,M25608,M,301.73355590699924,310.7028652424268,1323,65.53,72,1,0,0,1,0,0,9078.8,4718.16,8.969309335427567
702,L48801,L,300.1705927218571,310.1665546894769,1505,39.31,46,0,0,0,0,0,0,6195.38,1808.2600000000002,9.995961967619849
703,M32917,M,303.2763023535674,311.70024523926827,1413,49.54,163,0,0,0,0,0,0,7330.38,8075.0199999999995,8.423942885700853
704,M71550,M,298.7931654550544,310.2423371002543,1248,75.07,196,1,0,0,1,1,0,9810.92,14713.72,11.449171645199897
705,H22843,H,302.725900834573,311.5253037522506,1642,34.04,227,1,1,0,0,0,0,5853.17,7727.08,8.799402917677583
706,L64785,L,298.0828849420662,307.8788544329245,1561,36.0,185,0,0,0,0,0,0,5884.83,6660.0,9.79596949085834
707,M21687,M,298.0907310139294,309.44803718899715,1416,46.33,76,0,0,0,0,0,0,6869.96,3521.08,11.35730617506772
708,H97483,H,299.1670258751129,309.75661779558794,1415,41.08,150,0,0,0,0,0,0,6087.17,6162.0,10.589591920475016
709,M67604,M,303.3734156661123,312.83627098621827,1503,38.98,102,0,0,0,0,0,0,6135.21,3975.9599999999996,9.462855320105973
710,L22501,L,297.8776981628852,309.1863975202592,1382,47.82,14,0,0,0,0,0,0,6920.64,669.48,11.308699357373996
711,L96299,L,297.59836238498457,308.5939246264332,1536,40.42,120,0,0,0,0,0,0,6501.54,4850.400000000001,10.995562241448624
712,L61616,L,302.38419963777073,310.18478390154775,1477,45.86,183,0,0,0,0,0,0,7093.22,8392.38,7.8005842637770115
713,H64596,H,297.7757906263151,307.3910277294122,1624,36.16,227,1,1,0,0,0,0,6149.55,8208.32,9.615237103097115
714,M15691,M,298.8985498419054,310.56317517720186,1622,33.33,218,0,0,0,0,0,0,5661.28,7265.94,11.664625335296478
715,L26897,L,302.3747171982764,312.083031679501,1444,40.05,27,0,0,0,0,0,0,6056.17,1081.35,9.70831448122459
716,L82711,L,302.5540930891075,310.70810665808966,1462,43.3,15,0,0,0,0,0,0,6629.24,649.5,8.15401356898218
717,M52083,M,301.51238264625573,309.8137920693897,1300,68.05,110,1,0,1,1,0,0,9264.03,7485.5,8.301409423133975
718,H65467,H,299.28228988423297,310.81943032407423,1755,30.49,183,0,0,0,0,0,0,5603.55,5579.67,11.537140439841266
719,M98842,M,302.45788571413385,312.12472428539024,1596,28.73,195,0,0,0,0,0,0,4801.72,5602.35,9.666838571256392
720,L48553,L,298.17732636620235,307.8696758536359,2886,3.8,57,1,0,0,1,0,0,1148.44,216.6,9.692349487433546
721,M44280,M,298.7884585275692,309.7210840547398,1431,38.63,154,0,0,0,0,0,0,5788.86,5949.02,10.932625527170558
722,L82200,L,299.6353622628819,309.35479156383417,1377,47.69,25,0,0,0,0,0,0,6876.86,1192.25,9.719429300952243
723,L15941,L,296.42631145855535,307.5918466203676,1604,31.1,129,0,0,0,0,0,0,5223.88,4011.9,11.165535161812272
724,L50949,L,299.3204033572116,309.1215576016936,1330,41.61,216,0,0,0,0,0,0,5795.33,8987.76,9.801154244482007
725,M86930,M,300.0892536269725,309.32975457976323,1437,48.96,193,0,0,0,0,0,0,7367.61,9449.28,9.24050095279074
726,M30500,M,301.67534146400646,310.6555147538632,1379,46.29,116,0,0,0,0,0,0,6684.67,5369.64,8.980173289856737
727,L37360,L,298.4339104379503,308.89142309961426,2298,15.49,92,0,0,0,0,0,0,3727.61,1425.08,10.457512661663941
728,L52524,L,296.6920780688554,307.579653914116,1440,40.13,95,0,0,0,0,0,0,6051.46,3812.3500000000004,10.887575845260642
729,L16686,L,298.56318068970484,310.02095067373125,1360,53.94,213,1,0,0,0,1,0,7682.07,11489.22,11.457769984026413
730,L16374,L,298.16565569496754,308.9482683566588,1415,46.8,31,0,0,0,0,0,0,6934.75,1450.8,10.782612661691246
731,L32629,L,296.5537376460067,307.35964679970255,1563,35.42,207,0,0,0,0,0,0,5797.44,7331.9400000000005,10.805909153695836
732,L90806,L,297.1069929197123,308.24376785158034,1538,39.56,205,0,0,0,0,0,0,6371.49,8109.8,11.136774931868047
733,M29963,M,298.96584865826367,310.1072901943954,1541,36.98,71,0,0,0,0,0,0,5967.58,2625.58,11.141441536131708
734,M75785,M,300.6774794810886,310.84451923533743,1446,38.42,106,0,0,0,0,0,0,5817.74,4072.52,10.167039754248833
735,H48346,H,302.73337724717453,310.39692331275825,1298,55.41,19,1,0,1,0,0,0,7531.67,1052.79,7.663546065583716
736,L78427,L,297.5189742901886,308.75166604706726,1530,38.04,155,0,0,0,0,0,0,6094.82,5896.2,11.232691756878637
737,M39717,M,300.1933320866902,309.18666925459166,1429,50.92,198,0,0,0,0,0,0,7619.9,10082.16,8.993337167901473
738,H88703,H,298.4968409938333,309.3717819224062,1528,35.65,54,0,0,0,0,0,0,5704.42,1925.1,10.874940928572926
739,M43375,M,300.10561536067297,310.4949892326884,1457,39.29,3,0,0,0,0,0,0,5994.74,117.87,10.389373872015426
740,L81240,L,295.3303277733591,306.3670485105169,1611,30.85,132,0,0,0,0,0,0,5204.5,4072.2000000000003,11.036720737157793
741,M84826,M,302.0202094477182,310.7976474618649,1564,32.02,189,0,0,0,0,0,0,5244.29,6051.780000000001,8.777438014146753
742,M48866,M,300.44252701119143,309.9777088923674,1445,47.02,28,0,0,0,0,0,0,7115.07,1316.5600000000002,9.535181881175959
743,M70023,M,298.4775252376584,309.20021726728004,1508,40.53,174,0,0,0,0,0,0,6400.39,7052.22,10.722692029621612
744,M20677,M,299.27681975121453,309.08683588333844,1674,29.72,129,0,0,0,0,0,0,5209.94,3833.8799999999997,9.810016132123906
745,M54678,M,297.41188417852084,308.5223413101197,1672,29.68,57,0,0,0,0,0,0,5196.71,1691.76,11.110457131598878
746,H43602,H,297.7117005871621,309.73921114159725,1424,48.32,211,0,0,0,0,0,0,7205.52,10195.52,12.027510554435139
747,L95895,L,303.71571134269215,312.9255262701258,1621,38.29,95,0,0,0,0,0,0,6499.76,3637.5499999999997,9.209814927433627
748,L94066,L,298.8619557086522,310.0436161700937,1459,47.63,188,0,0,0,0,0,0,7277.2,8954.44,11.181660461441481
749,H80500,H,300.6553939964097,310.17998691191974,1460,52.29,9,0,0,0,0,0,0,7994.66,470.61,9.524592915510027
750,M95417,M,298.7928243254098,308.289971866439,1991,19.87,19,0,0,0,0,0,0,4142.84,377.53000000000003,9.497147541029165
751,M97831,M,299.70137415500045,311.0469795244818,1464,50.04,76,0,0,0,0,0,0,7671.62,3803.04,11.345605369481348
752,H79107,H,297.36408823553376,308.9527635034444,1473,41.35,156,0,0,0,0,0,0,6378.33,6450.6,11.588675267910617
753,M63443,M,297.97819185131254,307.5057113815858,1433,47.42,107,0,0,0,0,0,0,7116.01,5073.9400000000005,9.527519530273253
754,L28398,L,298.7458506781036,308.21366502329704,1275,66.51,41,1,0,0,1,0,0,8880.26,2726.9100000000003,9.46781434519346
755,L83385,L,302.5142202082487,311.5294811567083,1365,66.68,207,1,0,0,1,1,0,9531.4,13802.760000000002,9.015260948459627
756,L27500,L,299.1363258420267,309.95628940531594,1459,40.47,82,0,0,0,0,0,0,6183.25,3318.54,10.819963563289264
757,M26668,M,300.6894979522629,310.7766511258011,1927,22.24,36,0,0,0,0,0,0,4487.92,800.64,10.087153173538184
758,L89178,L,300.80260231891566,310.43978500341603,1431,61.38,211,1,0,0,1,1,0,9198.04,12951.18,9.637182684500374
759,L20299,L,298.87675516913976,310.29001779158784,1486,41.61,50,0,0,0,0,0,0,6475.08,2080.5,11.413262622448087
760,M22772,M,298.7531054749045,309.9046370599663,1465,41.04,58,0,0,0,0,0,0,6296.13,2380.32,11.151531585061832
761,M55987,M,297.0499598320452,307.61666417096893,2011,17.81,6,0,0,0,0,0,0,3750.63,106.85999999999999,10.566704338923728
762,H62571,H,297.57624453714334,308.40596487198025,1406,58.76,138,0,0,0,0,0,0,8651.59,8108.88,10.829720334836907
763,L14102,L,298.9888017083565,308.83597765691803,1455,47.39,11,0,0,0,0,0,0,7220.68,521.29,9.847175948561528
764,M44042,M,299.3764287540047,309.40669527810326,1552,38.38,203,0,0,0,0,0,0,6237.71,7791.14,10.030266524098579
765,M30272,M,297.34089496896024,308.1349595315769,1868,24.38,44,0,0,0,0,0,0,4769.13,1072.72,10.794064562616654
766,H37180,H,300.18596666443426,311.41671480113706,1669,28.78,138,0,0,0,0,0,0,5030.09,3971.6400000000003,11.2307481367028
767,L26277,L,299.41003452928925,310.58143795896905,1358,54.56,216,1,0,0,0,1,0,7758.95,11784.960000000001,11.171403429679799
768,L70963,L,302.5332569649381,312.1103177065461,1373,47.98,67,0,0,0,0,0,0,6898.58,3214.66,9.577060741607966
769,L52568,L,302.4464190850832,312.29908563697103,1493,43.62,207,0,0,0,0,0,0,6819.84,9029.34,9.852666551887808
770,L96360,L,302.5018179943161,311.59238751775297,1559,37.31,57,0,0,0,0,0,0,6091.16,2126.67,9.09056952343684
771,L10747,L,299.6074794409063,308.71612704641353,1496,40.68,180,0,0,0,0,0,0,6372.96,7322.4,9.108647605507258
772,L79986,L,299.2631064720355,309.8692050033852,1350,56.12,219,1,0,0,0,1,0,7933.78,12290.279999999999,10.606098531349744
773,L91874,L,300.9306256100227,310.9706805373785,1493,38.01,111,0,0,0,0,0,0,5942.73,4219.11,10.040054927355811
774,L53754,L,301.3620750145143,310.6803483075053,1963,21.21,41,0,0,0,0,0,0,4360.03,869.61,9.318273292991023
775,L72941,L,302.9014463816722,312.3486922762489,2026,18.69,189,0,0,0,0,0,0,3965.31,3532.4100000000003,9.447245894576724
776,M49663,M,300.5243356732277,309.7161688905298,2192,16.68,56,0,0,0,0,0,0,3828.82,934.0799999999999,9.191833217302076
777,L63552,L,303.3687834355446,312.266709443756,1496,36.83,28,0,0,0,0,0,0,5769.82,1031.24,8.897926008211414
778,M91688,M,297.74763895653984,308.74434394703786,1364,45.57,188,0,0,0,0,0,0,6509.12,8567.16,10.996704990498017
779,L57719,L,297.10724631141096,308.1558596129,1753,29.87,207,0,0,0,0,0,0,5483.35,6183.09,11.048613301489013
780,L62029,L,301.34368174597984,310.6786957298573,1368,49.54,193,0,0,0,0,0,0,7096.93,9561.22,9.335013983877445
781,L98801,L,299.393856346582,309.1805408062307,1398,47.7,86,0,0,0,0,0,0,6983.19,4102.2,9.786684459648654
782,M54697,M,297.4904324523372,309.12067170850315,1369,55.79,189,0,0,0,0,0,0,7998.13,10544.31,11.630239256165964
783,M25586,M,297.0157073399974,307.9601302519147,1668,31.4,76,0,0,0,0,0,0,5484.72,2386.4,10.944422911917286
784,L71454,L,299.70730559942166,311.1279173155692,1558,33.74,134,0,0,0,0,0,0,5504.79,4521.16,11.420611716147562
785,M72358,M,298.90137345269096,308.2461722253046,1373,63.47,29,1,0,0,1,0,0,9125.73,1840.6299999999999,9.344798772613615
786,L31343,L,303.9298544771761,313.2113363990184,1471,37.01,8,0,0,0,0,0,0,5701.12,296.08,9.281481921842328
787,M75584,M,299.4053054853725,308.6012962501828,1517,38.48,112,0,0,0,0,0,0,6112.93,4309.759999999999,9.195990764810347
788,L15736,L,303.37565032182454,311.79322706837354,1366,50.67,203,1,0,1,0,0,0,7248.2,10286.01,8.417576746549003
789,L38799,L,297.8701087363134,307.5307961813287,1719,32.29,119,0,0,0,0,0,0,5812.63,3842.5099999999998,9.660687445015299
790,L86959,L,298.6818737746872,310.04606198842765,1630,34.58,111,0,0,0,0,0,0,5902.57,3838.3799999999997,11.364188213740476
791,M65575,M,297.51046820920175,307.2775508448381,1440,45.16,11,0,0,0,0,0,0,6809.97,496.76,9.76708263563637
792,L64652,L,299.7499621353292,309.48697560407777,1511,35.37,174,0,0,0,0,0,0,5596.65,6154.379999999999,9.737013468748557
793,L65885,L,300.4613466177457,309.60570444767404,1547,42.62,129,0,0,0,0,0,0,6904.5,5497.98,9.144357829928367
794,L24838,L,300.546951759192,311.7380442883766,1366,57.65,192,1,0,0,0,1,0,8246.67,11068.8,11.19109252918463
795,M96517,M,302.28559509863584,312.1320444816837,1612,29.42,192,0,0,0,0,0,0,4966.34,5648.64,9.846449383047855
796,L36824,L,302.5852778435006,311.08107279597976,1268,68.67,117,1,0,1,1,0,0,9118.32,8034.39,8.495794952479173
797,L80778,L,300.719484166308,309.46723950138784,1474,43.98,78,0,0,0,0,0,0,6788.62,3430.4399999999996,8.74775533507983
798,M99093,M,302.32710684866754,310.46909745613084,1522,40.53,113,0,0,0,0,0,0,6459.81,4579.89,8.141990607463299
799,M31682,M,300.9231004211462,311.2688034964208,1626,31.35,179,0,0,0,0,0,0,5338.1,5611.650000000001,10.345703075274571
800,L67097,L,298.70466958482814,309.72277266500595,1346,53.83,211,1,0,0,0,1,0,7587.49,11358.13,11.01810308017781
801,L13809,L,298.9985945606437,308.6688463162385,1498,38.73,183,0,0,0,0,0,0,6075.58,7087.589999999999,9.67025175559479
802,L67249,L,297.069956140717,308.016376538487,1999,20.67,188,0,0,0,0,0,0,4326.95,3885.9600000000005,10.946420397769998
803,L49691,L,298.24135258857,308.2049133214703,1462,49.86,69,0,0,0,0,0,0,7633.58,3440.34,9.963560732900305
804,L16494,L,300.8455136041238,311.2821708184859,1340,67.41,17,1,0,0,1,0,0,9459.27,1145.97,10.436657214362071
805,L70480,L,303.95447973339265,312.997336825651,1861,26.03,213,0,0,0,0,0,0,5072.82,5544.39,9.042857092258373
806,L97208,L,303.4319975580411,311.81304425833764,1818,24.34,70,0,0,0,0,0,0,4633.86,1703.8,8.381046700296565
807,L17477,L,302.48413256121626,310.6071358849603,1523,42.38,151,0,0,0,0,0,0,6759.11,6399.38,8.123003323744058
808,L90349,L,300.8506952945367,311.1701321802637,1470,37.23,192,0,0,0,0,0,0,5731.11,7148.16,10.319436885726986
809,L85917,L,300.1617072083587,309.8333999527485,1547,34.07,20,0,0,0,0,0,0,5519.39,681.4,9.671692744389816
810,M59299,M,301.8260677433773,309.7348748002112,1333,60.86,183,1,0,1,0,0,0,8495.53,11137.38,7.9088070568338935
811,L91123,L,300.7757500105533,309.8238802807769,1313,65.42,191,1,0,0,0,1,0,8995.06,12495.220000000001,9.048130270223623
812,L37844,L,299.7306527070307,309.1562685898323,1393,42.44,214,0,0,0,0,0,0,6190.92,9082.16,9.425615882801594
813,L74806,L,299.0303461777964,310.3495389987875,1365,49.12,227,1,0,0,0,1,0,7021.33,11150.24,11.319192820991134
814,H72824,H,298.13952507103073,308.33594448724085,1384,41.82,99,0,0,0,0,0,0,6061.06,4140.18,10.19641941621012
815,L62242,L,302.524632069953,312.3008648472452,1663,30.39,40,0,0,0,0,0,0,5292.39,1215.6,9.776232777292194
816,H85002,H,302.7373743401164,310.73576933200434,1233,55.02,24,1,0,1,0,0,0,7104.15,1320.48,7.998394991887949
817,L88864,L,302.7517608903845,310.4245051138176,1504,40.91,205,0,0,0,0,0,0,6443.26,8386.55,7.672744223433085
818,L80750,L,303.5292925266774,311.8935843535027,1924,21.88,192,0,0,0,0,0,0,4408.4,4200.96,8.364291826825308
819,L62953,L,298.73278448274226,308.59034466005784,1554,35.25,159,0,0,0,0,0,0,5736.39,5604.75,9.857560177315577
820,H97933,H,299.063268519869,308.90118091720274,1415,38.88,185,0,0,0,0,0,0,5761.18,7192.8,9.837912397333753
821,H59999,H,301.44225106513613,310.5151118604483,1386,46.65,131,0,0,0,0,0,0,6770.85,6111.15,9.072860795312181
822,M67316,M,298.67253323279,308.13587017831014,1489,38.85,128,0,0,0,0,0,0,6057.79,4972.8,9.463336945520155
823,L26992,L,301.1605504584719,310.48111746269683,1485,45.52,91,0,0,0,0,0,0,7078.76,4142.320000000001,9.320567004224927
824,H38909,H,298.5460014661235,308.4762557517873,1438,49.77,150,0,0,0,0,0,0,7494.72,7465.500000000001,9.93025428566375
825,L91421,L,303.2765785816109,312.4011007897818,1354,44.6,78,0,0,0,0,0,0,6323.86,3478.8,9.124522208170902
826,L54812,L,303.8034931935892,312.5860480025628,1565,41.71,132,0,0,0,0,0,0,6835.7,5505.72,8.7825548089736
827,L56010,L,300.103710073364,311.62105807902816,1430,41.51,139,0,0,0,0,0,0,6216.09,5769.889999999999,11.517348005664132
828,L83467,L,297.285886697349,308.33093952444153,1464,48.9,1,0,0,0,0,0,0,7496.85,48.9,11.045052827092547
829,L39346,L,302.44570277947145,311.6002772328004,1304,51.56,57,0,0,0,0,0,0,7040.75,2938.92,9.154574453328962
830,L33880,L,299.17925986802766,309.59927124068736,1428,46.22,8,0,0,0,0,0,0,6911.73,369.76,10.420011372659701
831,M10798,M,296.7475120649317,307.3901729134616,1491,42.02,52,0,0,0,0,0,0,6560.88,2185.04,10.642660848529886
832,L30826,L,296.9873725842164,307.9176807953193,1445,39.47,122,0,0,0,0,0,0,5972.6,4815.34,10.930308211102897
833,L56086,L,300.364666308213,309.41645975770365,1508,37.32,219,0,0,0,0,0,0,5893.48,8173.08,9.051793449490674
834,L75234,L,301.7544232185852,310.480517172779,1437,48.0,113,0,0,0,0,0,0,7223.15,5424.0,8.7260939541938
835,L39621,L,299.0096529699326,309.8591921352607,1369,55.54,215,1,0,0,0,1,0,7962.29,11941.1,10.84953916532811
836,M49998,M,302.0926784744707,311.18709595068805,1548,34.91,103,0,0,0,0,0,0,5659.13,3595.7299999999996,9.094417476217359
837,L29948,L,300.9608485593972,311.1665196005559,1200,64.52,177,1,0,0,0,1,0,8107.82,11420.039999999999,10.205671041158666
838,L83490,L,300.5712982340421,311.8276806762857,1387,47.72,57,0,0,0,0,0,0,6931.15,2720.04,11.256382442243591
839,L57236,L,301.6204864010585,310.0435607382444,1281,64.38,17,1,0,1,0,0,0,8636.32,1094.46,8.423074337185938
840,L22931,L,303.4596872929952,311.9090479451775,1351,49.26,94,1,0,1,0,0,0,6969.13,4630.44,8.449360652182293
841,L64860,L,297.5286072256877,308.27985511166884,1593,36.12,55,0,0,0,0,0,0,6025.49,1986.6,10.751247885981115
842,M40212,M,302.3042691772381,311.83152770796687,1465,40.22,6,0,0,0,0,0,0,6170.33,241.32,9.527258530728773
843,L87861,L,302.5104429232041,311.8696475157831,1405,50.56,182,0,0,0,0,0,0,7438.96,9201.92,9.359204592578976
844,L34128,L,298.38880416204154,309.1878176073185,1446,42.48,141,0,0,0,0,0,0,6432.52,5989.679999999999,10.799013445276955
845,M87824,M,298.0157269391256,307.52024959932896,1471,46.59,119,0,0,0,0,0,0,7176.85,5544.21,9.50452266020335
846,L72807,L,301.9438569367171,310.4745684662322,1347,68.82,87,1,0,0,1,0,0,9707.58,5987.339999999999,8.530711529515088
847,L22182,L,299.28146244152407,310.1318733428097,1427,46.4,202,0,0,0,0,0,0,6933.79,9372.8,10.850410901285613
848,L78338,L,300.4021542689814,310.5255014337184,1817,23.47,83,0,0,0,0,0,0,4465.77,1948.01,10.12334716473697
849,L74852,L,302.8151282564058,312.4943439122383,1370,50.33,161,0,0,0,0,0,0,7220.65,8103.13,9.679215655832536
850,L51039,L,297.8162797444331,309.1171180860353,1874,24.85,31,0,0,0,0,0,0,4876.68,770.35,11.30083834160223
851,L24463,L,299.4565800955499,309.3813843652561,1384,59.23,197,1,0,0,0,1,0,8584.33,11668.31,9.924804269706215
852,L53022,L,300.5412299780519,310.8717102822589,1434,49.16,79,1,0,0,0,0,0,7382.27,3883.64,10.330480304207015
853,L64774,L,297.50903216318704,308.46421632725185,1509,45.49,0,0,0,0,0,0,0,7188.43,0.0,10.955184164064804
854,M21882,M,300.60373027053254,311.62920786996807,1441,31.05,68,0,0,0,0,0,0,4685.48,2111.4,11.025477599435533
855,L40696,L,297.5334291097414,309.20137298741486,1400,43.35,199,0,0,0,0,0,0,6355.44,8626.65,11.667943877673451
856,L73163,L,298.10167822662385,308.08904519793225,1600,35.6,52,0,0,0,0,0,0,5964.84,1851.2,9.987366971308404
857,H59758,H,296.9403899751926,307.7926779178766,1523,35.45,204,1,1,0,0,0,0,5653.86,7231.8,10.852287942683972
858,H99307,H,302.3509959076923,311.8151398235717,1792,25.58,45,0,0,0,0,0,0,4800.29,1151.1,9.46414391587939
859,L29506,L,300.76756396807536,311.4592473969272,1549,32.58,194,0,0,0,0,0,0,5284.83,6320.5199999999995,10.691683428851832
860,M80012,M,297.07998872023313,307.7932251608443,1410,46.37,163,0,0,0,0,0,0,6846.76,7558.3099999999995,10.713236440611183
861,L48289,L,300.6821576696204,310.42376326836217,1548,37.9,230,1,1,0,0,0,0,6143.82,8717.0,9.741605598741785
862,L30079,L,297.6269241037329,307.37594419882686,1338,60.55,187,1,0,0,0,1,0,8483.97,11322.85,9.749020095093954
863,M95604,M,297.2929906507369,308.6059918735324,1478,38.94,26,0,0,0,0,0,0,6026.97,1012.4399999999999,11.313001222795492
864,L66080,L,301.7100777203977,310.56714374747963,1340,61.23,45,1,0,1,0,0,0,8592.07,2755.35,8.857066027081942
865,H58188,H,302.7167792602513,312.3696711700865,1406,46.0,8,0,0,0,0,0,0,6772.85,368.0,9.652891909835205
866,H36545,H,299.29972382292016,308.7491141030022,1714,26.57,95,0,0,0,0,0,0,4769.04,2524.15,9.44939028008207
867,L89329,L,298.1389389800355,308.0612166458736,1426,47.1,68,0,0,0,0,0,0,7033.46,3202.8,9.922277665838124
868,M12715,M,302.3511667501473,310.68351761747607,1366,45.75,146,1,0,1,0,0,0,6544.41,6679.5,8.332350867328785
869,L20361,L,299.629815103808,309.2077507588332,1385,56.9,137,0,0,0,0,0,0,8252.6,7795.3,9.577935655025158
870,L26183,L,299.9944095275593,310.0686690904225,1488,42.18,68,0,0,0,0,0,0,6572.61,2868.24,10.074259562863176
871,L68770,L,299.93346371415765,309.278774309905,1430,39.36,21,0,0,0,0,0,0,5894.13,826.56,9.345310595747321
872,L19233,L,303.4790528460452,312.418698614517,1348,54.51,129,0,0,0,0,0,0,7694.75,7031.79,8.939645768471792
873,L81743,L,298.8869139212948,307.9711661125035,1448,53.43,24,0,0,0,0,0,0,8101.82,1282.32,9.08425219120869
874,L27633,L,302.8075602842002,312.27259449800624,1672,28.35,67,0,0,0,0,0,0,4963.84,1899.45,9.465034213806064
875,L70881,L,299.0729664496026,308.71403762808285,1465,40.08,213,0,0,0,0,0,0,6148.85,8537.039999999999,9.641071178480274
876,L81603,L,300.76496902715235,310.3308606854068,1485,38.07,204,1,1,0,0,0,0,5920.22,7766.28,9.56589165825443
877,M89072,M,300.39852168484845,309.5413364840695,1457,42.49,105,0,0,0,0,0,0,6482.98,4461.45,9.142814799221071
878,H36354,H,303.8734839218656,313.1355367447184,1690,28.93,198,0,0,0,0,0,0,5119.93,5728.14,9.262052822852809
879,L16722,L,298.387589586371,308.20024569968587,1442,62.3,19,1,0,0,1,0,0,9407.67,1183.7,9.812656113314858
880,L78132,L,300.9966421052164,310.54756902026486,1297,50.94,73,0,0,0,0,0,0,6918.75,3718.62,9.550926915048478
881,L50383,L,301.3270671807412,310.8366696230283,1550,37.9,51,0,0,0,0,0,0,6151.76,1932.8999999999999,9.509602442287076
882,L95396,L,299.1137179531818,308.8072558495122,1431,38.52,16,0,0,0,0,0,0,5772.37,616.32,9.69353789633044
883,L26932,L,299.96666741188994,310.19028604792555,1639,31.88,17,0,0,0,0,0,0,5471.75,541.96,10.22361863603561
884,H61684,H,302.25936340885187,311.63689753472335,1535,43.57,84,0,0,0,0,0,0,7003.65,3659.88,9.377534125871477
885,L20722,L,302.0688011370535,311.7997697919989,1626,35.92,159,0,0,0,0,0,0,6116.25,5711.280000000001,9.7309686549454
886,L53686,L,296.33467000006027,307.13641602809804,1648,29.66,192,0,0,0,0,0,0,5118.67,5694.72,10.801746028037769
887,H10092,H,296.0493936854376,306.5613816442303,1598,33.16,55,0,0,0,0,0,0,5549.07,1823.7999999999997,10.511987958792702
888,M77510,M,301.5482392674113,310.81699880368694,1693,31.64,57,0,0,0,0,0,0,5609.47,1803.48,9.268759536275638
889,L64439,L,301.59979601870083,310.85233668280995,1539,36.69,105,0,0,0,0,0,0,5913.1,3852.45,9.25254066410912
890,L18738,L,301.79552085648675,310.4601068958792,1284,60.95,89,1,0,1,0,0,0,8195.35,5424.55,8.664586039392475
891,L54952,L,298.30003559326445,308.00189299220045,1501,49.63,156,0,0,0,0,0,0,7801.06,7742.280000000001,9.701857398936
892,M48538,M,302.9330725335006,311.2505940195892,1361,41.27,101,0,0,0,0,0,0,5881.95,4168.27,8.317521486088594
893,M70627,M,300.3509933647294,311.68871817910974,1491,32.52,198,0,0,0,0,0,0,5077.58,6438.960000000001,11.337724814380351
894,M54893,M,301.9046297347577,310.3204191499236,1358,48.33,74,1,0,1,0,0,0,6872.98,3576.42,8.415789415165932
895,L51307,L,296.8625904403013,307.5205306216811,1420,44.97,120,0,0,0,0,0,0,6687.13,5396.4,10.657940181379786
896,L84793,L,302.12592075326523,309.85475215266604,1830,22.6,181,0,0,0,0,0,0,4331.0,4090.6000000000004,7.7288313994008035
897,H56715,H,297.41887792331823,308.61746096094845,1682,28.03,160,0,0,0,0,0,0,4937.17,4484.8,11.198583037630215
898,L83278,L,300.19652184486296,309.60943412034385,1591,39.18,88,0,0,0,0,0,0,6527.75,3447.84,9.412912275480892
899,L89679,L,299.45746506462245,308.7964639976512,1446,42.14,87,0,0,0,0,0,0,6381.04,3666.18,9.338998933028734
900,L86343,L,298.61572295160886,309.19702572995226,1431,38.69,102,0,0,0,0,0,0,5797.85,3946.3799999999997,10.5813027783434
901,L95998,L,301.0467630046384,309.93274614282467,1443,43.13,25,0,0,0,0,0,0,6517.4,1078.25,8.885983138186248
902,L72807,L,299.31230638204715,310.33121992475856,1530,41.78,14,0,0,0,0,0,0,6694.04,584.9200000000001,11.018913542711402
903,L60557,L,301.28230690120984,310.1225466747063,1438,40.64,4,0,0,0,0,0,0,6119.86,162.56,8.840239773496478
904,M57749,M,301.09059313285786,310.63554836125206,1699,27.46,77,0,0,0,0,0,0,4885.65,2114.42,9.544955228394201
905,L28404,L,300.72533510656467,312.3509321091749,1805,25.31,108,0,0,0,0,0,0,4784.07,2733.48,11.62559700261022
906,L84508,L,298.9472357804629,309.70494160244186,1415,45.97,99,0,0,0,0,0,0,6811.76,4551.03,10.75770582197896
907,L72394,L,299.6729482260926,311.3371107067348,1849,23.34,185,0,0,0,0,0,0,4519.25,4317.9,11.664162480642176
908,L88594,L,297.6467580266036,309.002404474904,1386,64.21,0,1,0,0,1,0,0,9319.54,0.0,11.355646448300377
909,L73133,L,299.20839034971937,308.9561059448626,1336,60.72,190,1,0,0,0,1,0,8495.07,11536.8,9.747715595143234
910,L53243,L,298.3708505759617,309.6652652404935,1722,27.21,96,0,0,0,0,0,0,4906.71,2612.16,11.294414664531814
911,L36571,L,297.40978929826235,308.1418012330886,1313,56.72,191,0,0,0,0,0,0,7798.83,10833.52,10.732011934826232
912,M98708,M,300.74764399600184,311.32655087658355,1382,49.69,93,0,0,0,0,0,0,7191.27,4621.17,10.578906880581712
913,L76024,L,302.166669850638,310.99986563336023,1370,50.24,202,0,0,0,0,0,0,7207.74,10148.48,8.833195782722214
914,L88732,L,299.1253398759695,310.03179574025216,1487,42.05,159,0,0,0,0,0,0,6547.95,6685.95,10.906455864282691
915,M62650,M,304.31848861740554,313.54288379665866,1761,27.53,82,0,0,0,0,0,0,5076.85,2257.46,9.224395179253122
916,M55941,M,297.63890093096256,308.83335173507123,1329,51.81,24,0,0,0,0,0,0,7210.53,1243.44,11.19445080410867
917,M13087,M,300.5723562107876,311.18911043462543,1402,46.02,200,0,0,0,0,0,0,6756.52,9204.0,10.616754223837859
918,M16235,M,302.3635296088551,311.2197145146508,1525,37.55,172,0,0,0,0,0,0,5996.65,6458.599999999999,8.856184905795658
919,L73607,L,296.1636114454503,306.5776287777542,1421,44.08,46,0,0,0,0,0,0,6559.4,2027.6799999999998,10.414017332303956
920,L30204,L,299.2743041886431,309.4094582875172,1460,45.74,3,0,0,0,0,0,0,6993.23,137.22,10.135154098874125
921,M17380,M,302.0618512141646,310.9133606552316,1345,60.79,208,1,0,0,0,1,0,8562.15,12644.32,8.85150944106698
922,M79875,M,298.99595936924123,310.42691472793,1539,50.9,67,0,0,0,0,0,0,8203.23,3410.2999999999997,11.430955358688777
923,M65847,M,301.91430710333526,310.7472457085512,1422,47.63,22,1,0,0,0,0,0,7092.65,1047.8600000000001,8.83293860521593
924,L20003,L,302.2314260936964,310.62266530821404,1588,33.77,140,0,0,0,0,0,0,5615.78,4727.8,8.391239214517611
925,M54987,M,301.48006105896604,310.6188503963164,1429,39.39,15,0,0,0,0,0,0,5894.5,590.85,9.138789337350374
926,L52281,L,302.2258609856245,310.6078266336171,1390,44.06,86,1,0,1,0,0,0,6413.39,3789.1600000000003,8.381965647992615
927,L10334,L,295.6796336244295,306.29608629460034,2292,14.13,149,1,0,0,1,0,0,3391.45,2105.37,10.616452670170816
928,L64436,L,297.3496550780628,308.3332183675197,1490,43.82,12,0,0,0,0,0,0,6837.34,525.84,10.983563289456868
929,L45701,L,299.37212768040905,309.03794942983336,1634,31.44,144,0,0,0,0,0,0,5379.76,4527.360000000001,9.66582174942431
930,L89050,L,297.10908559455487,307.86260326792603,1361,49.17,178,0,0,0,0,0,0,7007.88,8752.26,10.753517673371164
931,L20415,L,297.9007220016523,307.7104660220469,1409,44.51,106,0,0,0,0,0,0,6567.46,4718.0599999999995,9.80974402039459
932,M86239,M,299.3537988879168,308.50436109080334,1526,37.78,200,1,1,0,0,0,0,6037.33,7556.0,9.150562202886533
933,L10578,L,302.4398369042657,311.04138218233805,1410,49.34,32,1,0,1,0,0,0,7285.29,1578.88,8.601545278072365
934,L78784,L,298.1976872797124,308.3267662703237,1358,58.87,201,1,0,0,0,1,0,8371.87,11832.869999999999,10.129078990611276
935,M80432,M,302.4371544098291,310.20937366967,1371,54.8,168,1,0,1,0,0,0,7867.68,9206.4,7.772219259840938
936,M46692,M,298.07074562632425,308.67125602532525,1381,55.75,81,0,0,0,0,0,0,8062.45,4515.75,10.600510399000996
937,L35249,L,301.36189625889773,310.5879645722244,1387,52.15,162,0,0,0,0,0,0,7574.59,8448.3,9.226068313326664
938,L22802,L,297.3894547909101,309.17059523736987,1803,22.41,164,0,0,0,0,0,0,4231.23,3675.2400000000002,11.781140446459744
939,L40593,L,301.21283473578603,309.9518494072816,1526,37.93,20,0,0,0,0,0,0,6061.3,758.6,8.739014671495568
940,M70267,M,300.7039162366101,309.9099130458082,1461,36.27,93,0,0,0,0,0,0,5549.15,3373.11,9.205996809198098
941,H75238,H,298.0253931679354,307.6971192352124,1690,27.51,21,0,0,0,0,0,0,4868.62,577.71,9.671726067277007
942,M26315,M,303.80636727514815,312.1518191934586,2654,10.69,71,1,0,0,1,0,0,2971.03,758.99,8.34545191831046
943,L11002,L,302.95889200507924,312.40293384663033,1556,34.6,152,0,0,0,0,0,0,5637.86,5259.2,9.444041841551098
944,L60517,L,300.4440367509912,309.5647916290724,1454,44.83,182,0,0,0,0,0,0,6825.93,8159.0599999999995,9.120754878081186
945,M62270,M,302.2347230988348,310.98414785446244,1433,47.05,185,0,0,0,0,0,0,7060.48,8704.25,8.749424755627615
946,L98260,L,302.5573162021315,311.0272595358065,1403,60.42,97,1,0,1,0,0,0,8877.02,5860.74,8.469943333674962
947,L78519,L,297.740300950832,309.1920056737584,1532,38.88,90,0,0,0,0,0,0,6237.54,3499.2000000000003,11.451704722926365
948,L59527,L,299.5483286748976,310.25069609090843,1294,69.87,61,1,0,0,1,0,0,9467.9,4262.070000000001,10.702367416010816
949,M63264,M,297.7459462883662,309.4871234839647,1461,44.18,141,0,0,0,0,0,0,6759.34,6229.38,11.741177195598482
950,L68099,L,300.06219046097425,311.9403124130884,1539,39.17,216,1,1,0,0,0,0,6312.78,8460.720000000001,11.878121952114157
951,L50655,L,296.99318439111136,308.3596388798771,1538,44.9,166,0,0,0,0,0,0,7231.55,7453.4,11.366454488765726
952,L70981,L,297.55421223211295,308.99058342709685,1714,28.75,191,0,0,0,0,0,0,5160.33,5491.25,11.436371194983906
953,M27589,M,302.257303520472,311.6646517494406,1575,34.33,25,0,0,0,0,0,0,5662.17,858.25,9.407348228968601
954,M84734,M,302.2605085463832,309.9980685765073,1345,54.55,167,1,0,1,0,0,0,7683.26,9109.85,7.7375600301240866
955,M87550,M,297.3145477549745,308.7446196549617,1540,36.93,148,0,0,0,0,0,0,5955.64,5465.64,11.430071899987183
956,M49147,M,299.4644649186337,308.27782588661773,1579,37.49,200,1,1,0,0,0,0,6199.06,7498.0,8.81336096798401
957,L51100,L,302.44191638421125,310.2637467874311,1564,34.68,146,0,0,0,0,0,0,5679.95,5063.28,7.821830403219849
958,L54775,L,297.5691504374884,308.61365594784087,1235,60.02,184,0,0,0,0,0,0,7762.32,11043.68,11.044505510352451
959,L83562,L,302.29976961761884,311.8221240048611,1380,55.95,208,1,0,0,0,1,0,8085.52,11637.6,9.522354387242274
960,L25837,L,297.54896434122577,308.5341132179224,2548,12.73,124,1,0,0,1,0,0,3396.69,1578.52,10.985148876696655
961,L40736,L,300.8940249278198,310.94770924621685,1414,45.38,97,0,0,0,0,0,0,6719.59,4401.860000000001,10.053684318397018
962,M65320,M,295.51572325394324,305.99670799749794,1652,37.2,22,0,0,0,0,0,0,6435.49,818.4000000000001,10.4809847435547
963,L72406,L,301.3797187223171,310.9365322627376,1323,50.52,11,0,0,0,0,0,0,6999.25,555.72,9.556813540420535
964,M36617,M,297.1868327057967,308.1116472260154,1396,42.66,201,0,0,0,0,0,0,6236.41,8574.66,10.924814520218717
965,H20545,H,301.5957267116572,310.50339920941,1590,32.81,6,0,0,0,0,0,1,5463.01,196.86,8.907672497752799
966,L55685,L,298.8362310017358,309.9080060799099,1620,29.31,64,0,0,0,0,0,0,4972.32,1875.84,11.071775078174085
967,L67469,L,297.9693001514391,307.96918874607303,1379,57.81,146,0,0,0,0,0,0,8348.26,8440.26,9.999888594633944
968,L78989,L,297.31093694872027,309.01820625369635,1458,49.37,149,0,0,0,0,0,0,7537.88,7356.129999999999,11.70726930497608
969,H10267,H,302.1109229308625,310.1437680197734,1729,28.04,193,0,0,0,0,0,0,5076.94,5411.72,8.032845088910904
970,M11581,M,302.30415342490227,311.39610308112987,1490,39.88,20,0,0,0,0,0,0,6222.57,797.6,9.091949656227598
971,L44784,L,302.7660645101023,312.52336642784786,1648,27.07,201,0,0,0,0,0,0,4671.69,5441.07,9.757301917745565
972,M60751,M,302.8872581683253,312.4936036557211,1899,24.5,14,0,0,0,0,0,0,4872.14,343.0,9.6063454873958
973,M10320,M,297.9267746422087,309.0963107401288,1356,49.19,56,0,0,0,0,0,0,6984.98,2754.64,11.169536097920059
974,L25609,L,303.8740177039628,313.02991648001336,1207,58.6,211,1,0,0,0,1,0,7406.85,12364.6,9.155898776050549
975,H47701,H,302.18003453255966,311.9142948715239,1366,52.91,152,0,0,0,0,0,0,7568.63,8042.32,9.734260338964248
976,H35144,H,298.87500948408547,310.0381598433297,1376,44.55,113,0,0,0,0,0,0,6419.4,5034.15,11.163150359244241
977,M73948,M,302.53256150584826,310.80588897893017,1472,41.8,124,0,0,0,0,0,0,6443.36,5183.2,8.273327473081906
978,L13124,L,301.6505195753354,310.6849946700968,1542,39.99,92,0,0,0,0,0,0,6457.5,3679.0800000000004,9.034475094761376
979,L89949,L,300.0299789488884,311.52678813607315,1626,31.69,195,0,0,0,0,0,0,5395.99,6179.55,11.496809187184738
980,L25251,L,302.95325752512593,312.8759596883538,1315,59.35,23,0,0,0,0,0,0,8172.88,1365.05,9.922702163227882
981,L49657,L,297.4556043767239,309.3892323076106,1412,46.46,50,0,0,0,0,0,0,6869.78,2323.0,11.9336279308867
982,L98795,L,301.6163141691292,310.6854278582036,1597,34.7,139,0,0,0,0,0,0,5803.14,4823.3,9.069113689074356
983,M69638,M,301.3275378058556,310.9765253203031,1610,32.84,141,0,0,0,0,0,0,5536.78,4630.4400000000005,9.64898751444747
984,L99866,L,300.8882699710914,312.43111451698417,1859,23.37,127,0,0,0,0,0,0,4549.53,2967.9900000000002,11.542844545892763
985,L11769,L,297.9449263742047,308.4414363114026,1442,35.62,169,0,0,0,0,0,0,5378.83,6019.78,10.496509937197857
986,L74785,L,301.8758377780514,310.64635128897584,1652,33.54,71,0,0,0,0,0,0,5802.32,2381.34,8.770513510924445
987,L16812,L,302.2314877082291,310.2252641604947,1640,27.61,163,0,0,0,0,0,0,4741.75,4500.43,7.9937764522655925
988,H65066,H,302.9397248185996,311.3903204597152,2107,18.06,87,0,0,0,0,0,0,3984.84,1571.2199999999998,8.450595641115626
989,M39335,M,300.6636856288636,309.5266379333211,1343,43.77,124,0,0,0,0,0,0,6155.75,5427.4800000000005,8.862952304457508
990,H79929,H,300.442065180953,311.8660464433431,1469,49.88,173,0,0,0,0,0,0,7673.21,8629.24,11.4239812623901
991,L21191,L,302.1044666731304,309.7768874932244,1386,36.12,210,0,0,0,0,0,0,5242.51,7585.2,7.6724208200940325
992,L90688,L,300.2775129412809,309.89528816073573,1480,38.02,29,0,0,0,0,0,0,5892.54,1102.5800000000002,9.617775219454813
993,H53267,H,299.01532440655205,309.9929149339234,1520,38.2,52,0,0,0,0,0,0,6080.45,1986.4,10.97759052737132
994,M56736,M,300.8577769445807,309.6868267252782,1577,35.01,55,0,0,0,0,0,0,5781.66,1925.55,8.829049780697517
995,L61399,L,301.1868318982044,311.6417524556503,1471,48.54,204,0,0,0,0,0,0,7477.24,9902.16,10.454920557445917
996,L13175,L,301.9423264195632,309.80802457989626,1393,48.88,182,1,0,1,0,0,0,7130.35,8896.16,7.865698160333068
997,L37936,L,300.3920187446141,309.4547936580373,1587,37.99,137,0,0,0,0,0,0,6313.57,5204.63,9.062774913423198
998,L73844,L,297.21454135391593,308.379722960587,1445,49.33,207,1,0,0,0,0,0,7464.62,10211.31,11.16518160667107
999,L96473,L,301.91569170254934,310.49833370871414,1371,51.73,156,1,0,1,0,0,0,7426.92,8069.879999999999,8.582642006164804
1000,L98613,L,299.2988503758251,308.45990551199435,1350,49.86,74,0,0,0,0,0,0,7048.79,3689.64,9.161055136169239
1001,L58212,L,301.8928860824769,311.0498827236248,1611,33.99,46,0,0,0,0,0,0,5734.23,1563.5400000000002,9.156996641147941
1002,M33224,M,295.41248556763514,305.9825230622141,1513,43.79,192,0,0,0,0,0,0,6938.13,8407.68,10.570037494578969
1003,L52980,L,298.4502632320997,310.43593529656505,1663,32.45,18,0,0,0,0,0,0,5651.13,584.1,11.985672064465348
1004,L51711,L,297.87606924532804,307.1142600600712,1335,60.93,184,1,0,0,0,1,0,8518.07,11211.12,9.238190814743177
1005,H45751,H,297.700359194944,308.16815678700226,1493,42.73,153,0,0,0,0,0,0,6680.69,6537.69,10.467797592058275
1006,H42514,H,302.7408251972242,311.0444974339269,1389,43.65,135,0,0,0,0,0,0,6349.14,5892.75,8.30367223670271
1007,L88149,L,303.0804095090643,310.76315807883094,1329,43.64,116,1,0,1,0,0,0,6073.49,5062.24,7.682748569766659
1008,L45141,L,301.95501902445227,311.3272392645736,1853,26.75,44,0,0,0,0,0,0,5190.72,1177.0,9.37222024012135
1009,L12633,L,298.2907497796356,307.56755241330364,1496,30.88,204,1,1,0,0,0,0,4837.68,6299.5199999999995,9.27680263366807
1010,L74925,L,295.64546111241503,306.2887557445984,1431,48.54,121,0,0,0,0,0,0,7273.91,5873.34,10.64329463218337
1011,L69855,L,299.95182242957065,311.8831726321196,1544,36.09,77,0,0,0,0,0,0,5835.29,2778.9300000000003,11.93135020254897
1012,L44056,L,297.7730765749424,308.5576107569807,1359,46.89,9,0,0,0,0,0,0,6673.11,422.01,10.784534182038271
1013,H66698,H,300.6399106307492,310.1494616420811,1339,65.16,207,1,1,0,1,1,0,9136.72,13488.119999999999,9.509551011331894
1014,L94696,L,300.3013885588178,311.91423970036686,1576,39.26,204,0,0,0,0,0,0,6479.4,8009.04,11.612851141549072
1015,L93196,L,303.7745947548496,313.21846968235803,1645,29.05,98,0,0,0,0,0,0,5004.27,2846.9,9.443874927508432
1016,L81068,L,296.97747458071865,307.8319944369628,1448,49.77,166,0,0,0,0,0,0,7546.83,8261.82,10.854519856244167
1017,L62500,L,298.2062607982389,308.6242846083441,1974,21.02,35,0,0,0,0,0,0,4345.19,735.6999999999999,10.41802381010524
1018,L12488,L,299.86713793933444,309.626862712429,1442,39.57,18,0,0,0,0,0,0,5975.3,712.26,9.759724773094547
1019,L56098,L,302.8595801638831,312.3454367188606,1557,36.02,140,0,0,0,0,0,0,5873.01,5042.8,9.485856554977488
1020,L83668,L,300.2743642358579,309.35463260843943,1446,52.73,46,0,0,0,0,0,0,7984.63,2425.58,9.080268372581543
1021,L86039,L,303.1407850433432,312.7529529840637,1497,40.14,108,0,0,0,0,0,0,6292.57,4335.12,9.612167940720497
1022,L79556,L,297.2379257444773,308.6801483036593,1467,48.33,188,0,0,0,0,0,0,7424.64,9086.039999999999,11.442222559181971
1023,M98784,M,303.1491794148795,311.4482313939694,1824,23.09,165,0,0,0,0,0,0,4410.39,3809.85,8.299051979089938
1024,L56483,L,300.6739361601603,311.60853648827555,1429,49.37,207,0,0,0,0,0,0,7387.95,10219.59,10.934600328115266
1025,H19873,H,303.14704559898667,311.7795508411318,1685,28.31,177,0,0,0,0,0,0,4995.38,5010.87,8.632505242145157
1026,L54713,L,298.3562674097282,309.1015884007362,1376,48.52,133,0,0,0,0,0,0,6991.46,6453.160000000001,10.745320991007986
1027,L38683,L,301.13837479226123,310.7882880032336,1614,36.95,122,0,0,0,0,0,0,6245.2,4507.900000000001,9.649913210972386
1028,M85196,M,300.2043271912157,309.23700839261693,1456,43.97,38,0,0,0,0,0,0,6704.19,1670.86,9.032681201401203
1029,L79941,L,300.4994440433331,311.7990861033595,1765,28.21,208,0,0,0,0,0,0,5214.06,5867.68,11.299642060026429
1030,L48230,L,300.6254638729748,312.0327546905836,1464,43.08,26,0,0,0,0,0,0,6604.58,1120.08,11.407290817608782
1031,L44941,L,300.7425161271266,311.9880198503405,1427,55.04,136,0,0,0,0,0,0,8224.91,7485.44,11.245503723213915
1032,L24351,L,301.62433300579033,310.9686231019164,1721,30.09,198,0,0,0,0,0,0,5422.9,5957.82,9.344290096126088
1033,L13884,L,297.2399566707124,307.9524591123169,1529,36.03,153,0,0,0,0,0,0,5769.0,5512.59,10.7125024416045
1034,M38160,M,298.45821933350544,309.54285544115254,1343,45.16,124,0,0,0,0,0,0,6351.24,5599.839999999999,11.0846361076471
1035,M31691,M,303.83664988352103,313.03099003432527,1448,53.34,191,0,0,0,0,0,0,8088.17,10187.94,9.194340150804237
1036,M33867,M,301.29983288182683,310.7584182256579,1365,52.08,65,0,0,0,0,0,0,7444.44,3385.2,9.45858534383109
1037,L99861,L,302.61833635803526,312.0166934087714,1424,44.39,174,0,0,0,0,0,0,6619.48,7723.86,9.398357050736138
1038,M71294,M,298.5330674384813,309.68849396769207,1300,49.41,139,0,0,0,0,0,0,6726.46,6867.99,11.155426529210786
1039,H59624,H,302.6966814367091,310.2998178616674,1619,30.48,60,0,0,0,0,0,0,5167.62,1828.8,7.603136424958279
1040,M26098,M,300.98128816424304,310.79136016890726,1382,47.65,21,0,0,0,0,0,0,6896.04,1000.65,9.810072004664221
1041,L85702,L,302.7854249819443,311.25116470234565,1556,45.34,136,0,0,0,0,0,0,7387.88,6166.240000000001,8.46573972040136
1042,H68028,H,297.5168672953861,308.685716579208,1308,51.5,132,0,0,0,0,0,0,7054.13,6798.0,11.168849283821942
1043,M56332,M,302.3838279614446,311.59322352127816,1493,38.85,145,0,0,0,0,0,0,6074.07,5633.25,9.209395559833581
1044,L51936,L,297.3122311064847,308.24093034934816,1451,44.61,12,0,0,0,0,0,0,6778.42,535.3199999999999,10.928699242863445
1045,L59730,L,299.4085211850367,309.32410203567315,1482,42.15,149,0,0,0,0,0,0,6541.46,6280.349999999999,9.915580850636445
1046,H85568,H,296.5968952777709,307.85517832033827,1604,33.45,50,0,0,0,0,0,0,5618.61,1672.5000000000002,11.25828304256737
1047,L74810,L,299.73548049077164,309.2582363939676,1520,38.9,214,0,0,0,0,0,0,6191.87,8324.6,9.522755903195957
1048,L53649,L,297.66511133559504,309.6627412512899,1482,50.05,229,1,0,0,0,1,0,7767.49,11461.449999999999,11.997629915694858
1049,L70085,L,297.58532497991183,308.80667798164853,1474,46.9,189,0,0,0,0,0,0,7239.34,8864.1,11.221353001736702
1050,L93681,L,301.6525014698344,311.07082713667177,1661,34.45,43,0,0,0,0,0,0,5992.22,1481.3500000000001,9.418325666837347
1051,L39361,L,303.45098933653463,311.8195030469247,1554,38.68,61,0,0,0,0,0,0,6294.57,2359.48,8.368513710390062
1052,L91041,L,298.0755117698674,307.68789131230227,1543,38.42,202,0,0,0,0,0,0,6208.0,7760.84,9.612379542434894
1053,L64610,L,302.6131577305489,311.39157586641085,1462,59.98,167,1,0,0,1,0,0,9182.95,10016.66,8.778418135861955
1054,H26675,H,302.8934156174071,311.4909074228248,1616,35.09,229,1,1,0,0,0,0,5938.18,8035.610000000001,8.597491805417746
1055,L97024,L,302.53472212133755,310.4458589571313,1447,41.22,212,1,1,0,0,0,0,6246.05,8738.64,7.911136835793741
1056,L71754,L,300.8766417479788,310.2634007927647,1416,61.17,208,1,0,0,1,1,0,9070.48,12723.36,9.38675904478589
1057,L44733,L,302.51798108967847,310.8469969846992,1619,35.31,150,0,0,0,0,0,0,5986.5,5296.5,8.329015895020746
1058,L29316,L,303.149340630162,311.2430584479657,1329,52.4,171,1,0,1,0,0,0,7292.64,8960.4,8.093717817803736
1059,H92419,H,297.41420174960655,309.21937827122866,1517,43.52,83,0,0,0,0,0,0,6913.58,3612.1600000000003,11.805176521622116
1060,M84096,M,298.9533672181834,309.56210526166143,1568,34.51,205,0,0,0,0,0,0,5666.56,7074.549999999999,10.608738043478013
1061,M14006,M,299.38155778747654,308.7414141020382,1522,39.47,111,0,0,0,0,0,0,6290.87,4381.17,9.359856314561682
1062,M67214,M,302.8744860217749,310.62390856494994,1363,50.96,9,1,0,1,0,0,0,7273.68,458.64,7.749422543175058
1063,L20315,L,297.04522346269306,308.49661708912663,1333,56.82,127,0,0,0,0,0,0,7931.59,7216.14,11.451393626433571
1064,L36470,L,298.0358681486615,309.82046098232234,1332,71.51,33,1,0,0,1,0,0,9974.69,2359.8300000000004,11.784592833660838
1065,M61121,M,300.02267594557446,310.0651921071276,1496,39.85,194,0,0,0,0,0,0,6242.93,7730.900000000001,10.042516161553124
1066,L32420,L,300.39276977843184,310.1004959459186,1620,33.65,193,0,0,0,0,0,0,5708.59,6494.45,9.707726167486783
1067,L56123,L,298.8713644937252,310.1307790374132,1545,36.13,144,0,0,0,0,0,0,5845.55,5202.72,11.259414543688024
1068,L48661,L,301.4546028464417,310.85223047486056,1696,30.64,188,0,0,0,0,0,0,5441.81,5760.32,9.397627628418888
1069,L62334,L,300.1734151148312,310.7492053591031,1400,52.37,139,0,0,0,0,0,0,7677.84,7279.429999999999,10.5757902442719
1070,L82064,L,303.7907172584215,312.9985615442027,1278,58.84,211,1,0,0,0,1,0,7874.67,12415.240000000002,9.207844285781164
1071,L23966,L,300.27637371615555,311.70308552698134,1586,38.88,156,0,0,0,0,0,0,6457.41,6065.280000000001,11.426711810825793
1072,L81653,L,296.86624596443187,308.1249300717137,1361,52.84,208,1,0,0,0,1,0,7530.95,10990.720000000001,11.258684107281852
1073,M30012,M,302.47248488157373,310.1114682708915,1481,39.07,173,0,0,0,0,0,0,6059.36,6759.11,7.6389833893177865
1074,L13003,L,301.40886468883343,310.1924838538514,1682,26.62,18,0,0,0,0,0,0,4688.81,479.16,8.783619165017967
1075,L50177,L,300.8904546415937,310.7521148272965,1515,38.21,205,1,1,0,0,0,0,6062.03,7833.05,9.861660185702817
1076,L37205,L,301.9272143255331,310.2971388315467,1377,54.1,125,1,0,1,0,0,0,7801.17,6762.5,8.369924506013604
1077,L26607,L,302.758281583729,311.498927935853,1449,60.01,167,1,0,0,1,0,0,9105.85,10021.67,8.740646352123974
1078,L48056,L,297.7371053033475,308.0929574885591,1413,41.88,110,0,0,0,0,0,0,6196.94,4606.8,10.355852185211575
1079,L88196,L,297.32960978979145,308.24894322483783,1603,32.18,206,0,0,0,0,0,0,5401.92,6629.08,10.919333435046383
1080,H62701,H,299.17223601879743,310.12576354931406,1446,45.02,220,0,0,0,0,0,0,6817.14,9904.400000000001,10.953527530516624
1081,M75504,M,299.32925029764823,309.04403001927915,1431,48.33,130,0,0,0,0,0,0,7242.44,6282.9,9.714779721630919
1082,M23457,M,299.08185028239046,310.26694364300744,1513,51.76,65,0,0,0,0,0,0,8200.91,3364.4,11.185093360616975
1083,L16824,L,298.4519113342071,309.62753524373505,1712,27.25,162,1,0,0,0,0,0,4885.39,4414.5,11.175623909527928
1084,L40175,L,302.10742997804164,310.7373105082283,1618,37.11,49,0,0,0,0,0,0,6287.79,1818.3899999999999,8.629880530186654
1085,L79697,L,299.01324748707344,309.043501401067,1536,38.9,176,0,0,0,0,0,0,6257.05,6846.4,10.030253913993533
1086,H89702,H,297.6510000204608,308.4887191230809,1761,27.67,97,0,0,0,0,0,0,5102.67,2683.9900000000002,10.837719102620099
1087,L19157,L,299.43222684082417,309.9605919969279,1469,42.66,41,0,0,0,0,0,0,6562.53,1749.06,10.528365156103746
1088,M52888,M,302.01476497569735,311.2913561744781,1525,37.18,36,0,0,0,0,0,0,5937.56,1338.48,9.27659119878075
1089,L45685,L,299.3783893859938,308.6184895990579,1358,53.89,215,1,0,0,0,1,0,7663.67,11586.35,9.240100213064125
1090,L76972,L,297.56679598918976,308.91632917488977,1576,40.19,69,0,0,0,0,0,0,6632.89,2773.1099999999997,11.349533185700011
1091,H28495,H,296.92846933204123,308.2485792361788,1415,47.23,77,0,0,0,0,0,0,6998.47,3636.7099999999996,11.320109904137553
1092,M53629,M,298.0010206752068,308.9201925935566,1402,55.31,79,0,0,0,0,0,0,8120.45,4369.49,10.919171918349775
1093,L86482,L,303.8953918703499,312.7124852360304,1711,26.19,156,0,0,0,0,0,0,4692.61,4085.6400000000003,8.817093365680478
1094,M51847,M,302.2216436731632,310.0059029247836,1368,51.41,8,1,0,1,0,0,0,7364.82,411.28,7.7842592516203695
1095,L80314,L,302.2212734076031,310.3191451216288,1362,51.02,35,1,0,1,0,0,0,7276.9,1785.7,8.0978717140257
1096,L65972,L,298.2471551546779,308.46394747694967,1553,42.83,11,0,0,0,0,0,0,6965.43,471.13,10.216792322271772
1097,L63765,L,301.28950226035784,311.059417457295,1301,67.44,9,1,0,0,1,0,0,9188.05,606.96,9.769915196937177
1098,L33342,L,298.4593467986387,308.5212216671817,1475,47.08,103,0,0,0,0,0,0,7272.05,4849.24,10.061874868542986
1099,M99322,M,301.7168396213613,310.74158957457536,1397,49.24,105,0,0,0,0,0,0,7203.49,5170.2,9.024749953214041
1100,H32481,H,304.1490351996177,312.97095848746227,1477,46.73,0,0,0,0,0,0,0,7227.78,0.0,8.821923287844584
1101,M93788,M,300.63561191796856,311.278078016471,1374,52.33,71,0,0,0,0,0,0,7529.5,3715.43,10.642466098502439
1102,M99040,M,302.4736919012535,310.2373313824549,1404,52.03,162,1,0,1,0,0,0,7649.79,8428.86,7.7636394812013805
1103,H56024,H,300.671801645649,312.1937417446269,1373,47.1,136,0,0,0,0,0,0,6772.05,6405.6,11.521940098977893
1104,L88208,L,302.1623592688016,310.82631733011385,1357,49.66,41,1,0,1,0,0,0,7056.92,2036.06,8.663958061312258
1105,M74357,M,297.3683194790544,308.69151412899305,1353,52.93,169,0,0,0,0,0,0,7499.43,8945.17,11.32319464993867
1106,M76397,M,302.3840867788232,310.9053589937156,1612,32.25,1,0,0,0,0,0,0,5444.07,32.25,8.521272214892406
1107,M16165,M,300.3373023234648,311.69100236391733,1262,53.05,166,0,0,0,0,0,0,7010.89,8806.3,11.353700040452509
1108,M22342,M,299.304648065385,309.1158158112413,1319,62.12,139,0,0,0,0,0,0,8580.35,8634.68,9.811167745856324
1109,L16265,L,298.256427808137,309.7447794168794,1624,32.7,45,0,0,0,0,0,0,5561.12,1471.5000000000002,11.488351608742391
1110,L12720,L,298.1008264195233,308.10244311704315,1359,59.0,202,1,0,0,0,1,0,8396.53,11918.0,10.001616697519864
1111,L85237,L,300.7784877947623,311.7282143931782,1741,26.56,112,0,0,0,0,0,0,4842.34,2974.72,10.94972659841585
1112,L25786,L,302.3673990739576,310.4458578899797,1370,51.55,165,1,0,1,0,0,0,7395.68,8505.75,8.078458816022135
1113,L10570,L,297.8617301390468,308.39391789089944,1365,53.31,219,1,0,0,0,1,0,7620.26,11674.890000000001,10.532187751852632
1114,L94394,L,298.17114753635155,307.99354353049256,1327,67.37,66,1,0,0,1,0,0,9361.95,4446.42,9.822395994141004
1115,L35087,L,300.8122437556689,310.6344748913244,1581,33.98,155,0,0,0,0,0,0,5625.79,5266.9,9.8222311356555
1116,L83465,L,300.2094786459608,311.5898576663179,1650,31.06,29,0,0,0,0,0,0,5366.78,900.74,11.380379020357111
1117,H96446,H,302.6360416574508,310.8199898979752,1370,55.57,98,1,0,1,0,0,0,7972.41,5445.86,8.183948240524387
1118,M57076,M,300.7566475489996,310.681612284769,1382,41.7,164,0,0,0,0,0,0,6034.94,6838.8,9.924964735769436
1119,L93403,L,303.44224413661635,311.8011043134392,1285,63.77,59,1,0,1,0,0,0,8581.2,3762.4300000000003,8.358860176822873
1120,M97189,M,297.98136474206785,308.9501508867151,1584,37.01,124,0,0,0,0,0,0,6139.07,4589.24,10.968786144647254
1121,M22985,M,298.05403807336523,308.14002588139635,1555,36.81,191,0,0,0,0,0,0,5994.11,7030.71,10.08598780803112
1122,H23192,H,297.6003730260223,309.02226159679014,1709,26.46,37,0,0,0,0,0,0,4735.44,979.02,11.421888570767862
1123,L43294,L,302.2100223994059,311.08251829814105,1522,42.52,29,0,0,0,0,0,0,6776.99,1233.0800000000002,8.872495898735167
1124,M60322,M,297.671700476539,308.2655334197071,1719,25.72,175,0,0,0,0,0,0,4629.94,4501.0,10.593832943168081
1125,L80742,L,299.0778989104182,308.3291173125589,1417,40.08,58,0,0,0,0,0,0,5947.39,2324.64,9.251218402140694
1126,L26489,L,298.9675813844796,308.6667939998813,1456,37.88,127,0,0,0,0,0,0,5775.64,4810.76,9.699212615401677
1127,L27406,L,301.2125609490721,310.8948780284527,1579,33.86,191,0,0,0,0,0,0,5598.84,6467.26,9.682317079380596
1128,L37578,L,301.78818647972304,310.7495469674267,1466,49.02,58,0,0,0,0,0,0,7525.51,2843.1600000000003,8.961360487703644
1129,M34425,M,300.1707324667787,309.41286267167766,1569,33.13,184,0,0,0,0,0,0,5443.43,6095.92,9.242130204898956
1130,L94611,L,300.3483058850868,310.7443647110767,1751,30.41,173,0,0,0,0,0,0,5576.11,5260.93,10.396058825989883
1131,H45638,H,300.79269511776243,310.78021012223434,1592,28.71,39,0,0,0,0,0,0,4786.35,1119.69,9.987515004471902
1132,L88144,L,298.46843118906526,308.11963822863135,1301,66.35,40,1,0,0,1,0,0,9039.55,2654.0,9.651207039566088
1133,M15029,M,299.2176976788588,308.40621985187914,1542,37.43,202,1,1,0,0,0,0,6044.12,7560.86,9.188522173020317
1134,M19161,M,295.96580491120534,306.2251676988445,1210,76.05,90,1,0,0,1,0,0,9636.36,6844.5,10.259362787639134
1135,L82324,L,297.28020746695245,308.43681919641807,1446,54.08,177,0,0,0,0,0,0,8189.05,9572.16,11.156611729465624
1136,L32458,L,302.3546133099182,311.46500847738776,1539,36.78,152,0,0,0,0,0,0,5927.6,5590.56,9.110395167469562
1137,L17435,L,301.20740455608603,310.75189299102,1416,50.63,65,0,0,0,0,0,0,7507.58,3290.9500000000003,9.544488434933953
1138,L63505,L,298.70446734037057,309.9278822209664,1189,65.7,203,1,0,0,0,1,0,8180.42,13337.1,11.22341488059584
1139,M23255,M,298.4893444262745,308.1644920625073,1491,40.35,125,0,0,0,0,0,0,6300.13,5043.75,9.675147636232794
1140,L15521,L,302.3004555501946,311.13666351423325,1420,49.05,24,0,0,0,0,0,0,7293.84,1177.1999999999998,8.836207964038636
1141,H46550,H,296.106255400366,306.4772905164118,1591,32.72,56,0,0,0,0,0,0,5451.45,1832.32,10.371035116045789
1142,M59507,M,301.52164671278985,311.06381148981325,1368,52.29,90,0,0,0,0,0,0,7490.89,4706.1,9.542164777023402
1143,L57461,L,299.65981451066733,310.3726964701564,1461,49.68,144,0,0,0,0,0,0,7600.82,7153.92,10.712881959489096
1144,M62603,M,301.3348195002732,310.7306232022107,1636,34.62,102,0,0,0,0,0,0,5931.15,3531.24,9.395803701937496
1145,L12126,L,303.4017433458325,312.15226665032714,1307,69.33,54,1,0,0,1,0,0,9489.11,3743.8199999999997,8.750523304494664
1146,M36186,M,300.5828125309717,310.6446790672073,1623,31.85,185,0,0,0,0,0,0,5413.23,5892.25,10.061866536235584
1147,L40911,L,300.8567704637633,310.0002737913464,1341,65.86,191,1,0,0,0,1,0,9248.67,12579.26,9.143503327583062
1148,L36380,L,303.3538904904543,311.8863300328336,1363,41.8,32,1,0,1,0,0,0,5966.24,1337.6,8.53243954237928
1149,M60313,M,298.522285243189,308.2132063816541,1416,38.54,198,1,1,0,0,0,0,5714.83,7630.92,9.690921138465114
1150,M30616,M,300.12362344837834,311.428697914156,1669,29.15,216,1,1,0,0,0,0,5094.76,6296.4,11.305074465777636
1151,L66878,L,303.52208693975257,311.9324582463332,1373,49.14,93,1,0,1,0,0,0,7065.36,4570.02,8.410371306580657
1152,M94209,M,304.41551890869846,313.4909202766584,1584,32.31,202,0,0,0,0,0,0,5359.46,6526.620000000001,9.075401367959955
1153,L69467,L,300.63271743161187,309.45021988894604,1469,44.52,74,0,0,0,0,0,0,6848.66,3294.48,8.817502457334172
1154,L44998,L,300.632622036786,309.5839167335029,1685,30.35,130,0,0,0,0,0,0,5355.34,3945.5,8.9512946967169
1155,L49124,L,302.18373802068004,310.7270112324795,1577,35.93,7,0,0,0,0,0,0,5933.59,251.51,8.543273211799487
1156,L62673,L,302.21327357470943,310.5068230710222,1318,53.5,159,1,0,1,0,0,0,7384.1,8506.5,8.293549496312778
1157,L75156,L,299.1001607816105,309.1206116055708,1401,42.17,86,0,0,0,0,0,0,6186.86,3626.6200000000003,10.020450823960289
1158,H37141,H,304.2767544286628,313.2683827299785,1698,32.59,137,0,0,0,0,0,0,5794.96,4464.830000000001,8.9916283013157
1159,H13457,H,299.1058953445752,309.1251617495063,1523,37.55,38,0,0,0,0,0,0,5988.78,1426.8999999999999,10.019266404931102
1160,H73239,H,299.72987789958086,309.7162134248321,1362,48.26,122,0,0,0,0,0,0,6883.24,5887.719999999999,9.986335525251263
1161,L69538,L,299.9575515488351,310.09381185926287,1683,30.77,12,0,0,0,0,0,0,5423.01,369.24,10.136260310427758
1162,M19129,M,301.15640872229176,309.965600043914,1429,50.88,17,0,0,0,0,0,0,7613.91,864.96,8.809191321622222
1163,L66389,L,297.5694470196281,308.566575582607,1504,42.25,26,0,0,0,0,0,0,6654.31,1098.5,10.9971285629789
1164,L16447,L,299.61912092226726,309.48119374621314,1470,46.32,218,0,0,0,0,0,0,7130.41,10097.76,9.86207282394588
1165,L67877,L,300.08178103612266,309.4226167632035,1420,48.81,138,0,0,0,0,0,0,7258.15,6735.780000000001,9.340835727080844
1166,H76984,H,301.29669899857714,310.1408528532202,1610,32.57,40,0,0,0,0,0,0,5491.26,1302.8,8.844153854643082
1167,L11396,L,297.69489089104906,308.2948728643067,1546,41.43,64,0,0,0,0,0,0,6707.38,2651.52,10.599981973257627
1168,M75399,M,302.9162090337297,312.1256428420383,1419,42.56,163,0,0,0,0,0,0,6324.3,6937.280000000001,9.209433808308631
1169,M20840,M,298.55059006987784,310.08987492305994,1686,31.02,9,0,0,0,0,0,0,5476.81,279.18,11.539284853182096
1170,H33849,H,300.7563700051632,310.35739333744823,1622,31.73,195,0,0,0,0,0,0,5389.51,6187.35,9.601023332285024
1171,M73435,M,301.6620955203374,310.927705138663,1704,33.35,60,0,0,0,0,0,0,5951.06,2001.0,9.265609618325584
1172,L41953,L,299.871024350413,309.28263340411746,1781,27.27,118,0,0,0,0,0,0,5086.02,3217.86,9.411609053704467
1173,M97932,M,297.4859743776309,309.01719984439734,1428,44.68,2,0,0,0,0,0,0,6681.44,89.36,11.531225466766443
1174,L96152,L,301.7802577620107,309.9047175679229,1357,48.33,179,1,0,1,0,0,0,6867.92,8651.07,8.124459805912181
1175,M98820,M,296.9898179362005,307.99321692386377,1606,33.84,146,0,0,0,0,0,0,5691.21,4940.64,11.003398987663275
1176,M19389,M,302.1079752981148,311.48864527144286,1514,38.09,124,0,0,0,0,0,0,6039.01,4723.160000000001,9.380669973328054
1177,M25865,M,300.0085630650028,311.40357050216545,1533,41.16,193,0,0,0,0,0,0,6607.64,7943.879999999999,11.395007437162633
1178,M26483,M,302.2178352514363,310.9212543796005,1327,53.36,60,0,0,0,0,0,0,7415.07,3201.6,8.703419128164171
1179,L62680,L,301.5439451517341,310.7752531520179,1655,28.12,134,0,0,0,0,0,0,4873.51,3768.08,9.231308000283832
1180,M48703,M,298.450096635049,309.5456027958858,1507,35.43,135,0,0,0,0,0,0,5591.3,4783.05,11.095506160836806
1181,M77126,M,302.04154132190115,309.9815533814556,1356,51.53,9,1,0,1,0,0,0,7317.26,463.77,7.940012059554476
1182,L35388,L,298.10256228761625,308.4202352269531,1531,42.72,53,0,0,0,0,0,0,6849.12,2264.16,10.31767293933683
1183,M27977,M,298.70397459640776,310.01455350005807,1500,48.55,194,0,0,0,0,0,0,7626.22,9418.699999999999,11.31057890365031
1184,L68410,L,298.87594294975287,309.9677900737527,1482,42.49,135,0,0,0,0,0,0,6594.22,5736.150000000001,11.091847123999855
1185,L65553,L,300.8987233588058,310.782810969821,1721,25.37,162,0,0,0,0,0,0,4572.25,4109.9400000000005,9.884087611015218
1186,L72153,L,302.0348335001106,311.33584692671417,1547,38.71,35,0,0,0,0,0,0,6271.08,1354.8500000000001,9.30101342660356
1187,L38085,L,297.2620562754503,307.68226807590383,1396,44.18,170,0,0,0,0,0,0,6458.62,7510.6,10.420211800453558
1188,L57374,L,299.4438436490476,308.6132117176871,1446,63.15,133,1,0,0,1,0,0,9562.47,8398.949999999999,9.169368068639471
1189,M93550,M,298.9735558456569,309.557123392768,1286,54.98,165,0,0,0,0,0,0,7404.13,9071.699999999999,10.583567547111102
1190,M65007,M,301.88308145230667,310.9365539002977,1361,51.4,186,0,0,0,0,0,0,7325.71,9560.4,9.053472447991055
1191,M93923,M,301.58381346687213,310.8293537880632,1429,43.01,12,0,0,0,0,0,0,6436.21,516.12,9.245540321191072
1192,L49007,L,302.4209012925184,311.50137976443114,1674,33.92,135,0,0,0,0,0,0,5946.21,4579.2,9.080478471912727
1193,M14035,M,297.96920150603205,308.710350460347,1485,58.86,173,1,0,0,1,0,0,9153.25,10182.78,10.741148954314951
1194,L78434,L,297.49001461745644,308.1583286792296,1485,40.16,222,1,1,0,0,0,0,6245.23,8915.519999999999,10.668314061773174
1195,L51440,L,300.93205521822256,311.08610357880343,1452,50.06,133,0,0,0,0,0,0,7611.78,6657.9800000000005,10.154048360580873
1196,L13788,L,299.635258152094,310.92702633793704,1393,54.34,214,1,0,0,0,1,0,7926.83,11628.76,11.291768185843011
1197,L22485,L,301.2526400143013,310.2437864315104,1437,49.5,105,0,0,0,0,0,0,7448.87,5197.5,8.991146417209109
1198,L38159,L,303.6888160266612,313.07522650899074,2476,12.93,8,1,0,0,1,0,0,3352.57,103.44,9.386410482329552
1199,L27189,L,300.77819025440806,310.4229708080501,1783,24.05,215,0,0,0,0,0,0,4490.5,5170.75,9.644780553642022
1200,L71598,L,301.1730062738995,310.7498077931564,1715,29.79,60,0,0,0,0,0,0,5350.12,1787.3999999999999,9.57680151925689
1201,L65003,L,298.541295064005,309.63115963709697,1672,30.7,93,0,0,0,0,0,0,5375.31,2855.1,11.089864573091972
1202,M39667,M,300.44165670431613,310.0396194977167,1457,53.46,170,0,0,0,0,0,0,8156.75,9088.2,9.597962793400598
1203,M17619,M,299.9504272051369,310.36325575052336,1803,26.79,174,0,0,0,0,0,0,5058.21,4661.46,10.412828545386446
1204,L17068,L,300.68771239520663,310.9325394030247,2092,18.53,99,0,0,0,0,0,0,4059.44,1834.47,10.24482700781806
1205,L95106,L,303.22193236555137,311.3514758469353,1320,47.92,31,1,0,1,0,0,0,6623.99,1485.52,8.129543481383905
1206,L41050,L,298.01909450459306,309.4588586416508,1463,41.51,47,0,0,0,0,0,0,6359.54,1950.9699999999998,11.43976413705775
1207,L19656,L,298.91451955227046,310.2575628636717,1386,44.55,244,0,0,0,0,0,0,6466.06,10870.199999999999,11.343043311401232
1208,L74033,L,301.7944588445609,310.53845394166154,1322,55.97,206,1,0,0,0,1,0,7748.46,11529.82,8.743995097100651
1209,M88296,M,303.6737959452731,312.1225059385203,1741,28.16,193,0,0,0,0,0,0,5134.05,5434.88,8.448709993247178
1210,M20978,M,300.4357013285422,310.13419853545616,1647,30.51,233,1,1,0,0,0,0,5262.16,7108.83,9.698497206913942
1211,L95041,L,301.10641108652857,310.9049447280138,1820,28.39,197,0,0,0,0,0,0,5410.85,5592.83,9.798533641485221
1212,M75216,M,299.6413107038257,309.0926181184475,1616,38.11,169,0,0,0,0,0,0,6449.25,6440.59,9.451307414621795
1213,M32683,M,297.67768519873766,308.8844977769968,1378,45.66,192,0,0,0,0,0,0,6588.91,8766.72,11.206812578259132
1214,H79790,H,301.5143735222356,310.6769784966667,1427,47.05,154,0,0,0,0,0,0,7030.92,7245.7,9.162604974431133
1215,L47794,L,300.6817949998097,311.72203724578856,1480,43.07,130,0,0,0,0,0,0,6675.21,5599.1,11.040242245978845
1216,L67176,L,303.0346388867782,311.2559594526604,1414,45.08,29,0,0,0,0,0,0,6675.16,1307.32,8.221320565882195
1217,H21421,H,303.48272575840235,312.741968991164,1446,49.25,0,0,0,0,0,0,0,7457.67,0.0,9.259243232761662
1218,M31980,M,300.4300259466458,310.7449915390577,1461,41.57,187,0,0,0,0,0,0,6360.03,7773.59,10.314965592411909
1219,M79607,M,298.0565569230842,308.2680911696957,1427,47.17,168,0,0,0,0,0,0,7048.85,7924.56,10.211534246611507
1220,L82475,L,297.4589946815258,308.8202200763459,1542,36.39,115,0,0,0,0,0,0,5876.18,4184.85,11.36122539482011
1221,L10983,L,299.99466765987546,309.2712381720672,1506,40.53,6,0,0,0,0,0,0,6391.9,243.18,9.276570512191768
1222,H29299,H,298.6548676514785,309.2102445657923,1532,40.58,39,0,0,0,0,0,0,6510.28,1582.62,10.555376914313797
1223,L64677,L,299.8493179092281,311.0006194096314,1393,46.4,146,0,0,0,0,0,0,6768.58,6774.4,11.151301500403292
1224,L91522,L,301.09390705908584,310.7787055458599,1409,55.24,96,0,0,0,0,0,0,8150.67,5303.04,9.68479848677407
1225,L70686,L,298.59189236056346,309.8306098452641,1340,56.72,140,0,0,0,0,0,0,7959.2,7940.8,11.238717484700658
1226,L73597,L,298.5628741145032,309.6289625430724,1620,36.74,0,0,0,0,0,0,0,6232.79,0.0,11.06608842856923
1227,L44977,L,300.7874457080889,311.7902508466007,1400,49.76,220,1,0,0,0,1,0,7295.2,10947.199999999999,11.002805138511803
1228,L14924,L,302.530802324932,311.99247039792374,1442,45.69,171,0,0,0,0,0,0,6899.46,7812.99,9.461668072991756
1229,L78931,L,300.167144844474,309.4738702345433,1701,27.07,42,0,0,0,0,0,0,4821.93,1136.94,9.306725390069289
1230,H81935,H,299.96794253102894,310.32566909438856,1543,43.12,207,0,0,0,0,0,0,6967.44,8925.84,10.35772656335962
1231,M49896,M,297.8340536854644,309.0461346855664,1630,37.98,63,0,0,0,0,0,0,6482.93,2392.74,11.212081000101989
1232,L55578,L,298.6652677881275,310.1811844819744,2069,19.97,148,0,0,0,0,0,0,4326.8,2955.56,11.515916693846918
1233,L31154,L,298.0579046001722,308.67096539437347,1344,60.51,36,0,0,0,0,0,0,8516.38,2178.36,10.61306079420126
1234,L50737,L,298.6103806650306,308.50437134245976,1596,36.36,184,0,0,0,0,0,0,6076.95,6690.24,9.893990677429144
1235,L31775,L,298.0392411842547,308.7418323086141,1599,33.83,213,0,0,0,0,0,0,5664.73,7205.79,10.702591124359401
1236,L47845,L,298.304896900345,309.365495251182,1508,36.21,18,0,0,0,0,0,0,5718.19,651.78,11.060598350836983
1237,L22063,L,298.3031902409592,308.2316793008644,1656,41.88,2,0,0,0,0,0,0,7262.66,83.76,9.92848905990519
1238,L64596,L,301.7684644443366,310.6889538120382,1519,41.11,65,0,0,0,0,0,0,6539.34,2672.15,8.920489367701634
1239,H32277,H,297.57418288575985,309.4090991522657,1446,50.34,201,0,0,0,0,0,0,7622.72,10118.34,11.834916266505843
1240,M75211,M,296.3862256144147,307.06180877599104,1549,34.7,8,0,0,0,0,0,0,5628.72,277.6,10.675583161576355
1241,L56596,L,302.2532376998638,311.133639164809,1755,31.18,181,0,0,0,0,0,0,5730.36,5643.58,8.88040146494518
1242,L90636,L,297.1798450280692,307.7976768262438,1784,24.37,76,0,0,0,0,0,0,4552.8,1852.1200000000001,10.617831798174564
1243,M29905,M,299.10203034514456,308.2311450118686,2036,20.15,19,0,0,0,0,0,0,4296.17,382.84999999999997,9.129114666724035
1244,H34564,H,302.03628281945333,311.23098954243966,1613,37.08,150,0,0,0,0,0,0,6263.29,5562.0,9.194706722986325
1245,L31873,L,299.3253847374945,308.4582147070643,1686,28.61,199,0,0,0,0,0,0,5051.31,5693.39,9.132829969569798
1246,L66769,L,297.20815839512613,308.5404348011272,1553,41.66,124,0,0,0,0,0,0,6775.16,5165.839999999999,11.332276406001085
1247,H19616,H,300.45054207458514,309.798742802577,1455,45.44,210,1,1,0,0,0,0,6923.57,9542.4,9.348200727991866
1248,M71770,M,301.783076376827,310.2380159105245,1231,55.75,79,1,0,1,0,0,0,7186.73,4404.25,8.454939533697484
1249,L83713,L,299.47941225877406,309.5046818415954,1396,59.12,198,1,0,0,0,1,0,8642.68,11705.76,10.025269582821352
1250,L70731,L,302.1128740117633,311.3223001493023,1666,34.22,133,0,0,0,0,0,0,5970.13,4551.26,9.20942613753897
1251,M22120,M,300.5160759083011,311.6379252209149,1748,26.96,118,0,0,0,0,0,0,4935.03,3181.28,11.12184931261379
1252,L54369,L,297.28201511885675,308.39463204789746,1330,53.33,152,0,0,0,0,0,0,7427.66,8106.16,11.112616929040712
1253,L58012,L,302.30437068128435,310.2313802767188,1552,38.16,143,0,0,0,0,0,0,6201.96,5456.879999999999,7.92700959543447
1254,M45191,M,304.3362364891023,313.4159355617205,1567,38.96,15,0,0,0,0,0,0,6393.17,584.4,9.079699072618212
1255,M51968,M,302.112953017359,311.65555552684066,1590,34.04,26,0,0,0,0,0,0,5667.81,885.04,9.54260250948164
1256,M78613,M,301.9245818323836,311.4410404148905,1564,35.79,27,0,0,0,0,0,0,5861.75,966.3299999999999,9.516458582506914
1257,L85114,L,303.09293936446386,311.12230486858243,1370,48.19,106,1,0,1,0,0,0,6913.63,5108.139999999999,8.029365504118573
1258,L37000,L,298.8953754085788,309.99731620522806,1389,56.05,86,0,0,0,0,0,0,8152.79,4820.3,11.101940796649274
1259,M39684,M,299.2087577650317,310.194812221098,1276,69.09,108,1,0,0,1,0,0,9231.97,7461.72,10.986054456066313
1260,M28724,M,303.2421321025557,312.5595084295073,1401,46.74,136,0,0,0,0,0,0,6857.34,6356.64,9.317376326951603
1261,L46159,L,298.1199203598969,308.3128938443237,1671,32.73,1,0,0,0,0,0,0,5727.32,32.73,10.192973484426773
1262,L59124,L,299.2116896095549,308.4689381207496,1283,68.61,76,1,0,0,1,0,0,9218.13,5214.36,9.257248511194689
1263,M74219,M,298.3954933611693,309.2396623434305,1792,28.7,133,0,0,0,0,0,0,5385.78,3817.1,10.84416898226118
1264,L34084,L,302.3463410811204,310.2934292572961,1916,21.05,107,0,0,0,0,0,0,4223.54,2252.35,7.9470881761757255
1265,M29470,M,298.9940529394938,310.0411445407168,1469,47.69,128,0,0,0,0,0,0,7336.31,6104.32,11.047091601222974
1266,L12990,L,298.1861401344841,309.7474171382838,1583,37.55,115,0,0,0,0,0,0,6224.72,4318.25,11.561277003799717
1267,L18450,L,302.4996731462185,311.2700677536754,1926,22.21,176,0,0,0,0,0,0,4479.54,3908.96,8.770394607456865
1268,H14641,H,299.8794497841498,310.1953284959418,1375,49.92,161,0,0,0,0,0,0,7187.96,8037.12,10.315878711791981
1269,L28663,L,299.2780298806694,310.66243492568884,1750,27.65,223,1,1,0,0,0,0,5067.13,6165.95,11.384405045019435
1270,M72550,M,295.6712265633887,306.1017802877108,1570,33.77,81,0,0,0,0,0,0,5552.13,2735.3700000000003,10.430553724322124
1271,L79677,L,300.5844358784701,310.0297740563554,1451,55.0,70,0,0,0,0,0,0,8357.16,3850.0,9.445338177885276
1272,L97582,L,298.3739213761484,308.1608507582052,1489,43.24,88,0,0,0,0,0,0,6742.31,3805.1200000000003,9.786929382056769
1273,L59057,L,300.2550066372181,311.6787027015488,1354,52.79,111,0,0,0,0,0,0,7485.12,5859.69,11.42369606433067
1274,L50921,L,301.74476627821207,310.55473685502534,1417,46.16,113,0,0,0,0,0,0,6849.59,5216.08,8.80997057681327
1275,L90943,L,299.725167917289,310.8699820953882,2132,17.34,189,0,0,0,0,0,0,3871.37,3277.2599999999998,11.144814178099182
1276,H23235,H,300.50280263793377,309.6641616271908,1291,72.59,161,1,0,0,1,0,0,9813.67,11686.99,9.161358989257053
1277,L66722,L,298.22803006610576,309.5153312183344,1670,27.86,136,0,0,0,0,0,0,4872.21,3788.96,11.287301152228622
1278,M83626,M,297.8944084370964,308.6468059223744,1523,48.21,82,0,0,0,0,0,0,7688.93,3953.2200000000003,10.752397485278038
1279,M55229,M,299.8436437780412,309.0080421580461,1260,57.74,87,0,0,0,0,0,0,7618.61,5023.38,9.164398380004911
1280,H33528,H,297.37383650462743,308.6520335932452,1385,49.3,120,0,0,0,0,0,0,7150.32,5916.0,11.278197088617787
1281,M65877,M,299.54323422862274,308.909234624075,1262,60.17,101,0,0,0,0,0,0,7951.85,6077.17,9.36600039545226
1282,M99605,M,303.1395261508245,312.79223245185955,1601,32.64,76,0,0,0,0,0,0,5472.3,2480.64,9.652706301035039
1283,L31234,L,300.2583076886162,309.73313953675364,1327,63.14,154,0,0,0,0,0,0,8774.13,9723.56,9.474831848137455
1284,M60693,M,299.3955006386264,310.65654164365384,1579,42.11,15,0,0,0,0,0,0,6962.99,631.65,11.261041005027437
1285,L14568,L,301.1072562137741,310.71113810153986,1526,40.45,102,0,0,0,0,0,0,6464.0,4125.900000000001,9.603881887765738
1286,L30936,L,302.3300535560313,311.9210919764481,1376,56.39,208,1,0,0,0,1,0,8125.48,11729.12,9.591038420416794
1287,L79035,L,300.8408324676018,310.83693473048925,1382,57.86,190,1,0,0,0,1,0,8373.66,10993.4,9.996102262887462
1288,M54639,M,301.49721195469795,310.6287909398147,1294,61.04,137,0,0,0,0,0,0,8271.37,8362.48,9.131578985116732
1289,H27930,H,298.44042112924814,307.85126396254344,1479,45.29,173,0,0,0,0,0,0,7014.54,7835.17,9.410842833295305
1290,L40183,L,302.3989039543755,311.07657949108705,1935,23.27,55,0,0,0,0,0,0,4715.26,1279.85,8.677675536711547
1291,M20885,M,298.22036478541713,308.97394276643087,1419,48.22,75,0,0,0,0,0,0,7165.36,3616.5,10.753577981013734
1292,L80151,L,303.54731353078745,312.53328130156643,1415,48.7,162,0,0,0,0,0,0,7216.29,7889.400000000001,8.985967770778984
1293,M94857,M,296.8526512577757,307.7406301883369,1483,37.13,157,0,0,0,0,0,0,5766.27,5829.410000000001,10.887978930561246
1294,L19523,L,297.244496253296,309.4664744207194,1547,40.74,141,0,0,0,0,0,0,6599.94,5744.34,12.221978167423401
1295,H31414,H,301.0309168505105,310.9300407339603,1642,37.3,116,0,0,0,0,0,0,6413.73,4326.799999999999,9.899123883449818
1296,L87129,L,299.70145797301785,310.9744446872717,1742,28.59,118,0,0,0,0,0,0,5215.44,3373.62,11.272986714253875
1297,M89079,M,302.3109256807395,312.0530666474444,1508,40.12,174,0,0,0,0,0,0,6335.65,6980.879999999999,9.74214096670488
1298,M79059,M,300.32062997292314,311.79268923343506,1552,33.01,211,1,1,0,0,0,0,5364.95,6965.11,11.472059260511912
1299,L74353,L,304.261104244132,313.64703412251606,1520,35.02,203,1,1,0,0,0,0,5574.27,7109.06,9.385929878384047
1300,M87521,M,303.58415785662294,312.01818489549186,2670,11.42,72,1,0,0,1,0,0,3193.05,822.24,8.43402703886892
1301,L43612,L,297.7064177952186,307.266030449164,1430,40.06,17,0,0,0,0,0,0,5998.95,681.02,9.559612653945408
1302,M90548,M,301.14987174140134,311.4474158983278,1712,26.29,41,0,0,0,0,0,0,4713.28,1077.8899999999999,10.297544156926449
1303,H89794,H,300.67371245260284,310.7127304506158,1437,39.41,4,0,0,0,0,0,0,5930.51,157.64,10.03901799801298
1304,L30679,L,299.490462608392,309.3171187939779,1573,37.36,37,0,0,0,0,0,0,6154.1,1382.32,9.826656185585875
1305,L16570,L,300.5698676894356,309.77062146338324,1579,36.38,112,0,0,0,0,0,0,6015.52,4074.5600000000004,9.20075377394761
1306,L56890,L,298.9023149788018,309.06191501721213,1547,48.75,228,1,0,0,0,1,0,7897.57,11115.0,10.159600038410304
1307,M78246,M,300.78042976487967,312.15815722135744,1619,31.11,148,0,0,0,0,0,0,5274.43,4604.28,11.377727456477771
1308,L86492,L,301.5479482320923,310.8844818089186,1734,28.56,110,0,0,0,0,0,0,5186.04,3141.6,9.336533576826298
1309,L22821,L,299.6666406863126,310.3789240826894,1630,33.24,134,0,0,0,0,0,0,5673.84,4454.16,10.712283396376847
1310,L43964,L,303.7582971905368,312.8467318036297,1527,34.2,177,0,0,0,0,0,0,5468.82,6053.400000000001,9.088434613092943
1311,L79105,L,300.458399906584,310.6392596879969,1525,39.3,60,0,0,0,0,0,0,6276.12,2358.0,10.180859781412892
1312,L15436,L,303.6965484361902,312.87771367726634,1691,27.77,12,0,0,0,0,0,0,4917.54,333.24,9.181165241076144
1313,L75063,L,298.9189863257428,310.17909905253345,1386,62.51,90,1,0,0,1,0,0,9072.8,5625.9,11.260112726790624
1314,L36246,L,300.84847448248826,310.7165868110569,1586,34.36,144,0,0,0,0,0,0,5706.7,4947.84,9.868112328568657
1315,L12020,L,298.2678552503003,307.9304945544178,1355,59.23,116,0,0,0,0,0,0,8404.46,6870.679999999999,9.662639304117533
1316,M31772,M,302.2203471007676,311.2035780886445,1788,25.99,10,0,0,0,0,0,0,4866.34,259.9,8.983230987876937
1317,M76763,M,302.8756469667589,311.08059347963507,1940,21.37,57,0,0,0,0,0,0,4341.45,1218.0900000000001,8.204946512876177
1318,M88304,M,299.9451253243547,309.1196005883746,1598,36.44,176,0,0,0,0,0,0,6097.95,6413.44,9.174475264019918
1319,L17315,L,300.5217933425047,312.0362329677984,1300,56.77,195,1,0,0,0,1,0,7728.42,11070.150000000001,11.514439625293733
1320,L51745,L,302.14284962759524,311.0928669417092,1571,37.7,213,0,0,0,0,0,0,6202.21,8030.1,8.95001731411395
1321,H28105,H,299.50873893823143,310.80724918180454,1727,29.3,130,0,0,0,0,0,0,5298.93,3809.0,11.298510243573105
1322,L71518,L,302.3327095003094,311.762421527331,1357,50.51,95,0,0,0,0,0,0,7177.71,4798.45,9.429712027021594
1323,L80261,L,297.1973302646181,308.619861855442,1640,32.61,49,0,0,0,0,0,0,5600.45,1597.8899999999999,11.42253159082395
1324,L96589,L,298.5124538785592,309.09345956605455,1550,35.39,151,0,0,0,0,0,0,5744.35,5343.89,10.581005687495349
1325,M41942,M,301.0274524034715,311.7092121793928,1301,55.46,13,0,0,0,0,0,0,7555.89,720.98,10.681759775921307
1326,M36926,M,298.116095952751,309.0340687201411,1591,39.69,158,0,0,0,0,0,0,6612.72,6271.0199999999995,10.917972767390097
1327,M37884,M,298.6351520588197,309.57022970376306,1604,36.94,183,0,0,0,0,0,0,6204.83,6760.0199999999995,10.935077644943362
1328,L78507,L,297.6093322922986,307.5076964162854,1566,32.94,117,0,0,0,0,0,0,5401.87,3853.9799999999996,9.898364123986823
1329,L50056,L,300.78514288468045,311.21913779741834,1471,41.04,71,0,0,0,0,0,0,6321.91,2913.84,10.433994912737887
1330,L12048,L,297.78904346835753,307.5686482730751,1931,23.3,68,0,0,0,0,0,0,4711.58,1584.4,9.779604804717565
1331,M95284,M,297.2746413480841,309.5022789423968,1560,42.42,59,0,0,0,0,0,0,6929.85,2502.78,12.227637594312682
1332,M19370,M,299.17102807834186,309.0958384899978,1392,46.47,32,0,0,0,0,0,0,6773.93,1487.04,9.924810411655926
1333,H93534,H,298.30518523248975,308.5737312514668,1441,51.77,153,0,0,0,0,0,0,7812.15,7920.81,10.268546018977077
1334,M24567,M,298.3324114521037,308.85230199980845,1420,50.39,22,0,0,0,0,0,0,7493.1,1108.58,10.519890547704733
1335,L58431,L,303.0494365898552,311.3067446783707,1385,56.15,148,1,0,1,0,0,0,8143.82,8310.199999999999,8.257308088515515
1336,M38117,M,300.8231393769148,310.1662356009713,1214,52.77,19,0,0,0,0,0,0,6708.64,1002.6300000000001,9.343096224056467
1337,L71811,L,300.05622633342074,311.1703811445386,1643,32.29,62,0,0,0,0,0,0,5555.64,2001.98,11.114154811117885
1338,L46268,L,300.778946561252,310.6585589644966,1536,45.54,144,0,0,0,0,0,0,7325.09,6557.76,9.879612403244607
1339,L43060,L,300.22528946326617,309.4705251375542,1300,49.53,125,0,0,0,0,0,0,6742.8,6191.25,9.24523567428804
1340,L52930,L,298.3743434530291,308.00463493432585,1302,60.34,217,1,0,0,0,1,0,8227.06,13093.78,9.630291481296751
1341,M97374,M,300.6042540683658,310.9582196250996,1416,43.87,70,0,0,0,0,0,0,6505.18,3070.8999999999996,10.35396555673384
1342,L32079,L,300.4513355677896,309.7916937286602,1538,42.73,127,0,0,0,0,0,0,6882.05,5426.71,9.340358160870608
1343,L29774,L,301.95267892352666,311.2025063647384,1543,38.83,193,0,0,0,0,0,0,6274.25,7494.19,9.249827441211721
1344,L15959,L,302.23679415296647,311.8938553886914,1333,56.22,207,1,0,0,0,1,0,7847.83,11637.539999999999,9.657061235724939
1345,L76477,L,296.97611235765345,308.12380834881577,1495,45.99,189,0,0,0,0,0,0,7200.01,8692.11,11.147695991162323
1346,M70976,M,298.2771813306508,307.6721159312748,1609,34.25,194,0,0,0,0,0,0,5770.92,6644.5,9.39493460062397
1347,L64787,L,300.6392212164466,309.4307961257298,1453,41.15,85,0,0,0,0,0,0,6261.29,3497.75,8.791574909283213
1348,M12129,M,301.3121257542317,310.6213109340309,1490,48.48,96,0,0,0,0,0,0,7564.45,4654.08,9.309185179799158
1349,M81151,M,297.4099116362736,308.3647165463532,1468,59.79,206,1,0,0,1,1,0,9191.43,12316.74,10.954804910079588
1350,L82851,L,298.9869025818126,309.9899541264247,1698,33.12,86,0,0,0,0,0,0,5889.2,2848.3199999999997,11.003051544612106
1351,L95049,L,302.6696542264418,312.2077931705061,1562,34.88,231,0,0,0,0,0,0,5705.4,8057.280000000001,9.538138944064258
1352,L93623,L,303.76747274462974,312.4504387395731,1517,39.16,185,0,0,0,0,0,0,6220.95,7244.599999999999,8.682965994943345
1353,M33685,M,302.6449741278122,312.29908051439645,1633,32.16,158,0,0,0,0,0,0,5499.6,5081.28,9.65410638658426
1354,H73932,H,301.1423152644701,309.9033138200065,1455,40.12,23,0,0,0,0,0,0,6112.97,922.76,8.76099855553639
1355,M46237,M,302.6295545769278,310.35858117593085,1463,42.27,137,0,0,0,0,0,0,6475.98,5790.990000000001,7.7290265990030775
1356,M63635,M,301.8559413194637,309.5755418783912,1350,60.64,181,1,0,1,0,0,0,8572.78,10975.84,7.719600558927539
1357,M39924,M,301.354854547546,311.0254245638907,1723,25.45,87,0,0,0,0,0,0,4592.0,2214.15,9.670570016344698
1358,L69131,L,298.53914736634863,309.33707021284346,1315,51.27,50,0,0,0,0,0,0,7060.21,2563.5,10.797922846494828
1359,L95747,L,301.7507592031986,310.7776498590199,1891,24.23,32,0,0,0,0,0,0,4798.15,775.36,9.026890655821319
1360,H68699,H,301.26952447863425,310.61987345802794,1603,32.74,58,0,0,0,0,0,0,5495.93,1898.92,9.350348979393686
1361,L92875,L,296.85466321606896,307.8932865481545,1426,41.4,138,0,0,0,0,0,0,6182.28,5713.2,11.038623332085535
1362,H93852,H,299.2099573729289,309.8288943346907,1423,41.06,148,0,0,0,0,0,0,6118.61,6076.88,10.61893696176179
1363,L20698,L,300.49201490761493,310.92586095631617,1556,39.24,67,0,0,0,0,0,0,6393.92,2629.08,10.433846048701241
1364,M96786,M,299.7034400060495,309.0886011043053,1387,48.13,27,0,0,0,0,0,0,6990.7,1299.51,9.385161098255821
1365,L83643,L,297.35443761698286,309.25828267510286,1279,54.29,117,0,0,0,0,0,0,7271.42,6351.93,11.903845058119998
1366,M48403,M,298.4452337342834,308.34617785027257,1612,27.43,52,0,0,0,0,0,0,4630.41,1426.36,9.900944115989148
1367,M64006,M,300.2647614507759,310.5036007846237,1634,31.25,43,0,0,0,0,0,0,5347.25,1343.75,10.238839333847807
1368,L65536,L,302.35943572802194,311.1660204005336,1961,23.26,5,0,0,0,0,0,0,4776.57,116.30000000000001,8.80658467251169
1369,L80773,L,299.14947619522064,310.13637222619406,2033,19.77,14,0,0,0,0,0,0,4208.94,276.78,10.986896030973412
1370,L82251,L,299.91515086309005,309.51496367331816,1527,39.83,13,0,0,0,0,0,0,6369.1,517.79,9.599812810228116
1371,M19219,M,296.5182294269048,307.7693802989974,1551,36.54,234,0,0,0,0,0,0,5934.84,8550.36,11.251150872092637
1372,L10093,L,302.699494528528,311.6156473223147,1633,32.01,23,0,0,0,0,0,0,5473.95,736.2299999999999,8.916152793786694
1373,M32184,M,301.2485826105163,310.52273504438466,1614,34.42,94,0,0,0,0,0,0,5817.59,3235.48,9.27415243386838
1374,L57430,L,302.20736745034407,310.22993356730893,1912,22.99,172,0,0,0,0,0,0,4603.15,3954.2799999999997,8.022566116964867
1375,L86426,L,297.69708431394747,308.49900641392844,1374,56.63,205,1,0,0,0,1,0,8148.2,11609.15,10.80192209998097
1376,M68758,M,301.84374413868403,311.02701024633615,1411,44.35,172,0,0,0,0,0,0,6553.14,7628.2,9.183266107652116
1377,L22229,L,302.6667290328588,311.67502543166955,1311,52.83,0,0,0,0,0,0,0,7252.9,0.0,9.008296398810728
1378,L74547,L,298.72127136403384,308.4664934896946,1438,53.54,62,0,0,0,0,0,0,8062.43,3319.48,9.745222125660746
1379,L52135,L,299.93494777002167,310.28419847302644,1414,45.23,182,0,0,0,0,0,0,6697.37,8231.859999999999,10.34925070300477
1380,L43190,L,301.67683336707034,310.8666284448414,1383,46.41,173,0,0,0,0,0,0,6721.44,8028.929999999999,9.189795077771066
1381,L79448,L,299.04712406918924,310.027103180358,1504,41.08,84,0,0,0,0,0,0,6470.04,3450.72,10.979979111168745
1382,L36607,L,296.8559534055461,308.4389861662589,1593,29.72,184,0,0,0,0,0,0,4957.85,5468.48,11.583032760712854
1383,L65679,L,298.4619073734195,309.7254054958392,1373,46.33,204,1,1,0,0,0,0,6661.34,9451.32,11.263498122419719
1384,L26392,L,300.9802418766947,310.81973087919954,1303,54.75,69,0,0,0,0,0,0,7470.63,3777.75,9.83948900250482
1385,L44340,L,302.3897481712728,310.4911825606092,1623,33.18,195,0,0,0,0,0,0,5639.28,6470.1,8.101434389336418
1386,L60202,L,297.3113019669879,308.65113487361833,1379,47.54,111,0,0,0,0,0,0,6865.18,5276.94,11.33983290663042
1387,M66106,M,301.9498509326893,310.7971892448959,1595,38.04,60,0,0,0,0,0,0,6353.75,2282.4,8.847338312206602
1388,M92736,M,298.36961185684913,308.63992582248136,1342,48.57,32,0,0,0,0,0,0,6825.73,1554.24,10.270313965632226
1389,M36130,M,303.3403681126428,311.6140891388387,1519,40.11,206,0,0,0,0,0,0,6380.27,8262.66,8.273721026195915
1390,M90637,M,303.5901011827244,312.33869985291363,1535,37.37,146,0,0,0,0,0,0,6007.03,5456.0199999999995,8.74859867018921
1391,L83493,L,302.21937055715847,311.0711557104739,1815,23.87,80,0,0,0,0,0,0,4536.88,1909.6000000000001,8.851785153315404
1392,L42396,L,302.8772872361004,311.99280719826515,1350,52.76,169,0,0,0,0,0,0,7458.77,8916.44,9.11551996216474
1393,L22607,L,302.1348930615866,311.4045185389995,1587,33.74,16,0,0,0,0,0,0,5607.26,539.84,9.269625477412944
1394,L33206,L,303.25546549868125,311.074348993508,1348,46.83,31,1,0,1,0,0,0,6610.63,1451.73,7.818883494826764
1395,L69202,L,299.67545382607267,309.17005438543515,1417,47.83,196,0,0,0,0,0,0,7097.39,9374.68,9.494600559362482
1396,H80990,H,303.9234781073674,312.7721310204897,1575,40.21,150,0,0,0,0,0,0,6631.98,6031.5,8.84865291312235
1397,L65103,L,302.8723182935568,312.3915344852503,1702,28.6,71,0,0,0,0,0,0,5097.46,2030.6000000000001,9.519216191693488
1398,L75247,L,301.778100018882,309.6687725643324,1463,45.62,231,1,1,0,0,0,0,6989.21,10538.22,7.8906725454504
1399,L19152,L,297.1690655812,308.27701088054647,1291,44.13,206,1,1,0,0,0,0,5966.08,9090.78,11.107945299346454
1400,L55480,L,297.03082166852624,307.84067920597806,1347,75.41,172,1,0,0,1,1,0,10637.15,12970.519999999999,10.809857537451819
1401,M88639,M,300.2419036890103,311.44787782808424,1518,40.66,96,0,0,0,0,0,0,6463.5,3903.3599999999997,11.20597413907393
1402,L45012,L,301.56112182694045,311.0989925467537,1444,43.14,160,0,0,0,0,0,0,6523.43,6902.4,9.53787071981327
1403,L90898,L,296.7755116581942,307.91443435019704,1537,37.78,8,0,0,0,0,0,0,6080.85,302.24,11.138922692002836
1404,M21141,M,297.4410013262041,308.22622258326334,1469,44.48,6,0,0,0,0,0,0,6842.51,266.88,10.78522125705922
1405,L98085,L,302.43032183167054,311.0181169694184,1549,41.08,162,0,0,0,0,0,0,6663.62,6654.96,8.587795137747833
1406,L80661,L,297.88336047339544,307.15028466410274,1348,60.9,182,1,0,0,0,1,0,8596.78,11083.8,9.2669241907073
1407,L66359,L,299.0307088220125,308.68515942387654,1300,59.84,120,0,0,0,0,0,0,8146.36,7180.8,9.654450601864028
1408,H65571,H,303.3782097769684,311.6005345474276,1652,30.4,47,0,0,0,0,0,0,5259.11,1428.8,8.222324770459238
1409,H94268,H,296.5989446372617,307.759211838582,1366,61.33,103,1,0,0,1,0,0,8773.08,6316.99,11.160267201320323
1410,M43918,M,300.86158397732925,311.1951589136159,1438,52.38,74,0,0,0,0,0,0,7887.75,3876.1200000000003,10.333574936286652
1411,L24843,L,299.649738150729,310.6365779504173,1505,40.38,193,0,0,0,0,0,0,6364.02,7793.34,10.986839799688312
1412,L92689,L,296.56756782096915,307.0573063532748,1421,52.38,32,0,0,0,0,0,0,7794.5,1676.16,10.489738532305637
1413,M19248,M,298.4118483500284,308.3155291444275,1579,33.94,173,0,0,0,0,0,0,5612.06,5871.62,9.903680794399122
1414,M69369,M,303.7513124788276,312.65703247965143,1782,27.82,112,0,0,0,0,0,0,5191.51,3115.84,8.905720000823862
1415,L33938,L,298.1641488940865,308.0672997781417,1483,41.49,150,0,0,0,0,0,0,6443.37,6223.5,9.903150884055208
1416,L93630,L,301.99774094328416,311.3078639096996,1491,31.04,200,0,0,0,0,0,0,4846.5,6208.0,9.310122966415463
1417,L97629,L,300.7675128332667,309.5138157641009,1390,55.52,2,0,0,0,0,0,0,8081.52,111.04,8.74630293083419
1418,L52696,L,300.91945883395346,312.5133299042248,1482,58.84,91,1,0,0,1,0,0,9131.65,5354.4400000000005,11.593871070271348
1419,L57992,L,301.3165366808188,311.2163922739615,1553,34.0,205,0,0,0,0,0,0,5529.41,6970.0,9.899855593142718
1420,M50915,M,297.4033626624431,308.9474073242001,1303,61.96,205,1,1,0,0,1,0,8454.43,12701.8,11.544044661757027
1421,L48269,L,298.47393286101374,309.00095928354585,1475,44.88,215,0,0,0,0,0,0,6932.24,9649.2,10.527026422532117
1422,L94350,L,299.1748709407552,308.3861598006231,1412,46.75,1,0,0,0,0,0,0,6912.66,46.75,9.211288859867864
1423,L35839,L,297.0468636715584,308.2277174623497,1359,52.69,213,1,0,0,0,1,0,7498.53,11222.97,11.180853790791275
1424,M96380,M,301.66814235300404,310.582587094395,1335,65.67,1,1,0,0,1,0,0,9180.72,65.67,8.91444474139098
1425,M68537,M,302.1217577061434,311.03773369439193,1389,46.37,208,1,0,1,0,0,0,6744.78,9644.96,8.915975988248533
1426,L96468,L,299.4906267652236,310.74503089738,1911,22.79,209,1,1,0,0,0,0,4560.72,4763.11,11.254404132156367
1427,M65088,M,300.4989312474861,309.8456995103405,1418,43.57,196,0,0,0,0,0,0,6469.82,8539.72,9.346768262854425
1428,M83699,M,300.4105380895674,311.9630115168767,1679,30.68,48,0,0,0,0,0,0,5394.29,1472.6399999999999,11.55247342730928
1429,L54097,L,299.8785591434137,310.0252563770398,1560,39.34,153,0,0,0,0,0,0,6426.69,6019.02,10.146697233626071
1430,L51616,L,297.989459868783,307.69510088940075,1591,39.37,32,0,0,0,0,0,0,6559.4,1259.84,9.705641020617747
1431,L33173,L,302.2674886243811,311.6073932825195,1342,55.95,206,1,0,0,0,1,0,7862.87,11525.7,9.339904658138437
1432,L28926,L,297.7885212999443,308.6684164461721,1311,47.67,153,0,0,0,0,0,0,6544.5,7293.51,10.879895146227796
1433,L13392,L,302.5958167883231,312.3590924104666,1457,46.81,250,1,0,0,0,1,0,7142.11,11702.5,9.76327562214351
1434,L44509,L,301.6037444101851,310.8128586087407,1754,26.76,54,0,0,0,0,0,0,4915.24,1445.0400000000002,9.209114198555653
1435,M98895,M,301.0284338333855,310.54648952333895,1480,37.26,117,0,0,0,0,0,0,5774.75,4359.42,9.518055689953428
1436,L94445,L,298.3899861460128,308.0631442421749,1593,31.63,152,0,0,0,0,0,0,5276.47,4807.76,9.67315809616207
1437,L72119,L,301.44720147545644,310.8218350851919,1307,50.98,9,0,0,0,0,0,0,6977.57,458.82,9.37463360973544
1438,M42719,M,300.4453257410786,311.4120203565592,1851,22.24,52,0,0,0,0,0,0,4310.92,1156.48,10.966694615480606
1439,M56832,M,301.45032190363673,310.6659081193567,1819,24.34,212,0,0,0,0,0,0,4636.41,5160.08,9.215586215719952
1440,H78103,H,298.0345008781684,307.93100153620827,1627,36.31,92,0,0,0,0,0,0,6186.46,3340.5200000000004,9.896500658039884
1441,L10180,L,301.72024487999244,310.8378712360175,2672,11.5,124,1,0,0,1,0,0,3217.83,1426.0,9.117626356025085
1442,L93069,L,303.2432710013188,311.40558158042575,1300,54.05,225,1,0,1,0,1,0,7358.13,12161.25,8.16231057910693
1443,L88339,L,297.73311774840295,308.90767732536426,1579,42.08,48,0,0,0,0,0,0,6958.03,2019.84,11.174559576961315
1444,L97334,L,298.8726446578831,309.75518684403806,1588,31.41,214,0,0,0,0,0,0,5223.33,6721.74,10.882542186154978
1445,M18491,M,303.3827166807934,311.5327207549803,1328,53.96,47,1,0,1,0,0,0,7504.1,2536.12,8.150004074186882
1446,M95289,M,297.834804847578,307.26052961556,1791,26.38,223,0,0,0,0,0,0,4947.65,5882.74,9.42572476798199
1447,L65214,L,300.9790935750258,310.5494395270425,1587,29.67,45,0,0,0,0,0,0,4930.86,1335.15,9.570345952016737
1448,M59954,M,298.7819728120708,309.8174311436398,1279,64.54,70,0,0,0,0,0,0,8644.27,4517.8,11.035458331568975
1449,L26157,L,299.9632121254456,309.135404108562,1782,28.3,3,0,0,0,0,0,0,5281.08,84.9,9.17219198311642
1450,M54268,M,297.4288135778156,308.5954693958662,1352,51.5,19,0,0,0,0,0,0,7291.43,978.5,11.166655818050572
1451,H42696,H,300.5609345986177,309.21024270621865,1376,46.78,247,1,1,0,0,0,0,6740.74,11554.66,8.649308107600973
1452,L98886,L,302.3611877898172,310.1845028414148,1337,50.51,35,1,0,1,0,0,0,7071.92,1767.85,7.8233150515976035
1453,L40573,L,303.4873731038899,311.83290403270183,1393,46.77,66,1,0,1,0,0,0,6822.56,3086.82,8.345530928811911
1454,M29635,M,299.0525707025996,308.586547044736,1568,35.06,5,0,0,0,0,0,0,5756.87,175.3,9.533976342136384
1455,M95173,M,296.37606175008506,307.1754159001057,1503,37.49,28,0,0,0,0,0,0,5900.69,1049.72,10.799354150020633
1456,L26877,L,303.68629481298666,312.3984677436587,1680,26.22,140,0,0,0,0,0,0,4612.86,3670.7999999999997,8.712172930672068
1457,L91403,L,297.0759506911645,308.02835891384336,1464,42.21,230,0,0,0,0,0,0,6471.2,9708.300000000001,10.952408222678855
1458,M96685,M,301.41088910765023,310.5868208090757,1391,63.5,93,1,0,0,1,0,0,9249.74,5905.5,9.17593170142544
1459,L37661,L,302.91423820730694,312.1726681345302,1461,51.87,212,1,0,0,0,1,0,7935.88,10996.439999999999,9.25842992722329
1460,M72026,M,298.0428783307253,308.7926653772823,1495,58.48,179,1,0,0,1,0,0,9155.4,10467.92,10.749787046557003
1461,L81706,L,302.5155552687899,311.5122184735724,1600,40.02,59,0,0,0,0,0,0,6705.42,2361.1800000000003,8.996663204782465
1462,L58266,L,301.71304667381787,309.53048307728784,1439,45.25,234,1,1,0,0,0,0,6818.8,10588.5,7.817436403469969
1463,M72727,M,300.0975488932895,310.4421965073355,1964,21.17,83,0,0,0,0,0,0,4354.03,1757.1100000000001,10.344647614045982
1464,L21884,L,297.3551647146018,307.6342603282211,1382,44.12,172,0,0,0,0,0,0,6385.17,7588.639999999999,10.27909561361929
1465,L56442,L,299.21862638909585,308.35897431079275,1408,40.14,57,0,0,0,0,0,0,5918.46,2287.98,9.1403479216969
1466,M56191,M,302.90483078024005,311.4476673442788,1339,53.86,204,1,0,1,0,0,0,7552.24,10987.44,8.542836564038737
1467,M60982,M,302.84563279978994,312.66349498928,1617,33.56,135,0,0,0,0,0,0,5682.78,4530.6,9.817862189490086
1468,L94978,L,297.8367689960453,308.4724817761025,1489,48.49,201,0,0,0,0,0,0,7560.93,9746.49,10.63571278005719
1469,L84222,L,298.82874363173767,308.7705291125684,1668,32.25,104,0,0,0,0,0,0,5633.19,3354.0,9.941785480830731
1470,M64259,M,300.4878853464473,311.8123680500417,1429,49.38,216,0,0,0,0,0,0,7389.45,10666.08,11.324482703594413
1471,L46299,L,301.6131382431337,309.9145640065366,1682,26.67,17,0,0,0,0,0,0,4697.62,453.39000000000004,8.301425763402904
1472,L46416,L,302.1350052706049,309.8636158059947,1398,52.93,152,0,0,0,0,0,0,7748.86,8045.36,7.728610535389805
1473,L11814,L,298.498390105569,308.4314626893795,1513,37.78,20,0,0,0,0,0,0,5985.9,755.6,9.933072583810485
1474,L59598,L,300.72875022911944,310.66605202131217,1486,37.58,208,1,1,0,0,0,0,5847.96,7816.639999999999,9.937301792192727
1475,L32721,L,298.17710874475983,308.54290859371343,1996,20.93,35,0,0,0,0,0,0,4374.8,732.55,10.3657998489536
1476,H89752,H,296.88046412040404,308.07328905869554,1299,53.72,87,0,0,0,0,0,0,7307.58,4673.64,11.192824938291494
1477,L79624,L,297.8515198500271,308.54349992847034,1523,39.84,69,0,0,0,0,0,0,6354.01,2748.96,10.691980078443237
1478,L92155,L,300.6251434504497,311.1732613389092,1441,54.46,84,0,0,0,0,0,0,8218.08,4574.64,10.548117888459501
1479,M99622,M,303.3531186876881,311.93655481232804,2149,17.47,212,0,0,0,0,0,0,3931.5,3703.64,8.583436124639945
1480,L46007,L,297.10470232166534,307.5022073058686,1336,44.2,18,0,0,0,0,0,0,6183.83,795.6,10.397504984203238
1481,M48554,M,302.8539974009616,312.2401274940046,1274,70.84,233,1,0,0,1,1,0,9450.97,16505.72,9.386130093042993
1482,M64724,M,300.167597568822,309.30672155045266,1408,39.76,220,0,0,0,0,0,0,5862.43,8747.199999999999,9.13912398163069
1483,M48745,M,298.81375013244286,309.7169702178104,1384,48.24,39,0,0,0,0,0,0,6991.53,1881.3600000000001,10.903220085367536
1484,M35127,M,300.73959322463884,311.857204763144,1525,37.84,3,0,0,0,0,0,0,6042.96,113.52000000000001,11.117611538505173
1485,M73641,M,299.1933131436335,308.3049210914136,1450,45.06,44,0,0,0,0,0,0,6842.07,1982.64,9.1116079477801
1486,L50597,L,301.40286164173284,310.7297649752725,2012,20.32,211,0,0,0,0,0,0,4281.35,4287.52,9.326903333539633
1487,L94765,L,300.105367029469,309.48794902689247,2044,20.16,53,0,0,0,0,0,0,4315.19,1068.48,9.382581997423472
1488,L29789,L,297.53523963797375,308.231863437894,1321,53.34,154,0,0,0,0,0,0,7378.78,8214.36,10.696623799920246
1489,H49940,H,297.63940415673983,309.01074107997164,1395,40.13,52,0,0,0,0,0,0,5862.35,2086.76,11.371336923231809
1490,L57831,L,299.3214489155944,308.4715288337083,1396,44.74,89,0,0,0,0,0,0,6540.49,3981.86,9.150079918113931
1491,L91705,L,302.1260448294169,310.45451580483285,1341,47.03,110,1,0,1,0,0,0,6604.38,5173.3,8.32847097541594
1492,L62041,L,301.1972777669609,309.7853626189416,1601,32.83,171,0,0,0,0,0,0,5504.16,5613.929999999999,8.588084851980682
1493,L16214,L,300.22529518168017,311.46615826216777,1544,31.76,21,0,0,0,0,0,0,5135.19,666.96,11.2408630804876
1494,L40404,L,299.4713958407766,309.22897425915227,1562,32.75,20,0,0,0,0,0,0,5356.99,655.0,9.757578418375658
1495,L89747,L,298.8575662310064,309.9728975117605,1301,61.52,213,1,0,0,0,1,0,8381.51,13103.76,11.115331280754106
1496,L34490,L,297.1675213637554,308.39498433265493,1519,41.03,26,0,0,0,0,0,0,6526.61,1066.78,11.227462968899545
1497,L40657,L,296.2387356956912,307.22041715490536,1433,46.61,194,0,0,0,0,0,0,6994.46,9042.34,10.981681459214144
1498,L23592,L,304.2619897407017,313.7295178787719,1579,39.18,4,0,0,0,0,0,0,6478.51,156.72,9.467528138070179
1499,L74745,L,302.7854372427589,310.4722263842773,1364,41.62,12,1,0,1,0,0,0,5944.91,499.43999999999994,7.686789141518375
1500,L22558,L,302.75822251184854,312.37136282536443,1516,34.27,183,0,0,0,0,0,0,5440.54,6271.410000000001,9.613140313515885
1501,L43102,L,300.83204461013025,309.970776634993,2586,14.03,203,0,0,0,0,0,0,3799.4,2848.0899999999997,9.138732024862747
1502,L74030,L,298.5250475910142,310.1586563072894,1477,40.44,62,0,0,0,0,0,0,6254.9,2507.2799999999997,11.633608716275205
1503,H90593,H,298.759017607465,308.8763012005919,1546,38.91,34,0,0,0,0,0,0,6299.4,1322.9399999999998,10.1172835931269
1504,L29947,L,296.339634793474,307.1571419494374,1554,31.38,9,0,0,0,0,0,0,5106.61,282.42,10.817507155963426
1505,L39895,L,301.9745919436947,311.01938295825846,1567,37.88,218,0,0,0,0,0,0,6215.95,8257.84,9.04479101456377
1506,L20617,L,300.7598463329284,310.39777345941883,1269,64.65,162,0,0,0,0,0,0,8591.3,10473.300000000001,9.63792712649041
1507,L49408,L,301.54713691832046,310.1782522758544,2816,5.16,214,1,0,0,1,0,0,1521.64,1104.24,8.631115357533929
1508,L99897,L,300.2948239692431,311.7537258036114,1343,53.02,113,0,0,0,0,0,0,7456.66,5991.26,11.458901834368305
1509,L37379,L,299.3397017013366,308.1655054605287,1482,40.44,10,0,0,0,0,0,0,6276.07,404.4,8.825803759192127
1510,L33392,L,299.31588158076835,310.37560525210023,1513,38.53,32,0,0,0,0,0,0,6104.73,1232.96,11.05972367133188
1511,M45974,M,298.5081495803003,309.0612849539056,1928,22.34,197,0,0,0,0,0,0,4510.44,4400.98,10.5531353736053
1512,L90643,L,300.1657754055571,311.13273978175584,1479,39.08,131,0,0,0,0,0,0,6052.73,5119.48,10.966964376198746
1513,M59234,M,302.40747262919774,311.62492510723183,1612,31.61,202,0,0,0,0,0,0,5336.03,6385.22,9.21745247803409
1514,L64826,L,297.4603039968532,309.2290867560993,1552,39.36,55,0,0,0,0,0,0,6396.99,2164.8,11.768782759246108
1515,L80247,L,300.3981208221851,309.842810754837,1495,42.74,132,0,0,0,0,0,0,6691.2,5641.68,9.444689932651897
1516,L74355,L,303.02523495493034,311.1634626630704,1449,43.95,136,0,0,0,0,0,0,6668.93,5977.200000000001,8.13822770814005
1517,L63896,L,300.7142148125723,311.9535753225494,1487,45.38,31,0,0,0,0,0,0,7066.5,1406.78,11.239360509977075
1518,H60482,H,299.4574430314664,308.9927889302694,1758,29.64,141,0,0,0,0,0,0,5456.64,4179.24,9.535345898802973
1519,L57991,L,303.46217907321375,312.0015094202822,1381,54.65,30,1,0,1,0,0,0,7903.37,1639.5,8.539330347068471
1520,L26272,L,302.1678563117144,311.17881822320646,1634,33.37,138,0,0,0,0,0,0,5710.01,4605.0599999999995,9.010961911492075
1521,M47289,M,300.5478383299788,311.2127158711209,1574,36.18,57,0,0,0,0,0,0,5963.51,2062.2599999999998,10.664877541142118
1522,L86233,L,303.0700388776443,311.90484036866656,1389,41.73,33,1,0,1,0,0,0,6069.87,1377.09,8.834801491022233
1523,M13544,M,298.471904935526,309.1625278166472,1706,29.55,171,0,0,0,0,0,0,5279.16,5053.05,10.690622881121158
1524,L84516,L,302.4773939047283,310.00972759504793,1344,50.77,149,1,0,1,0,0,0,7145.54,7564.7300000000005,7.5323336903196605
1525,M60934,M,299.7490644748262,309.3895453092501,1450,43.02,153,0,0,0,0,0,0,6532.31,6582.06,9.640480834423897
1526,M41471,M,300.5294654846836,311.68818477364766,1451,33.12,146,0,0,0,0,0,0,5032.53,4835.5199999999995,11.15871928896405
1527,L20265,L,299.443822380382,308.64616679775025,1392,53.44,218,1,0,0,0,1,0,7789.94,11649.92,9.202344417368238
1528,L78745,L,303.37955338919727,311.7411694038318,1495,38.35,25,0,0,0,0,0,0,6003.92,958.75,8.361616014634535
1529,L10063,L,303.2438367599028,312.2151574748981,1280,70.81,94,1,0,0,1,0,0,9491.46,6656.14,8.971320714995272
1530,M58873,M,298.97407378965903,310.3865403319867,1532,45.0,21,0,0,0,0,0,0,7219.38,945.0,11.41246654232765
1531,L24614,L,302.16664322742105,310.2873423839812,1740,28.79,176,0,0,0,0,0,0,5245.89,5067.04,8.120699156560136
1532,L91813,L,303.83712698841885,313.0775890238235,1267,58.47,210,1,0,0,0,1,0,7757.8,12278.699999999999,9.240462035404676
1533,L26407,L,298.917777569917,308.55683994640845,1472,40.58,126,0,0,0,0,0,0,6255.3,5113.08,9.639062376491438
1534,L82253,L,300.26022062842463,309.54223169249826,1714,29.74,211,0,0,0,0,0,0,5338.02,6275.139999999999,9.282011064073629
1535,M61665,M,297.6410506463422,308.3565500549415,1556,47.95,18,0,0,0,0,0,0,7813.16,863.1,10.715499408599328
1536,L13689,L,300.78486866962294,310.8397135388835,1295,56.66,123,0,0,0,0,0,0,7683.78,6969.179999999999,10.054844869260535
1537,M74804,M,302.4899067512641,310.61250275061,1484,37.79,164,0,0,0,0,0,0,5872.72,6197.5599999999995,8.122595999345947
1538,M89133,M,299.2975182766704,308.6598081555272,1281,52.01,115,0,0,0,0,0,0,6976.93,5981.15,9.362289878856757
1539,L29933,L,302.6883682375276,311.10357109443333,1574,38.04,90,0,0,0,0,0,0,6270.09,3423.6,8.41520285690575
1540,L97170,L,299.081964237607,308.9022996021617,1388,65.63,192,1,0,0,1,1,0,9539.39,12600.96,9.820335364554694
1541,M81852,M,299.56869202123994,310.6212459217012,1635,33.86,149,0,0,0,0,0,0,5797.4,5045.14,11.052553900461248
1542,L76793,L,301.80079071261594,311.24224035447253,1489,43.46,153,0,0,0,0,0,0,6776.62,6649.38,9.441449641856593
1543,L40243,L,301.8284346466463,310.1815160020109,2836,5.66,215,1,0,0,1,0,0,1680.94,1216.9,8.353081355364566
1544,M20792,M,303.38740502128,312.6485454231704,2684,9.59,64,1,0,0,1,0,0,2695.44,613.76,9.261140401890373
1545,L48639,L,300.7636620389919,309.7680323509769,1628,37.11,161,0,0,0,0,0,0,6326.65,5974.71,9.004370311984985
1546,H82663,H,300.2716009410418,311.5221128296351,1831,24.16,99,0,0,0,0,0,0,4632.48,2391.84,11.25051188859328
1547,M62798,M,297.18631142709233,308.6926580059353,1669,32.3,86,0,0,0,0,0,0,5645.31,2777.7999999999997,11.506346578842965
1548,M68273,M,303.30361118896576,311.92587434396336,1409,42.62,194,0,0,0,0,0,0,6288.59,8268.279999999999,8.622263154997597
1549,L80290,L,301.7661430074442,311.2086962305942,1354,51.27,85,0,0,0,0,0,0,7269.6,4357.95,9.442553223150014
1550,M40494,M,302.14746109276354,311.36821331667136,1479,38.56,27,0,0,0,0,0,0,5972.19,1041.1200000000001,9.220752223907823
1551,M13362,M,301.7119530099717,310.8108785374358,1496,37.1,36,0,0,0,0,0,0,5812.11,1335.6000000000001,9.098925527464132
1552,H89561,H,299.313078897671,310.65783784276056,1582,31.64,151,0,0,0,0,0,0,5241.69,4777.64,11.344758945089552
1553,L65205,L,297.4301934380957,309.02405713296787,1564,34.85,209,0,0,0,0,0,0,5707.79,7283.650000000001,11.593863694872141
1554,M60900,M,299.3561436487063,308.7955080449223,1370,45.13,87,0,0,0,0,0,0,6474.62,3926.3100000000004,9.439364396216035
1555,L61594,L,302.8348903693678,311.3112227096292,1491,37.26,66,0,0,0,0,0,0,5817.67,2459.16,8.476332340261365
1556,M86762,M,302.32459546702563,310.26967332249126,1381,54.36,166,1,0,1,0,0,0,7861.43,9023.76,7.945077855465627
1557,L79235,L,297.3125667417688,308.3746144076303,1584,41.12,65,0,0,0,0,0,0,6820.82,2672.7999999999997,11.062047665861485
1558,M70309,M,299.7925839911714,309.14917014635483,1612,39.04,170,0,0,0,0,0,0,6590.27,6636.8,9.356586155183436
1559,L80380,L,297.39709455731884,308.36974385743935,1420,41.73,94,0,0,0,0,0,0,6205.34,3922.62,10.972649300120509
1560,M35966,M,301.98250274502936,310.5008388187805,1515,37.54,91,0,0,0,0,0,0,5955.74,3416.14,8.51833607375113
1561,L74054,L,298.1529552244955,308.38612707305003,1431,51.14,141,0,0,0,0,0,0,7663.53,7210.74,10.233171848554548
1562,M97750,M,301.41679091744464,310.613604464563,1900,25.09,178,0,0,0,0,0,0,4992.1,4466.0199999999995,9.196813547118381
1563,M31146,M,298.4020109871053,309.3492734248558,1323,48.62,130,0,0,0,0,0,0,6736.02,6320.599999999999,10.94726243775051
1564,L61389,L,297.2623801501399,308.57961506197046,1435,41.18,196,0,0,0,0,0,0,6188.24,8071.28,11.317234911830553
1565,L71308,L,297.7871734549289,308.7657534818671,1743,27.33,115,0,0,0,0,0,0,4988.45,3142.95,10.978580026938175
1566,M56507,M,298.9238224203234,308.5011913757895,1386,46.69,34,0,0,0,0,0,0,6776.66,1587.46,9.577368955466113
1567,L97195,L,298.66038314402493,309.786081814913,1249,63.17,33,0,0,0,0,0,0,8262.32,2084.61,11.125698670888085
1568,L46315,L,303.51944714708753,312.2571587814198,1552,32.79,173,0,0,0,0,0,0,5329.2,5672.67,8.737711634332243
1569,L29606,L,301.0875658808541,310.5588728282947,1377,57.74,205,1,0,0,0,1,0,8326.06,11836.7,9.47130694744061
1570,M22270,M,298.5095482039042,310.2021033084631,1406,69.89,64,1,0,0,1,0,0,10290.32,4472.96,11.692555104558892
1571,M86434,M,301.9030154453459,311.58708495799823,1508,39.89,152,0,0,0,0,0,0,6299.32,6063.28,9.684069512652343
1572,M71758,M,297.5736077045681,308.59419451464254,1354,48.82,73,0,0,0,0,0,0,6922.21,3563.86,11.020586810074462
1573,L62019,L,297.9409810422644,309.9435915695097,1514,33.6,33,0,0,0,0,0,0,5327.14,1108.8,12.002610527245281
1574,L48771,L,298.2984473478276,307.99131051934035,1372,57.06,80,0,0,0,0,0,0,8198.12,4564.8,9.692863171512727
1575,M46894,M,303.3255680864082,312.8269959004915,1903,23.3,102,0,0,0,0,0,0,4643.26,2376.6,9.501427814083286
1576,L94114,L,297.84851328413714,308.1722477377798,1910,21.93,14,0,0,0,0,0,0,4386.32,307.02,10.323734453642658
1577,L71232,L,303.5035308290702,312.4407570120056,1291,70.56,95,1,0,0,1,0,0,9539.23,6703.2,8.937226182935376
1578,L96857,L,302.12345371036946,311.0223263412383,1554,36.19,11,0,0,0,0,0,0,5889.36,398.09,8.898872630868823
1579,M82134,M,301.93429751547484,311.466909101139,1524,35.57,23,0,0,0,0,0,0,5676.72,818.11,9.532611585664142
1580,M79086,M,302.24148718957616,311.1394947568049,1528,37.09,13,0,0,0,0,0,0,5934.84,482.1700000000001,8.898007567228717
1581,M59826,M,302.4427546406345,311.0774020027178,1457,46.08,173,0,0,0,0,0,0,7030.73,7971.84,8.634647362083285
1582,L31824,L,298.1816368948552,308.0465454113545,1539,36.23,66,0,0,0,0,0,0,5838.96,2391.18,9.86490851649927
1583,L68819,L,300.8660242995232,312.4094140156933,1794,25.83,107,0,0,0,0,0,0,4852.61,2763.81,11.543389716170111
1584,M74437,M,302.8156317102922,312.3926001616952,1402,45.37,203,0,0,0,0,0,0,6661.09,9210.109999999999,9.57696845140299
1585,L56976,L,299.2856760560868,308.8370802827303,1762,25.59,90,0,0,0,0,0,0,4721.77,2303.1,9.551404226643513
1586,L11837,L,300.505490377803,309.54388044296525,1583,38.14,102,0,0,0,0,0,0,6322.52,3890.28,9.038390065162218
1587,L96399,L,297.41867880298975,307.077162268596,1382,43.25,199,0,0,0,0,0,0,6259.26,8606.75,9.658483465606253
1588,L84375,L,299.113131896147,310.3243848320073,1534,44.66,171,0,0,0,0,0,0,7174.19,7636.86,11.211252935860273
1589,L41698,L,301.3818006086731,310.4040411093243,1463,47.69,189,0,0,0,0,0,0,7306.35,9013.41,9.022240500651208
1590,L54425,L,302.54533665859964,311.4343594334986,1424,60.49,170,1,0,0,1,0,0,9020.33,10283.300000000001,8.88902277489899
1591,M21102,M,298.6336269296076,308.5940491630542,1487,41.57,91,0,0,0,0,0,0,6473.21,3782.87,9.960422233446593
1592,L94305,L,298.63080363562995,309.96167878899365,1898,22.4,133,0,0,0,0,0,0,4452.18,2979.2,11.330875153363706
1593,L30756,L,300.1791394759886,311.21611887208263,1272,71.84,150,1,0,0,1,0,0,9569.34,10776.0,11.036979396094011
1594,L43998,L,301.3124507367037,310.0537770573552,1783,25.45,30,0,0,0,0,0,0,4751.9,763.5,8.741326320651524
1595,L48569,L,298.44535651975934,307.9548086332372,1579,37.38,49,0,0,0,0,0,0,6180.88,1831.6200000000001,9.509452113477835
1596,L33685,L,298.2543046102776,308.39912866399663,1385,61.84,149,0,0,0,0,0,0,8969.08,9214.16,10.144824053719049
1597,L67121,L,297.63850195755896,308.04869346224046,1434,46.3,152,0,0,0,0,0,0,6952.78,7037.599999999999,10.410191504681507
1598,L99554,L,301.62863209491144,310.7314636902768,1342,57.42,194,1,0,0,0,1,0,8069.46,11139.48,9.102831595365387
1599,L86971,L,298.5893321845918,308.3870068346505,1574,34.26,159,0,0,0,0,0,0,5647.04,5447.339999999999,9.797674650058696
1600,H57760,H,297.6718887477146,307.46753098830936,1510,40.42,163,0,0,0,0,0,0,6391.49,6588.46,9.79564224059476
1601,L21786,L,299.0934078160557,308.9161894710846,1532,46.79,197,0,0,0,0,0,0,7506.55,9217.63,9.822781655028905
1602,L87685,L,302.53592277846235,311.290136664334,1362,67.08,195,1,0,0,1,1,0,9567.51,13080.6,8.75421388587165
1603,L33106,L,301.75174477712056,309.93325719773384,1373,56.1,72,1,0,1,0,0,0,8066.07,4039.2000000000003,8.181512420613274
1604,L91994,L,302.52938836207863,310.8749804968975,1604,41.9,15,0,0,0,0,0,0,7037.96,628.5,8.345592134818844
1605,M45588,M,298.06251734700135,308.80841626220393,1392,47.71,72,0,0,0,0,0,0,6954.68,3435.12,10.745898915202588
1606,L56661,L,303.86297453150405,312.396732026016,1361,46.16,122,0,0,0,0,0,0,6578.89,5631.5199999999995,8.533757494511974
1607,L49301,L,300.2609694926239,310.0022667430675,1411,49.54,23,0,0,0,0,0,0,7320.01,1139.42,9.741297250443608
1608,M51013,M,298.1234315637776,309.0761698187198,1325,51.29,90,0,0,0,0,0,0,7116.68,4616.1,10.952738254942176
1609,L24847,L,300.27387783678785,311.19438201015987,1609,37.75,163,0,0,0,0,0,0,6360.65,6153.25,10.920504173372024
1610,L59759,L,298.9539438889151,310.39533079582566,1379,53.79,228,1,0,0,0,1,0,7767.74,12264.119999999999,11.441386906910566
1611,L46267,L,300.83458628757086,311.87741352251936,1945,21.77,206,0,0,0,0,0,0,4434.11,4484.62,11.042827234948504
1612,L86295,L,302.26971510500186,310.9081405638749,1317,51.36,155,0,0,0,0,0,0,7083.36,7960.8,8.63842545887303
1613,M52949,M,302.1948905654747,310.9304671897302,1424,47.41,189,0,0,0,0,0,0,7069.82,8960.49,8.735576624255543
1614,L96818,L,300.8094318447338,311.3443866463649,1348,67.02,21,1,0,0,1,0,0,9460.69,1407.4199999999998,10.534954801631102
1615,L36699,L,298.4186314165808,309.3776726565972,1875,26.36,133,0,0,0,0,0,0,5175.77,3505.88,10.959041240016404
1616,L39548,L,299.0638555248658,310.0034110193044,1366,55.46,205,1,0,0,0,1,0,7933.4,11369.3,10.939555494438594
1617,L13305,L,302.94970935780987,310.3429912337019,1323,62.86,93,1,0,1,0,0,0,8708.89,5845.98,7.3932818758920575
1618,H76475,H,300.28676160328087,310.8158387020283,1445,46.79,137,0,0,0,0,0,0,7080.26,6410.23,10.52907709874745
1619,H16612,H,301.33888150290284,310.6417843619134,1606,32.41,56,0,0,0,0,0,0,5450.71,1814.9599999999998,9.302902859010544
1620,L35683,L,299.2087771893657,310.6681351430445,1504,39.68,145,0,0,0,0,0,0,6249.54,5753.6,11.459357953678762
1621,L91948,L,302.7692883093023,311.13939287544974,1776,28.36,134,0,0,0,0,0,0,5274.46,3800.24,8.370104566147461
1622,L64985,L,302.3055868967993,311.7246907310547,1568,37.71,59,0,0,0,0,0,0,6192.0,2224.89,9.419103834255395
1623,L60289,L,302.3914225728851,309.9939889812695,1365,50.84,36,1,0,1,0,0,0,7267.19,1830.2400000000002,7.602566408384405
1624,L82430,L,300.74106078918106,310.22624898632284,1511,42.12,24,0,0,0,0,0,0,6664.71,1010.8799999999999,9.485188197141781
1625,L79433,L,298.8230905341322,309.7923355297851,1484,38.21,132,0,0,0,0,0,0,5937.99,5043.72,10.9692449956529
1626,H89782,H,298.3358462746097,308.9426530741024,1542,35.7,42,0,0,0,0,0,0,5764.76,1499.4,10.606806799492688
1627,L69874,L,301.6186842527453,309.8055571957753,1514,44.81,126,0,0,0,0,0,0,7104.43,5646.06,8.186872943029982
1628,L50384,L,301.0908542757499,310.488870635158,1459,36.11,3,0,0,0,0,0,0,5517.11,108.33,9.398016359408075
1629,M21759,M,299.1450074582271,308.4472329051723,1518,37.93,127,0,0,0,0,0,0,6029.53,4817.11,9.302225446945215
1630,L43277,L,298.12934120268943,308.77569601969753,1303,69.29,193,1,0,0,1,1,0,9454.61,13372.970000000001,10.646354817008103
1631,L73471,L,300.553614910619,310.8872247436436,1889,22.36,75,0,0,0,0,0,0,4423.16,1677.0,10.333609833024639
1632,M32810,M,300.9003076142073,310.8428720814641,1520,47.45,148,0,0,0,0,0,0,7552.81,7022.6,9.94256446725683
1633,L70387,L,303.8175125952974,313.0216644447385,1206,58.57,213,1,0,0,0,1,0,7396.92,12475.41,9.204151849441132
1634,L22007,L,301.09795545327955,310.38472960292177,1329,73.43,49,1,0,0,1,0,0,10219.44,3598.07,9.286774149642213
1635,M15437,M,303.8339682305612,312.47942602022147,2344,15.54,147,0,0,0,0,0,0,3814.5,2284.3799999999997,8.64545778966027
1636,M42842,M,297.6301418193116,308.1451104155701,1580,37.18,103,0,0,0,0,0,0,6151.7,3829.54,10.51496859625854
1637,L30688,L,298.6881735621636,308.968369181981,1418,66.33,189,1,0,0,1,1,0,9849.52,12536.369999999999,10.280195619817391
1638,H88477,H,297.31685828860606,308.76036553494527,1507,46.83,97,0,0,0,0,0,0,7390.37,4542.51,11.443507246339209
1639,L44044,L,302.5009938291949,310.32848057245525,1546,38.86,117,0,0,0,0,0,0,6291.31,4546.62,7.827486743260351
1640,L47692,L,297.07554617666506,307.7384726406586,1518,38.38,171,0,0,0,0,0,0,6101.06,6562.9800000000005,10.662926463993529
1641,M46314,M,303.4234661718738,311.91329927060025,1620,32.38,7,0,0,0,0,0,0,5493.14,226.66000000000003,8.489833098726422
1642,L38556,L,304.06036584020524,313.3997731270498,1598,30.9,120,0,0,0,0,0,0,5170.87,3708.0,9.339407286844562
1643,L92594,L,296.5103070578763,307.68916171876936,1577,39.63,88,0,0,0,0,0,0,6544.62,3487.44,11.17885466089308
1644,M76521,M,299.57780728134867,309.1223107753158,1528,40.61,170,0,0,0,0,0,0,6498.08,6903.7,9.544503493967113
1645,M24296,M,298.62094729974325,310.0671209882124,1263,74.66,196,1,0,0,1,1,0,9874.61,14633.359999999999,11.446173688469173
1646,L29402,L,303.4064149495141,311.62272306948194,1330,51.33,198,1,0,1,0,0,0,7149.1,10163.34,8.216308119967835
1647,L17290,L,298.5856997395207,310.1707714179414,1490,38.23,1,0,0,0,0,0,0,5965.12,38.23,11.585071678420718
1648,L33065,L,298.5403445776752,309.6528336474897,1503,40.28,167,0,0,0,0,0,0,6339.82,6726.76,11.112489069814444
1649,L69091,L,302.3785613797183,310.5640881833286,1427,47.55,124,0,0,0,0,0,0,7105.64,5896.2,8.185526803610287
1650,H94230,H,300.8167033726625,310.50619820573365,1513,40.54,50,0,0,0,0,0,0,6423.2,2027.0,9.689494833071137
1651,H53346,H,299.7392076764835,311.0715438369482,1434,46.15,171,0,0,0,0,0,0,6930.26,7891.65,11.332336160464706
1652,H17342,H,303.85274593225057,311.9308033398852,1306,52.16,69,1,0,1,0,0,0,7133.61,3599.04,8.078057407634617
1653,L14264,L,303.8643556363017,312.9023879195443,1430,58.69,157,0,0,0,0,0,0,8788.78,9214.33,9.038032283242615
1654,H47316,H,300.8537244022172,311.9862911655306,1524,37.98,39,0,0,0,0,0,0,6061.34,1481.2199999999998,11.132566763313378
1655,L33821,L,302.37162642960425,310.2747949279502,1336,62.62,111,1,0,1,0,0,0,8760.89,6950.82,7.903168498345963
1656,H61907,H,300.01193874912974,309.9417521372619,1903,22.71,160,0,0,0,0,0,0,4525.69,3633.6000000000004,9.929813388132175
1657,L20645,L,298.7466169041021,309.9720579140661,1602,31.41,41,0,0,0,0,0,0,5269.37,1287.81,11.225441009964015
1658,L30723,L,299.08882211507654,309.2298521629887,1485,38.26,117,0,0,0,0,0,0,5949.77,4476.42,10.141030047912182
1659,L60024,L,300.9902155759002,310.5911675617885,1392,44.21,96,0,0,0,0,0,0,6444.49,4244.16,9.600951985888287
1660,L35290,L,303.9154345910989,313.2005169170812,1396,46.58,11,0,0,0,0,0,0,6809.47,512.38,9.285082325982273
1661,L42823,L,298.18643421594885,307.90178630502487,1483,44.92,91,0,0,0,0,0,0,6976.05,4087.7200000000003,9.71535208907602
1662,L29965,L,299.4679837335531,309.0482928904012,1476,49.12,72,0,0,0,0,0,0,7592.3,3536.64,9.580309156848102
1663,M14635,M,303.2876805490752,311.44846328249264,1564,36.38,46,0,0,0,0,0,0,5958.38,1673.48,8.16078273341742
1664,L41066,L,304.4157945241108,313.4377695566708,1495,43.7,40,0,0,0,0,0,0,6841.5,1748.0,9.021975032559965
1665,L39674,L,299.142966756835,309.87973888977564,1566,34.31,213,0,0,0,0,0,0,5626.54,7308.030000000001,10.736772132940644
1666,L90864,L,300.51645455381043,310.01016569790744,1487,48.18,22,0,0,0,0,0,0,7502.51,1059.96,9.493711144097006
1667,M90343,M,303.5268760914048,312.60114627435087,1648,29.35,16,0,0,0,0,0,0,5065.17,469.6,9.074270182946066
1668,L48842,L,302.0002399227698,310.6679321600364,1380,50.06,233,1,0,0,0,1,0,7234.33,11663.980000000001,8.667692237266579
1669,L35918,L,300.2338347040873,309.29187370850616,1424,49.12,136,0,0,0,0,0,0,7324.82,6680.32,9.058039004418845
1670,L47604,L,298.9161583476818,310.2164247984827,1525,36.05,104,0,0,0,0,0,0,5757.1,3749.2,11.300266450800905
1671,L64710,L,302.2892815516759,311.2585460010424,1287,62.57,107,0,0,0,0,0,0,8432.83,6694.99,8.969264449366506
1672,M44791,M,297.20823371496675,308.76320376505254,1399,46.83,171,0,0,0,0,0,0,6860.73,8007.929999999999,11.554970050085785
1673,M78052,M,299.41621481422413,308.6680604848424,1542,39.46,109,0,0,0,0,0,0,6371.92,4301.14,9.251845670618252
1674,L96769,L,297.7540024808106,309.4680893174871,1586,37.49,202,0,0,0,0,0,0,6226.55,7572.9800000000005,11.714086836676529
1675,M46300,M,297.3727096704827,308.23667796865107,1783,25.01,213,0,0,0,0,0,0,4669.75,5327.13,10.863968298168345
1676,L20556,L,300.30619389312983,310.83682257241765,1359,49.15,9,0,0,0,0,0,0,6994.74,442.34999999999997,10.530628679287815
1677,L20873,L,300.6186238235422,309.1743349487908,1498,36.93,222,0,0,0,0,0,0,5793.22,8198.46,8.555711125248592
1678,L88467,L,301.04374300455913,310.9733009237364,1499,44.38,16,0,0,0,0,0,0,6966.55,710.08,9.929557919177284
1679,M47448,M,303.6128781882759,311.91756748540007,2667,11.26,68,1,0,0,1,0,0,3144.78,765.68,8.304689297124185
1680,L39444,L,303.1663279463794,311.4095607287121,1339,53.94,231,1,0,1,0,1,0,7563.45,12460.14,8.243232782332711
1681,H65745,H,298.3199196716662,309.3240094957271,1407,41.1,155,0,0,0,0,0,0,6055.7,6370.5,11.00408982406094
1682,H96085,H,303.17695078466664,312.6673849385544,1726,29.19,125,0,0,0,0,0,0,5275.98,3648.75,9.490434153887747
1683,L48218,L,299.3354626384371,310.81641289407804,1369,53.86,215,1,0,0,0,1,0,7721.44,11579.9,11.480950255640948
1684,H38370,H,301.74741049747365,310.5462052271627,1539,39.75,141,0,0,0,0,0,0,6406.26,5604.75,8.798794729689064
1685,H87643,H,302.8232595930935,310.8739793456383,1451,48.44,128,0,0,0,0,0,0,7360.38,6200.32,8.050719752544808
1686,L17458,L,302.0768256391195,310.7321329036991,1626,31.37,34,0,0,0,0,0,0,5341.51,1066.58,8.65530726457962
1687,L85983,L,298.9354020556566,310.2544737441149,1399,53.89,229,1,0,0,0,1,0,7895.04,12340.81,11.31907168845828
1688,L56803,L,301.32975370730225,311.0512977250545,1607,35.78,198,0,0,0,0,0,0,6021.22,7084.4400000000005,9.721544017752251
1689,L11814,L,298.1830325397427,309.1151781890844,1677,31.59,29,0,0,0,0,0,0,5547.68,916.11,10.932145649341692
1690,H30507,H,299.1047667920111,310.26202040615146,1416,49.72,47,0,0,0,0,0,0,7372.64,2336.84,11.157253614140359
1691,H71129,H,300.9358226394138,310.18620174642734,1789,30.79,3,0,0,0,0,0,0,5768.31,92.37,9.250379107013543
1692,M77768,M,302.1112966099997,311.389727124271,1849,23.74,45,0,0,0,0,0,0,4596.7,1068.3,9.278430514271292
1693,L27605,L,303.03416611623635,311.1673496847596,1319,53.8,229,1,0,1,0,1,0,7431.14,12320.199999999999,8.133183568523236
1694,H69156,H,299.2361747007269,308.741325632492,1455,43.26,101,0,0,0,0,0,0,6591.41,4369.26,9.505150931765115
1695,L99033,L,300.15011280351865,311.95393514273235,1559,39.99,120,0,0,0,0,0,0,6528.69,4798.8,11.803822339213696
1696,M71781,M,297.5492254418816,308.405229270385,1487,41.93,119,0,0,0,0,0,0,6529.27,4989.67,10.85600382850339
1697,M73219,M,298.944107820217,309.9160897482203,1341,57.19,145,0,0,0,0,0,0,8031.15,8292.55,10.971981928003288
1698,L27413,L,296.8849527860032,307.38012194291787,1429,43.21,158,0,0,0,0,0,0,6466.14,6827.18,10.495169156914642
1699,L67373,L,299.79147424858354,308.9725544489384,1620,28.13,110,0,0,0,0,0,0,4772.14,3094.2999999999997,9.18108020035487
1700,L73776,L,300.6244359814452,310.55278775185377,1364,53.93,83,0,0,0,0,0,0,7703.24,4476.19,9.928351770408597
1701,L19957,L,298.7646456371793,308.4939431112662,1554,34.12,125,0,0,0,0,0,0,5552.5,4265.0,9.729297474086934
1702,L38019,L,301.34079183915406,309.79301646543934,1280,63.82,23,1,0,1,0,0,0,8554.51,1467.86,8.452224626285272
1703,L89432,L,299.31697033680086,310.4110777704265,1829,25.15,103,0,0,0,0,0,0,4817.04,2590.45,11.094107433625652
1704,M99879,M,301.92095543501506,310.0062570768624,1368,51.49,12,1,0,1,0,0,0,7376.28,617.88,8.085301641847366
1705,L25588,L,301.72841913401453,311.0626832256601,1423,44.33,209,1,1,0,0,0,0,6605.89,9264.97,9.334264091645593
1706,M75858,M,298.7283488954729,307.9721449171405,1367,49.06,150,0,0,0,0,0,0,7023.03,7359.0,9.243796021667606
1707,H55145,H,299.04558740419577,308.77857136385273,1571,33.21,91,0,0,0,0,0,0,5463.53,3022.11,9.732983959656963
1708,M63136,M,303.8311769428167,312.77163350767705,1927,19.79,131,0,0,0,0,0,0,3993.52,2592.49,8.94045656486037
1709,L55982,L,298.522990603175,308.28295524701207,1425,42.5,185,0,0,0,0,0,0,6342.09,7862.5,9.759964643837066
1710,L88039,L,297.4803255799968,308.6666095477852,1442,44.38,28,0,0,0,0,0,0,6701.64,1242.64,11.18628396778837
1711,L50059,L,299.13028477737623,308.5564540426684,1390,53.4,140,0,0,0,0,0,0,7772.93,7476.0,9.426169265292174
1712,M63037,M,298.42691163155337,310.1801837412269,1450,51.06,55,0,0,0,0,0,0,7753.14,2808.3,11.75327210967356
1713,H70233,H,300.7769188863274,310.18235118005896,1371,65.82,206,1,1,0,1,1,0,9449.83,13558.919999999998,9.405432293731565
1714,L59746,L,297.08641979083257,308.70967293307444,1520,42.05,64,0,0,0,0,0,0,6693.27,2691.2,11.623253142241879
1715,M89165,M,301.8784779378334,310.506185172432,1596,34.05,10,0,0,0,0,0,0,5690.87,340.5,8.627707234598631
1716,L31358,L,297.5151916052333,308.09671803482024,1559,37.8,17,0,0,0,0,0,0,6171.16,642.5999999999999,10.581526429586916
1717,L95319,L,303.3299583571832,311.992297700236,1771,32.06,198,0,0,0,0,0,0,5945.81,6347.88,8.662339343052793
1718,L71029,L,299.9365888642661,309.0533930475054,1701,32.49,79,0,0,0,0,0,0,5787.39,2566.71,9.116804183239253
1719,L96404,L,303.6727549387331,313.05463581261,1541,35.76,134,0,0,0,0,0,0,5770.7,4791.84,9.381880873876923
1720,L43717,L,298.0393941106411,308.7337025218471,1437,54.41,45,0,0,0,0,0,0,8187.74,2448.45,10.694308411205952
1721,M53095,M,302.5256778343288,310.9055443930978,1438,41.84,86,0,0,0,0,0,0,6300.56,3598.2400000000002,8.379866558768981
1722,L13877,L,302.0322776604258,310.8835694268988,1397,46.96,43,0,0,0,0,0,0,6869.94,2019.28,8.851291766473025
1723,L93157,L,302.1204758309973,311.5122130513227,1754,27.09,29,0,0,0,0,0,0,4975.85,785.61,9.39173722032541
1724,H83444,H,299.630753543288,309.1093473606229,1664,32.98,132,0,0,0,0,0,0,5746.89,4353.36,9.478593817334911
1725,M36667,M,298.1352825713971,307.5879066500865,1572,35.49,172,0,0,0,0,0,0,5842.34,6104.280000000001,9.452624078689382
1726,H14668,H,300.71171247909945,310.7664391275891,1509,41.17,175,0,0,0,0,0,0,6505.77,7204.75,10.054726648489634
1727,M72715,M,297.38713637413986,308.72741528180785,1515,37.92,123,0,0,0,0,0,0,6016.02,4664.16,11.340278907667994
1728,L70506,L,298.736487323196,308.97588514310786,1392,38.42,4,0,0,0,0,0,0,5600.48,153.68,10.239397819911858
1729,L57490,L,297.9087930377503,307.73385054690016,1614,35.13,80,0,0,0,0,0,0,5937.59,2810.4,9.825057509149872
1730,L24104,L,301.0045027878808,311.0296408048981,1780,25.42,179,0,0,0,0,0,0,4738.32,4550.18,10.025138017017298
1731,L92654,L,298.1890954884449,307.81170976116994,1360,54.8,137,0,0,0,0,0,0,7804.55,7507.599999999999,9.622614272725059
1732,L48930,L,300.6963000983099,312.2841621006013,1591,38.45,148,0,0,0,0,0,0,6406.12,5690.6,11.587862002291388
1733,L75210,L,300.67427498683537,311.0414353273889,1456,38.97,20,0,0,0,0,0,0,5941.83,779.4,10.36716034055354
1734,L87317,L,300.0269625517232,311.4550245910252,1501,40.46,17,0,0,0,0,0,0,6359.68,687.82,11.428062039302006
1735,L59348,L,299.1380187109407,308.808519365851,1399,51.93,183,0,0,0,0,0,0,7607.9,9503.19,9.670500654910313
1736,L18497,L,298.1097548864784,308.14645536827834,1587,35.46,2,0,0,0,0,0,0,5893.11,70.92,10.036700481799926
1737,M89893,M,298.6357998842939,309.54143761181257,1701,33.68,176,0,0,0,0,0,0,5999.36,5927.68,10.905637727518695
1738,L70042,L,298.2772533386153,310.2853339373743,1557,36.15,89,0,0,0,0,0,0,5894.21,3217.35,12.008080598758966
1739,L90493,L,297.3016295285475,308.4192434778727,1367,61.49,60,1,0,0,1,0,0,8802.41,3689.4,11.117613949325232
1740,L65135,L,303.41336205152777,312.24311034319607,1307,55.0,56,0,0,0,0,0,0,7527.78,3080.0,8.829748291668295
1741,L91669,L,297.153364018272,308.40950086115225,1592,34.19,80,0,0,0,0,0,0,5699.95,2735.2,11.256136842880267
1742,M88076,M,299.07728723979693,308.30908659305493,1847,26.3,7,0,0,0,0,0,0,5086.88,184.1,9.231799353257998
1743,L29406,L,298.2607899785028,308.09499201284564,1413,50.28,139,0,0,0,0,0,0,7439.88,6988.92,9.834202034342809
1744,L25545,L,297.0425836201067,308.67581656390547,1929,24.25,54,0,0,0,0,0,0,4898.61,1309.5,11.63323294379876
1745,M24420,M,298.48054736139363,308.3359636666205,1425,37.34,194,1,1,0,0,0,0,5572.09,7243.960000000001,9.855416305226868
1746,L81980,L,296.90704177724854,307.8559985447619,1545,42.12,159,0,0,0,0,0,0,6814.68,6697.08,10.94895676751338
1747,L31634,L,298.2307604354347,307.7999890480412,1409,47.6,62,0,0,0,0,0,0,7023.39,2951.2000000000003,9.56922861260648
1748,L50510,L,300.73765828241284,311.2079999597316,2410,14.02,161,0,0,0,0,0,0,3538.29,2257.22,10.470341677318743
1749,H80916,H,298.3409903096324,307.8127690049284,1592,30.55,18,0,0,0,0,0,0,5093.11,549.9,9.471778695295995
1750,L48577,L,302.4071426979588,311.45592163166646,1437,41.39,97,0,0,0,0,0,0,6228.46,4014.83,9.048778933707638
1751,L15566,L,298.5070587926184,309.56615651426523,1722,28.16,89,0,0,0,0,0,0,5078.02,2506.2400000000002,11.059097721646822
1752,M42560,M,298.82572641368904,308.12418211731006,1417,51.37,46,0,0,0,0,0,0,7622.69,2363.02,9.298455703621016
1753,M18513,M,298.7212354927742,309.5786450933105,1404,47.49,40,0,0,0,0,0,0,6982.29,1899.6000000000001,10.8574096005363
1754,L44701,L,299.7321233501974,309.4909332113123,1651,32.4,54,0,0,0,0,0,0,5601.71,1749.6,9.758809861114912
1755,M76303,M,299.93190298666576,309.27270952430933,1624,31.21,209,0,0,0,0,0,0,5307.72,6522.89,9.340806537643573
1756,L56795,L,297.4754555552332,308.3403930356648,1382,39.8,66,0,0,0,0,0,0,5759.96,2626.7999999999997,10.864937480431593
1757,L70738,L,303.60519327448145,311.8761402076425,1362,41.78,32,1,0,1,0,0,0,5959.01,1336.96,8.270946933161042
1758,L19611,L,300.7721173044679,309.6473773778599,1302,51.78,205,0,0,0,0,0,0,7059.95,10614.9,8.875260073392042
1759,M77512,M,300.87631395616813,312.04764379227527,1564,37.31,194,0,0,0,0,0,0,6110.7,7238.14,11.171329836107134
1760,M48255,M,302.6084502952793,310.2855928087386,1463,33.02,205,0,0,0,0,0,0,5058.83,6769.1,7.67714251345933
1761,L35829,L,302.2588559620028,310.9467054254761,1381,67.65,196,1,0,0,1,1,0,9783.41,13259.400000000001,8.687849463473299
1762,L68677,L,298.80668728867016,310.3911262250597,1506,35.97,155,0,0,0,0,0,0,5672.76,5575.349999999999,11.584438936389517
1763,L22134,L,300.22439009876933,309.63636579395194,1582,37.9,140,0,0,0,0,0,0,6278.77,5306.0,9.411975695182605
1764,L54836,L,298.67314141510343,309.7708384687584,1644,40.57,171,0,0,0,0,0,0,6984.5,6937.47,11.097697053654997
1765,M47995,M,299.5737735272522,309.2921945192738,1393,42.4,223,1,1,0,0,0,0,6185.08,9455.199999999999,9.718420992021606
1766,L24924,L,302.38268587457753,311.2403695417183,1522,42.19,141,0,0,0,0,0,0,6724.39,5948.79,8.857683667140748
1767,L95697,L,303.2539937897936,312.3109639036124,1647,32.89,194,0,0,0,0,0,0,5672.65,6380.66,9.056970113818807
1768,H42674,H,301.6010552350965,310.5535369205097,1483,47.49,119,0,0,0,0,0,0,7375.17,5651.31,8.952481685413204
1769,L13669,L,301.3898695755099,310.6113054932776,1394,44.59,118,0,0,0,0,0,0,6509.22,5261.620000000001,9.221435917767678
1770,L49866,L,300.0371482764116,309.29005082652844,1481,38.78,195,0,0,0,0,0,0,6014.39,7562.1,9.252902550116858
1771,H96998,H,299.34583386588423,310.7472643783984,1607,31.83,151,0,0,0,0,0,0,5356.5,4806.33,11.401430512514196
1772,L70198,L,300.00864211703004,311.23873213059704,1519,38.01,20,0,0,0,0,0,0,6046.22,760.1999999999999,11.230090013567008
1773,L67306,L,296.2445590578641,307.4504434551011,2832,5.52,212,1,0,0,1,0,0,1637.05,1170.24,11.205884397237014
1774,M91068,M,300.9047310109753,311.0655307076998,1354,54.27,151,0,0,0,0,0,0,7694.97,8194.77,10.160799696724496
1775,H17552,H,303.13434008169634,312.5308566389366,1673,37.07,168,0,0,0,0,0,0,6494.52,6227.76,9.396516557240261
1776,L59533,L,300.6356299044884,309.88764144699456,1641,30.61,107,0,0,0,0,0,0,5260.18,3275.27,9.252011542506182
1777,L38873,L,303.53838369414643,312.9912282728868,1425,42.09,122,0,0,0,0,0,0,6280.91,5134.9800000000005,9.452844578740383
1778,L70872,L,302.32528002532695,311.75518803195695,1704,27.12,146,0,0,0,0,0,0,4839.36,3959.52,9.42990800663
1779,L86745,L,300.665428274478,309.6914599613376,1397,45.38,176,0,0,0,0,0,0,6638.8,7986.88,9.026031686859596
1780,L16946,L,300.8754826316168,310.17370860673145,1355,52.72,201,0,0,0,0,0,0,7480.72,10596.72,9.298225975114633
1781,M24236,M,300.8971033678224,310.5450129796505,1691,29.79,162,0,0,0,0,0,0,5275.25,4825.98,9.647909611828084
1782,L95901,L,299.2114526846185,310.4777092502013,1507,42.53,17,0,0,0,0,0,0,6711.77,723.01,11.266256565582808
1783,M54276,M,303.1076349204103,312.5865692137752,1378,48.34,35,0,0,0,0,0,0,6975.65,1691.9,9.478934293364887
1784,L38368,L,300.5819900825609,310.3622017647432,1484,35.82,9,0,0,0,0,0,0,5566.58,322.38,9.780211682182312
1785,H23701,H,302.282531335792,311.0189854821369,1396,47.21,15,0,0,0,0,0,0,6901.57,708.15,8.736454146344897
1786,L41885,L,303.1455460430068,311.0541212357833,1406,48.95,65,1,0,1,0,0,0,7207.2,3181.75,7.908575192776539
1787,L10449,L,300.23310037737906,311.3604730155105,1670,31.32,38,0,0,0,0,0,0,5477.3,1190.16,11.127372638131419
1788,L30055,L,300.40895843973107,310.30511470276946,1778,24.61,211,0,0,0,0,0,0,4582.18,5192.71,9.896156263038392
1789,H26470,H,297.8361862768176,308.1137472313098,1587,33.38,15,0,0,0,0,0,0,5547.43,500.70000000000005,10.277560954492174
1790,L17620,L,297.621861825978,308.14085572626107,1444,48.38,109,0,0,0,0,0,0,7315.8,5273.42,10.518993900283078
1791,L97211,L,296.70099973213013,307.442773917236,2741,9.14,19,1,0,0,1,0,0,2623.52,173.66000000000003,10.741774185105896
1792,M81103,M,301.6990514581552,311.28584706701554,1579,39.96,175,0,0,0,0,0,0,6607.49,6993.0,9.586795608860314
1793,L94633,L,297.932861087797,308.4550253016738,1511,34.24,57,0,0,0,0,0,0,5417.85,1951.68,10.522164213876806
1794,L31643,L,298.1639082498184,308.286664205076,2008,21.26,37,0,0,0,0,0,0,4470.49,786.62,10.122755955257617
1795,L35957,L,302.1777405773518,310.8227428441865,1299,59.81,179,0,0,0,0,0,0,8136.01,10705.99,8.645002266834695
1796,L35441,L,299.3609162267911,310.77945207070894,1383,53.48,215,1,0,0,0,1,0,7745.37,11498.199999999999,11.418535843917823
1797,L60265,L,299.3607233483694,309.1008483794008,1442,58.8,39,0,0,0,0,0,0,8879.15,2293.2,9.740125031031425
1798,M26361,M,302.0822313114543,310.5733479462853,1380,45.99,210,1,0,1,0,0,0,6646.16,9657.9,8.49111663483103
1799,M31193,M,299.232383428949,308.6007041626183,1372,42.7,31,0,0,0,0,0,0,6134.94,1323.7,9.368320733669293
1800,M97738,M,297.44683854161104,308.3940113530696,1357,51.9,155,0,0,0,0,0,0,7375.23,8044.5,10.947172811458529
1801,M41695,M,298.79523524611835,308.46170731113364,1417,47.6,90,0,0,0,0,0,0,7063.26,4284.0,9.666472065015284
1802,M80292,M,298.05309455259635,308.0101500451223,1314,51.94,194,0,0,0,0,0,0,7147.04,10076.359999999999,9.957055492525967
1803,L30605,L,299.9634687884572,309.57352127121106,1444,47.65,40,0,0,0,0,0,0,7205.41,1906.0,9.610052482753872
1804,M93690,M,297.15084212859585,308.3361335800521,1598,37.32,0,0,0,0,0,0,0,6245.21,0.0,11.185291451456237
1805,L72444,L,301.9110824845905,310.91794994477544,1394,57.72,80,0,0,0,0,0,0,8425.93,4617.6,9.006867460184935
1806,L87554,L,301.2694900888925,310.58498239790833,1573,32.6,8,0,0,0,0,0,0,5370.01,260.8,9.315492309015838
1807,L56472,L,300.0572442152672,311.4001886590885,1649,31.56,127,0,0,0,0,0,0,5449.87,4008.12,11.342944443821295
1808,L91565,L,297.79993242834524,308.91909154906267,1868,25.74,202,1,1,0,0,0,0,5035.17,5199.48,11.119159120717427
1809,L42638,L,299.30476322319174,310.58813642608453,1433,45.74,97,0,0,0,0,0,0,6863.9,4436.78,11.28337320289279
1810,M53112,M,300.61528811691136,309.7484051491032,1329,54.43,133,0,0,0,0,0,0,7575.16,7239.19,9.13311703219182
1811,H15542,H,297.6656621363942,307.5321048343352,1914,23.47,145,0,0,0,0,0,0,4704.18,3403.1499999999996,9.866442697941011
1812,L25348,L,299.36313993561697,310.6634158564408,1930,22.97,202,1,1,0,0,0,0,4642.45,4639.94,11.300275920823822
1813,M79407,M,302.33285646143884,310.7367776164816,1621,31.46,166,0,0,0,0,0,0,5340.36,5222.360000000001,8.40392115504278
1814,L39418,L,301.89914597738453,310.3705398212317,1386,51.95,153,1,0,1,0,0,0,7540.11,7948.35,8.471393843847181
1815,L19180,L,298.12042123318304,307.83784908197873,2581,12.58,126,1,0,0,1,0,0,3400.14,1585.08,9.717427848795694
1816,H36320,H,303.8445447509793,312.9121590480513,1510,35.04,143,0,0,0,0,0,0,5540.76,5010.72,9.067614297071998
1817,M41751,M,302.1797224409088,310.9924631932227,1356,60.53,208,1,0,0,0,1,0,8595.26,12590.24,8.812740752313914
1818,L74541,L,302.71191666115897,311.62200106567985,1948,22.04,180,0,0,0,0,0,0,4496.03,3967.2,8.910084404520887
1819,H18145,H,298.95807787527417,310.28724211158493,1499,45.46,132,0,0,0,0,0,0,7136.08,6000.72,11.32916423631076
1820,L12310,L,298.1687005849914,308.3639630090116,1316,61.49,187,1,0,0,0,1,0,8474.01,11498.630000000001,10.1952624240202
1821,L75169,L,300.2470772734863,309.9150567987213,1656,29.11,144,1,0,0,0,0,0,5048.14,4191.84,9.667979525235012
1822,M22783,M,300.29230834496445,309.8478375283918,1389,43.35,134,0,0,0,0,0,0,6305.51,5808.900000000001,9.555529183427325
1823,M47768,M,299.4466074399461,309.09234948820114,1603,35.35,50,0,0,0,0,0,0,5934.05,1767.5,9.645742048255045
1824,L71458,L,302.3773470094381,311.3747137225108,1329,67.26,205,1,0,0,1,1,0,9360.75,13788.300000000001,8.997366713072722
1825,L56273,L,300.49444290871594,310.26051355935425,1614,30.13,217,1,1,0,0,0,0,5092.5,6538.21,9.766070650638312
1826,L21109,L,300.6808553272402,309.4693012238909,2034,21.4,70,0,0,0,0,0,0,4558.2,1498.0,8.788445896650728
1827,L74995,L,301.9032635649554,310.3025087832692,2842,6.04,212,1,0,0,1,0,0,1797.59,1280.48,8.399245218313808
1828,L14346,L,299.3870579497359,308.4277211972706,1480,46.73,2,0,0,0,0,0,0,7242.46,93.46,9.040663247534724
1829,L30908,L,302.1948668090927,311.72823476510035,1458,43.9,114,0,0,0,0,0,0,6702.71,5004.599999999999,9.53336795600768
1830,M19829,M,302.77282544985474,310.86497317875444,1497,33.25,81,0,0,0,0,0,0,5212.45,2693.25,8.092147728899704
1831,M56133,M,300.8896726461372,310.683901190715,1529,36.22,78,0,0,0,0,0,0,5799.42,2825.16,9.794228544577777
1832,L72159,L,300.3068892085726,311.3572136189733,1680,29.34,160,0,0,0,0,0,0,5161.76,4694.4,11.050324410400663
1833,H68490,H,296.5659206877538,307.87866091296536,1428,53.9,132,0,0,0,0,0,0,8060.2,7114.8,11.312740225211542
1834,M22539,M,297.4497539542032,307.9070273605306,1340,55.29,63,0,0,0,0,0,0,7758.54,3483.27,10.457273406327431
1835,L40902,L,302.3694393960578,311.5717318998707,1330,67.12,204,1,0,0,1,1,0,9348.29,13692.480000000001,9.202292503812885
1836,H23167,H,302.0105555475597,310.53381702584204,1776,23.98,135,0,0,0,0,0,0,4459.86,3237.3,8.523261478282336
1837,L40842,L,302.6263501912616,311.56937859002375,1459,59.34,168,1,0,0,1,0,0,9066.33,9969.12,8.943028398762124
1838,M30726,M,297.4689552917977,308.1834343509662,2434,14.24,28,0,0,0,0,0,0,3629.6,398.72,10.714479059168468
1839,L76634,L,301.1773934722859,310.8617592291308,1678,29.9,64,0,0,0,0,0,0,5254.02,1913.6,9.684365756844898
1840,M77581,M,301.8919169379545,311.17964963530034,1392,49.42,18,0,0,0,0,0,0,7203.95,889.5600000000001,9.28773269734586
1841,L83654,L,296.8295215084683,307.53407141956416,1454,41.4,6,0,0,0,0,0,0,6303.67,248.39999999999998,10.704549911095853
1842,L28031,L,300.70131826162327,309.4894487108696,1680,30.26,26,0,0,0,0,0,0,5323.62,786.76,8.788130449246353
1843,H11214,H,298.9054744833241,308.6355239692451,1524,37.63,167,0,0,0,0,0,0,6005.48,6284.21,9.730049485921029
1844,H13183,H,302.52031521958867,312.72205558806127,1536,36.14,27,0,0,0,0,0,0,5813.1,975.78,10.2017403684726
1845,M85912,M,301.9427643900282,310.11031988780064,1405,48.52,165,1,0,1,0,0,0,7138.81,8005.8,8.167555497772469
1846,M91526,M,303.1554725790718,311.4198987549348,1366,44.45,193,1,0,1,0,0,0,6358.45,8578.85,8.264426175863036
1847,L29058,L,297.40392342703035,308.0887217480659,1491,39.6,23,0,0,0,0,0,0,6183.03,910.8000000000001,10.684798321035544
1848,M88867,M,296.5658033019352,308.12874049597303,1284,69.14,105,1,0,0,1,0,0,9296.58,7259.7,11.56293719403783
1849,L57676,L,298.2538539867979,308.20396394819824,1422,51.78,216,1,0,0,0,1,0,7710.64,11184.48,9.950109961400358
1850,L26633,L,295.779365382787,306.002693326743,1342,54.61,119,0,0,0,0,0,0,7674.56,6498.59,10.223327943956008
1851,L38163,L,298.12301487350607,308.4709327817316,1328,61.22,190,1,0,0,0,1,0,8513.73,11631.8,10.347917908225554
1852,L33880,L,302.4277538427292,310.71095838901323,1705,29.24,149,0,0,0,0,0,0,5220.72,4356.76,8.283204546284026
1853,L78725,L,300.5640794510698,311.8375430976544,1493,41.64,131,0,0,0,0,0,0,6510.27,5454.84,11.273463646584617
1854,M26969,M,302.3806537178116,310.9581956764119,1424,45.11,176,0,0,0,0,0,0,6726.85,7939.36,8.577541958600307
1855,L26475,L,298.9570153680817,308.21098317270867,1813,23.66,27,0,0,0,0,0,0,4492.01,638.82,9.253967804626939
1856,M74757,M,301.9169679564591,310.87534133970803,1401,48.54,158,0,0,0,0,0,0,7121.42,7669.32,8.958373383248954
1857,L37197,L,302.8797617895919,312.26210088513534,1438,49.56,152,0,0,0,0,0,0,7463.09,7533.120000000001,9.382339095543443
1858,M32500,M,303.52524920772646,311.6012402675819,1425,45.4,185,0,0,0,0,0,0,6774.84,8399.0,8.075991059855426
1859,L82701,L,300.7472052244305,311.1510192188813,1472,44.32,31,0,0,0,0,0,0,6831.82,1373.92,10.403813994450786
1860,L93829,L,301.33236455306985,310.64737735253755,2022,20.56,210,0,0,0,0,0,0,4353.44,4317.599999999999,9.315012799467695
1861,L59982,L,303.8786741673406,312.7542398007229,1595,34.21,14,0,0,0,0,0,0,5714.03,478.94,8.875565633382337
1862,L84486,L,299.36984672530764,309.3856936498264,1444,48.84,175,0,0,0,0,0,0,7385.36,8547.0,10.015846924518769
1863,L85713,L,300.16950156839533,309.0579489083528,1740,27.54,5,0,0,0,0,0,0,5018.13,137.7,8.888447339957452
1864,L62955,L,299.3228918607809,308.79712811623256,1276,68.07,77,1,0,0,1,0,0,9095.68,5241.389999999999,9.474236255451672
1865,M84671,M,302.63478625711025,310.19410900587457,1521,35.67,78,0,0,0,0,0,0,5681.47,2782.26,7.559322748764316
1866,L10804,L,298.41886794121234,308.468893487554,1561,36.68,122,0,0,0,0,0,0,5995.99,4474.96,10.050025546341658
1867,L13178,L,300.1749161292767,311.0500844963638,1250,71.74,145,1,0,0,1,0,0,9390.74,10402.3,10.875168367087099
1868,M89529,M,301.38142287416804,310.5997079901797,2117,18.42,193,0,0,0,0,0,0,4083.56,3555.0600000000004,9.218285116011657
1869,L22638,L,297.6555066196645,308.9378051643339,1670,28.41,20,0,0,0,0,0,0,4968.4,568.2,11.282298544669402
1870,L75497,L,297.9282683844768,307.5675429504219,1597,37.68,14,0,0,0,0,0,0,6301.51,527.52,9.63927456594513
1871,L47810,L,300.2046321239824,309.7021044282008,1488,46.27,98,0,0,0,0,0,0,7209.93,4534.46,9.497472304218434
1872,M80910,M,303.9325832147769,312.9768321855062,1494,42.73,101,0,0,0,0,0,0,6685.16,4315.73,9.044248970729313
1873,L69868,L,301.22605687120114,310.24118339821126,1558,41.19,132,0,0,0,0,0,0,6720.29,5437.08,9.015126527010125
1874,M16464,M,300.4566761423131,309.8545708336022,1397,55.0,89,0,0,0,0,0,0,8046.14,4895.0,9.397894691289139
1875,L40314,L,298.9722632704649,310.34655480386675,1509,36.6,64,0,0,0,0,0,0,5783.61,2342.4,11.374291533401845
1876,L73769,L,297.980592562627,308.44820987031835,1497,50.15,68,0,0,0,0,0,0,7861.79,3410.2,10.467617307691341
1877,M92938,M,302.3875794546819,311.2652186421494,1409,41.16,60,0,0,0,0,0,0,6073.16,2469.6,8.877639187467537
1878,L82412,L,300.31706974504993,311.4383464808068,1898,23.18,149,0,0,0,0,0,0,4607.21,3453.82,11.121276735756851
1879,H90266,H,299.1710394732164,310.24378126973346,1700,30.52,71,0,0,0,0,0,0,5433.28,2166.92,11.07274179651705
1880,H96096,H,299.1048698613648,308.835565962414,1657,35.77,183,0,0,0,0,0,0,6206.83,6545.910000000001,9.730696101049205
1881,M90478,M,303.3869825605868,311.44135809172445,1393,47.1,64,1,0,1,0,0,0,6870.69,3014.4,8.05437553113768
1882,L62241,L,298.5706527619908,308.2687938640381,1484,50.3,156,0,0,0,0,0,0,7816.83,7846.799999999999,9.698141102047316
1883,L40252,L,302.94518280231136,312.3388462674695,1485,42.42,111,0,0,0,0,0,0,6596.68,4708.62,9.393663465158113
1884,L55723,L,300.712173691678,310.54829394715927,1415,62.33,209,1,0,0,1,1,0,9235.96,13026.97,9.836120255481262
1885,L81611,L,297.95905283390346,308.009322394029,1396,43.1,38,0,0,0,0,0,0,6300.74,1637.8,10.050269560125571
1886,L48285,L,302.2320083401572,310.60673720082934,1376,47.88,158,1,0,1,0,0,0,6899.24,7565.04,8.374728860672121
1887,L84773,L,298.67237283246783,308.78226954102604,1859,24.78,56,0,0,0,0,0,0,4824.02,1387.68,10.10989670855821
1888,M73115,M,302.2239562021494,311.0503673708707,1676,32.32,80,0,0,0,0,0,0,5672.49,2585.6,8.826411168721279
1889,M28838,M,297.11265564933734,308.76854749327066,1463,56.92,132,0,0,0,0,0,0,8720.43,7513.4400000000005,11.655891843933318
1890,L92872,L,300.7651429869373,310.4128970135175,1441,41.32,200,0,0,0,0,0,0,6235.24,8264.0,9.64775402658023
1891,H86162,H,295.7229415210512,305.8541396569385,1411,52.4,0,0,0,0,0,0,0,7742.6,0.0,10.131198135887303
1892,L63977,L,298.10601841659417,308.2303779211617,1410,42.93,66,0,0,0,0,0,0,6338.82,2833.38,10.124359504567508
1893,L27469,L,301.8635692902308,310.7192302261151,1586,35.06,183,0,0,0,0,0,0,5822.96,6415.9800000000005,8.85566093588426
1894,L30455,L,297.04127723489404,307.9732384243796,1636,35.19,217,1,1,0,0,0,0,6028.8,7636.23,10.931961189485548
1895,L85549,L,303.268030375911,311.8752992676006,1315,62.58,43,1,0,1,0,0,0,8617.67,2690.94,8.607268891689614
1896,L11581,L,302.23020872788624,309.90818017615845,1317,52.44,138,1,0,1,0,0,0,7232.31,7236.719999999999,7.677971448272217
1897,L53524,L,303.21387767051823,311.5358252584496,1305,50.84,51,1,0,1,0,0,0,6947.76,2592.84,8.32194758793139
1898,L65719,L,299.15436225075746,308.71490782854795,1569,47.08,190,0,0,0,0,0,0,7735.49,8945.199999999999,9.560545577790492
1899,L30924,L,301.94600355417623,311.2236204740182,1517,39.82,28,0,0,0,0,0,0,6325.8,1114.96,9.27761691984199
1900,M87812,M,300.17091168496256,311.23852552109975,1389,65.91,135,1,0,0,1,0,0,9586.99,8897.85,11.067613836137184
1901,M57007,M,304.0334513113232,313.27707805758007,1511,46.72,149,0,0,0,0,0,0,7392.58,6961.28,9.243626746256894
1902,H15937,H,301.8285565446715,310.27950313557375,1614,31.1,43,0,0,0,0,0,0,5256.45,1337.3,8.45094659090222
1903,M38814,M,296.8723524332506,307.91732229232707,1840,24.58,214,0,0,0,0,0,0,4736.18,5260.12,11.044969859076446
1904,M45781,M,295.58439687262023,306.07227283841206,1653,27.92,111,0,0,0,0,0,0,4833.0,3099.1200000000003,10.48787596579183
1905,L30052,L,298.1742926022158,307.70581272765776,1645,35.54,196,0,0,0,0,0,0,6122.26,6965.84,9.531520125441943
1906,M94603,M,303.7606905652336,313.39355814306924,1433,48.56,107,0,0,0,0,0,0,7287.08,5195.92,9.632867577835668
1907,L42445,L,298.00388441208725,307.5086149683181,1436,45.8,184,0,0,0,0,0,0,6887.29,8427.199999999999,9.504730556230868
1908,L55150,L,302.0176786796584,311.0742591737356,1254,64.81,184,1,0,0,0,1,0,8510.76,11925.04,9.056580494077195
1909,L58172,L,297.2436196189802,308.375127897419,1397,39.21,142,0,0,0,0,0,0,5736.17,5567.82,11.131508278438844
1910,M29859,M,302.4522550003149,311.12040074279327,1337,60.61,85,0,0,0,0,0,0,8486.03,5151.85,8.668145742478373
1911,L61111,L,298.80634798544264,308.3623112691708,1539,43.71,45,0,0,0,0,0,0,7044.47,1966.95,9.555963283728147
1912,L41828,L,302.2611784849331,311.79069374813,1547,38.41,36,0,0,0,0,0,0,6222.48,1382.7599999999998,9.529515263196913
1913,L10928,L,303.0662230525838,310.9429101056825,1369,44.14,115,1,0,1,0,0,0,6327.97,5076.1,7.876687053098692
1914,M46732,M,298.8499408143164,308.64154922237867,1520,38.31,113,0,0,0,0,0,0,6097.96,4329.030000000001,9.791608408062245
1915,L62545,L,299.64283668442124,309.1315689401529,1400,58.42,196,1,0,0,0,1,0,8564.82,11450.32,9.488732255731634
1916,M20555,M,301.2342840921577,310.77070695377734,1554,34.03,141,0,0,0,0,0,0,5537.86,4798.2300000000005,9.536422861619656
1917,L80143,L,298.62607411693324,309.76203614922065,1182,65.66,200,1,0,0,0,1,0,8127.31,13132.0,11.13596203228741
1918,M69470,M,298.223041764111,307.6218444648368,1437,40.94,148,0,0,0,0,0,0,6160.74,6059.12,9.39880270072581
1919,L37896,L,297.86192559296967,308.0265650304772,1304,63.1,40,0,0,0,0,0,0,8616.59,2524.0,10.164639437507503
1920,L63294,L,297.82405768210367,309.1474207771379,1815,24.39,124,0,0,0,0,0,0,4635.72,3024.36,11.32336309503421
1921,L37328,L,298.96875155259403,308.3387699909526,1301,61.39,21,0,0,0,0,0,0,8363.8,1289.19,9.370018438358557
1922,M68294,M,302.82322868955845,311.0620650153638,1328,61.09,129,1,0,1,0,0,0,8495.65,7880.610000000001,8.23883632580538
1923,L23854,L,303.4694194563341,312.5678053804511,1384,50.81,159,0,0,0,0,0,0,7364.0,8078.79,9.098385924116997
1924,M64970,M,298.2354789321155,308.8798999717368,1356,52.91,66,0,0,0,0,0,0,7513.22,3492.06,10.644421039621307
1925,M14958,M,300.8933877481149,311.1015016511306,1302,61.28,90,0,0,0,0,0,0,8355.23,5515.2,10.208113903015715
1926,L11500,L,301.8569125603469,311.0066029029801,1438,42.64,222,0,0,0,0,0,0,6421.03,9466.08,9.149690342633164
1927,L32887,L,298.83002619132367,309.09480906593666,1408,65.71,190,1,0,0,1,1,0,9688.64,12484.9,10.26478287461299
1928,L25701,L,303.97793307906784,313.0293885517144,1484,39.13,151,0,0,0,0,0,0,6080.96,5908.63,9.05145547264658
1929,M54164,M,297.60394702410304,309.2278933351051,1444,47.62,139,0,0,0,0,0,0,7200.87,6619.179999999999,11.623946311002044
1930,L24901,L,297.18789133717155,307.70933511375114,1409,61.01,133,0,0,0,0,0,0,9002.03,8114.33,10.521443776579588
1931,L32000,L,300.4937006639349,310.9732481510051,1488,46.61,162,0,0,0,0,0,0,7262.91,7550.82,10.47954748707025
1932,L18815,L,303.5515689457777,311.79063021311714,1534,37.93,65,0,0,0,0,0,0,6093.08,2465.45,8.239061267339423
1933,L89821,L,303.1964177205187,311.34215716111856,1346,48.41,31,1,0,1,0,0,0,6823.52,1500.7099999999998,8.145739440599868
1934,L76192,L,300.4552211962151,311.83190207925423,1707,33.34,159,0,0,0,0,0,0,5959.75,5301.06,11.376680883039114
1935,L29589,L,300.3379881058248,310.6475784180893,1511,47.08,206,0,0,0,0,0,0,7449.54,9698.48,10.309590312264504
1936,L20812,L,300.9925074925622,311.12503794982484,1459,40.84,176,0,0,0,0,0,0,6239.79,7187.84,10.132530457262646
1937,L86521,L,298.596004631258,309.0439675736413,1307,58.61,9,0,0,0,0,0,0,8021.88,527.49,10.447962942383299
1938,L70136,L,301.76056787123434,311.0563672807682,2705,12.22,33,1,0,0,1,0,0,3461.52,403.26000000000005,9.295799409533856
1939,L89725,L,297.61872709791885,309.7081721156125,1502,41.21,176,0,0,0,0,0,0,6481.88,7252.96,12.089445017693663
1940,L26054,L,297.7038057391078,309.07765436407163,1882,25.87,197,1,1,0,0,0,0,5098.53,5096.39,11.373848624963841
1941,L42289,L,303.44704579175817,312.4138217059783,1385,45.97,129,0,0,0,0,0,0,6667.34,5930.13,8.966775914220136
1942,M20647,M,298.31137922316765,308.86347912740985,1619,25.59,44,0,0,0,0,0,0,4338.56,1125.96,10.552099904242198
1943,L48101,L,300.752650133917,310.39946120894666,1577,36.16,78,0,0,0,0,0,0,5971.57,2820.4799999999996,9.646811075029689
1944,L24627,L,297.9383560549514,309.1843630550855,1417,44.57,78,0,0,0,0,0,0,6613.65,3476.46,11.246007000134114
1945,L10373,L,302.9544388234982,311.3484460650211,1396,48.15,66,1,0,1,0,0,0,7038.99,3177.9,8.3940072415229
1946,L55755,L,299.48365725642986,310.993929511828,1794,24.89,194,0,0,0,0,0,0,4676.02,4828.66,11.51027225539815
1947,H98114,H,298.9097406958319,310.2569498748536,2068,19.91,133,0,0,0,0,0,0,4311.72,2648.03,11.347209179021718
1948,L68092,L,303.0909076533676,312.3635981961634,1585,35.31,147,0,0,0,0,0,0,5860.78,5190.570000000001,9.272690542795829
1949,M78122,M,300.9954540713569,311.2933455950231,1855,22.66,33,0,0,0,0,0,0,4401.82,747.78,10.29789152366618
1950,L83072,L,303.5401155721908,311.5951886105475,1395,57.25,186,1,0,1,0,0,0,8363.31,10648.5,8.055073038356682
1951,L97498,L,299.5067693880603,310.8127606753111,1455,38.0,162,0,0,0,0,0,0,5789.96,6156.0,11.305991287250777
1952,L21570,L,299.9294445210794,309.8860633245578,1293,59.88,165,0,0,0,0,0,0,8107.91,9880.2,9.95661880347842
1953,L32567,L,299.2868322044389,309.0920568840773,1830,22.49,81,0,0,0,0,0,0,4309.92,1821.6899999999998,9.8052246796384
1954,H65456,H,302.2215244239636,310.85107230740743,1374,48.51,132,1,0,1,0,0,0,6979.86,6403.32,8.62954788344382
1955,L83893,L,296.92583631559296,307.703115453612,1546,39.56,118,0,0,0,0,0,0,6404.64,4668.08,10.777279138019026
1956,L79644,L,299.0770565304504,308.3596623513769,1269,67.62,79,1,0,0,1,0,0,8985.98,5341.9800000000005,9.282605820926506
1957,L75486,L,303.50896754122215,311.6088158489586,1279,51.25,52,1,0,1,0,0,0,6864.25,2665.0,8.099848307736465
1958,L38116,L,303.35567640969185,312.51798879633344,1298,70.72,99,1,0,0,1,0,0,9612.7,7001.28,9.162312386641588
1959,L42835,L,301.2656360636962,310.82452655740803,1570,34.14,155,0,0,0,0,0,0,5612.96,5291.7,9.558890493711829
1960,M17174,M,301.12967380320293,310.000534980464,1688,34.83,33,0,0,0,0,0,0,6156.79,1149.3899999999999,8.870861177261077
1961,L38250,L,302.6197184791259,312.0571430763817,1441,48.73,72,0,0,0,0,0,0,7353.41,3508.56,9.437424597255813
1962,L24034,L,302.42314119137734,310.5608305281142,1462,41.46,151,0,0,0,0,0,0,6347.54,6260.46,8.137689336736855
1963,L94432,L,299.8674927647515,309.26203885665933,1520,45.02,215,0,0,0,0,0,0,7166.01,9679.300000000001,9.394546091907841
1964,L18240,L,297.47166438898665,308.1453859199153,1488,40.32,143,0,0,0,0,0,0,6282.78,5765.76,10.673721530928674
1965,M42706,M,298.81187346911304,308.871263472186,1761,27.6,37,0,0,0,0,0,0,5089.76,1021.2,10.059390003072963
1966,M89848,M,300.75821126421965,309.50350200461105,1410,50.77,160,0,0,0,0,0,0,7496.44,8123.200000000001,8.745290740391397
1967,L96025,L,298.8286066049805,308.9806272257166,1354,50.74,116,0,0,0,0,0,0,7194.45,5885.84,10.152020620736096
1968,H43902,H,296.58936632656963,307.574670021403,1384,62.52,99,1,0,0,1,0,0,9061.16,6189.4800000000005,10.985303694833362
1969,L51887,L,298.0483449999846,307.7258334711858,1542,37.51,202,0,0,0,0,0,0,6057.03,7577.0199999999995,9.67748847120123
1970,L57100,L,300.3955852836624,311.6758334811178,1445,46.46,55,0,0,0,0,0,0,7030.33,2555.3,11.280248197455421
1971,L83998,L,299.87169989074226,309.2123553857748,1356,52.83,34,0,0,0,0,0,0,7501.86,1796.22,9.340655495032536
1972,M79181,M,301.7631963254609,309.92632832037043,1337,61.16,184,1,0,1,0,0,0,8563.03,11253.439999999999,8.16313199490952
1973,L57169,L,300.71256280358654,310.62815146970723,1403,40.41,87,0,0,0,0,0,0,5937.11,3515.6699999999996,9.915588666120698
1974,L43434,L,300.5035904019565,311.9040951310114,1988,22.53,117,0,0,0,0,0,0,4690.36,2636.01,11.400504729054887
1975,L43513,L,301.33915725503743,311.01979939579746,1492,50.05,107,0,0,0,0,0,0,7819.91,5355.349999999999,9.680642140760028
1976,L68418,L,299.29238282716665,310.63553207075483,1567,38.35,170,0,0,0,0,0,0,6293.08,6519.5,11.343149243588186
1977,M85173,M,296.4728194606514,307.637525509513,1540,35.31,150,0,0,0,0,0,0,5694.39,5296.5,11.164706048861603
1978,L16901,L,300.4260727789874,311.76953949266493,1262,58.99,197,1,0,0,0,1,0,7795.9,11621.03,11.343466713677515
1979,M79194,M,299.58900993931303,309.18932003065,1407,47.57,59,0,0,0,0,0,0,7009.0,2806.63,9.60031009133695
1980,L53281,L,298.958640222936,308.8930275024221,1505,38.47,21,0,0,0,0,0,0,6063.0,807.87,9.934387279486089
1981,M23068,M,297.4204750094248,308.53928933142373,1624,31.83,81,0,0,0,0,0,0,5413.17,2578.23,11.118814321998912
1982,L18686,L,301.3327460637436,310.36932323539423,1361,43.27,135,0,0,0,0,0,0,6167.0,5841.450000000001,9.036577171650606
1983,L40333,L,299.0037256640586,310.3570963869734,1361,49.1,224,1,0,0,0,1,0,6997.91,10998.4,11.353370722914804
1984,L32345,L,303.9697524621516,312.7358695321443,1376,62.2,200,1,0,0,0,1,0,8962.67,12440.0,8.766117069992731
1985,L19370,L,301.5056828070483,310.7032898665659,1490,35.53,150,0,0,0,0,0,0,5543.83,5329.5,9.197607059517622
1986,H36400,H,302.165214926143,310.62535909713176,1423,48.95,116,0,0,0,0,0,0,7294.34,5678.200000000001,8.46014417098877
1987,H85033,H,299.7238057392752,309.0651233885085,1569,32.77,144,0,0,0,0,0,0,5384.28,4718.88,9.341317649233304
1988,L74581,L,295.70793395177634,306.4527908760025,1330,53.18,68,0,0,0,0,0,0,7406.77,3616.24,10.744856924226156
1989,H28813,H,302.20324618151784,311.6435953442784,1529,38.17,48,0,0,0,0,0,0,6111.65,1832.16,9.440349162760583
1990,L70668,L,302.03677078748893,311.09103250812046,1442,41.67,69,0,0,0,0,0,0,6292.42,2875.23,9.05426172063153
1991,L50652,L,302.3468870031307,311.3340129722894,1576,34.15,130,0,0,0,0,0,0,5636.06,4439.5,8.987125969158683
1992,M77236,M,299.8654387914361,309.2759066632564,1456,47.17,53,0,0,0,0,0,0,7192.1,2500.01,9.410467871820344
1993,M32255,M,298.3277992533084,309.26340933948734,1380,57.93,197,0,0,0,0,0,0,8371.65,11412.21,10.93561008617894
1994,L15557,L,297.01582045912744,307.5171604504987,1429,44.51,120,0,0,0,0,0,0,6660.68,5341.2,10.501339991371253
1995,L38155,L,302.41054411644967,310.97222747783275,1332,45.9,147,1,0,1,0,0,0,6402.44,6747.3,8.561683361383075
1996,L99451,L,302.5470413124839,311.8185454191389,1280,59.52,175,0,0,0,0,0,1,7978.14,10416.0,9.271504106655016
1997,L60024,L,302.13646049107655,311.5213992496448,1522,38.11,102,0,0,0,0,0,0,6074.1,3887.22,9.38493875856824
1998,H14897,H,300.8890151976698,309.47051350716055,1498,42.94,126,0,0,0,0,0,0,6736.01,5410.44,8.581498309490769
1999,M97784,M,300.13630138062445,311.52204755484865,1419,55.95,84,0,0,0,0,0,0,8314.02,4699.8,11.38574617422421
2000,M84316,M,304.165698313895,313.04960336851855,1397,48.09,215,1,1,0,0,0,0,7035.25,10339.35,8.88390505462354
